station_id,station_name,latitude,longitude,district_2024,charger_count,fast_charger_count,slow_charger_count,unknown_speed_count,public_charger_count,limited_charger_count,public_charger_ratio_percent,fast_charger_ratio_percent,representative_address,operator_name
ME174119,강화풍물시장 공영주차장,37.7404676,126.4919478,강화군,1,1,0,0,1,0,100.0,100.0,인천광역시 강화군 강화읍 갑곳리 849 고엽제전우회 건물 옆,환경부
ME174120,계산1택지 공영주차장,37.540182019,126.73630068,계양구,1,1,0,0,1,0,100.0,100.0,인천광역시 계양구 계산동 1060 구두수선방 옆,환경부
ME174125,㈜현대자동차 블루핸즈 서인천 서비스 주차장 입구,37.509973287,126.64197627,서구,1,1,0,0,1,0,100.0,100.0,인천광역시 서해구 원석로 160 주차장 입구 우측 완속충전기 옆,기후에너지환경부
ME174128,도원역 부근 공영주차장,37.467239217,126.64140301,중구,1,1,0,0,1,0,100.0,100.0,인천광역시 제물포구 도원동 5-7 주차장 입구,기후에너지환경부
ME181106,송도골프,37.414739803,126.65126359,연수구,2,2,0,0,2,0,100.0,100.0,인천광역시 연수구 능허대로 236,환경부
ME183080,덕산국민여가캠핑장,37.7175253,126.3808179,강화군,1,1,0,0,1,0,100.0,100.0,인천광역시 강화군 내가면 고천리 산494,환경부
ME184082,인천시청,37.455605,126.704138,남동구,1,1,0,0,1,0,100.0,100.0,인천광역시 남동구 정각로 29,환경부
ME184083,송도컨벤시아,37.3891519,126.6465433,연수구,1,1,0,0,1,0,100.0,100.0,"인천광역시 연수구 센트럴로 123 , 지하주차장 1층",환경부
ME18B188,온수리 공영 주차장,37.63936,126.49185,강화군,1,1,0,0,1,0,100.0,100.0,인천광역시 강화군 길상면 온수리 546-34,환경부
ME18B189,모탱이공원,37.561762889,126.75501295,계양구,1,1,0,0,1,0,100.0,100.0,인천광역시 계양구 동양동 607-1,환경부
ME18B190,현대시장 공영주차장,37.4770884,126.6470791,동구,1,1,0,0,1,0,100.0,100.0,인천광역시 제물포구 송림동 49-172,기후에너지환경부
ME18B191,인천나비공원 주차장,37.52066,126.69698,부평구,1,1,0,0,1,0,100.0,100.0,인천광역시 부평구 청천동 125-3,환경부
ME18B192,가좌2동 행정복지센터,37.490759,126.6852272,서구,1,1,0,0,1,0,100.0,100.0,인천광역시 서해구 가좌동 30-105,기후에너지환경부
ME18B193,이마트 동인천점,37.46648,126.62911,중구,1,1,0,0,1,0,100.0,100.0,인천광역시 제물포구 인중로 134,기후에너지환경부
ME18B194,인천공항물류단지 행정지원센터,37.479452511,126.47769637,중구,1,1,0,0,1,0,100.0,100.0,인천광역시 영종구 공항동로 296번길 69,기후에너지환경부
ME18B195,월미공원 제2주차장,37.4772813,126.5987024,중구,1,1,0,0,1,0,100.0,100.0,인천광역시 제물포구 북성동1가 97-32,기후에너지환경부
ME18B196,신기남부종합시장 주차장,37.4464524,126.6784408,미추홀구,1,1,0,0,1,0,100.0,100.0,인천광역시 미추홀구 주안동 1311-17,환경부
ME18B197,인천교통공사 본사,37.47002,126.7089,남동구,1,1,0,0,1,0,100.0,100.0,인천광역시 남동구 경인로 674,환경부
ME18B198,부평깡시장 공영주차장,37.49901,126.72673,부평구,1,1,0,0,1,0,100.0,100.0,인천광역시 부평구 부흥로 315,환경부
ME18B199,갈산역 공영주차장,37.5155424,126.7237655,부평구,1,1,0,0,1,0,100.0,100.0,인천광역시 부평구 갈산동 192,환경부
ME18B291,서운체육공원 주차장,37.530983535,126.74587044,계양구,2,2,0,0,2,0,100.0,100.0,인천광역시 계양구 서운동 207,환경부
ME18B292,열우물경기장,37.47881511,126.6926361,부평구,2,2,0,0,2,0,100.0,100.0,인천광역시 부평구 십정동 109-2,환경부
ME18B293,로봇타워,37.5280515,126.6081737,서구,2,2,0,0,2,0,100.0,100.0,인천광역시 서해구 로봇랜드로 155-11,기후에너지환경부
ME18B294,청라중앙호수공원 2주차장,37.527265,126.63678,서구,2,2,0,0,2,0,100.0,100.0,인천광역시 서해구 경서동 638-5,기후에너지환경부
ME18B295,서곶근린공원 제1주차장,37.54766783,126.68108195,서구,2,2,0,0,2,0,100.0,100.0,인천광역시 서해구 연희동 산150-5,기후에너지환경부
ME18B296,아트센터인천,37.39439,126.62722,연수구,2,2,0,0,2,0,100.0,100.0,인천광역시 연수구 아트센터대로 222,환경부
ME18B297,연수구청,37.4104617,126.6782309,연수구,2,2,0,0,2,0,100.0,100.0,인천광역시 연수구 원인재로 115,기후에너지환경부
ME18B298,십리포해수욕장 주차장,37.28163,126.48604,옹진군,2,2,0,0,2,0,100.0,100.0,인천광역시 옹진군 영흥면 영흥북로 382,환경부
ME18B299,인천아시안게임 남동경기장 1주차장,37.43936,126.73344,남동구,2,2,0,0,2,0,100.0,100.0,인천광역시 남동구 수산동 394-54,환경부
ME18B300,소래제1주차장,37.3977887,126.7360483,남동구,2,2,0,0,2,0,100.0,100.0,인천광역시 남동구 논현동 754-4,환경부
ME18B307,인천광역시 교통연수원,37.543593727,126.71650349,계양구,3,3,0,0,3,0,100.0,100.0,인천광역시 계양구 경명대로 990,환경부
ME18B409,인천아시아드주경기장 D1주차장,37.5497931,126.6685351,서구,4,4,0,0,4,0,100.0,100.0,인천광역시 서해구 연희동 187-8,기후에너지환경부
ME18B601,늘솔길공원 3주차장,37.387952594,126.7218022,남동구,2,2,0,0,2,0,100.0,100.0,인천광역시 남동구 논현동 762-3,환경부
ME18B602,남동복지관,37.44776,126.73315,남동구,2,2,0,0,2,0,100.0,100.0,인천광역시 남동구 소래로 645,환경부
ME18B603,서창2호 공영주차장,37.43573,126.74745,남동구,2,2,0,0,2,0,100.0,100.0,인천광역시 남동구 서창동 558-3,환경부
ME18B604,롯데마트 영종도점,37.4925552,126.4910728,중구,2,2,0,0,2,0,100.0,100.0,인천광역시 영종구 흰바위로 51,기후에너지환경부
ME18B605,인천서구청,37.544744813,126.6762323,서구,2,2,0,0,2,0,100.0,100.0,인천광역시 서해구 서곶로 307,기후에너지환경부
ME18B606,인천서구청소년수련관,37.51786945,126.65928097,서구,2,2,0,0,2,0,100.0,100.0,인천광역시 서해구 원창로 92,기후에너지환경부
ME19A161,계산3동행정복지센터 주차장,37.5378195,126.7295426,계양구,1,1,0,0,1,0,100.0,100.0,인천광역시 계양구 계산새로 7,환경부
ME19A162,동화마을 공영주차장,37.479081799999,126.618664599,중구,1,1,0,0,1,0,100.0,100.0,인천광역시 제물포구 송월동2가 4,기후에너지환경부
ME19A163,영종역남부 공영주차장,37.510709027,126.52374411,중구,1,1,0,0,1,0,100.0,100.0,인천광역시 영종구 운북동 464,기후에너지환경부
ME19A167,국립생물자원관,37.565291158,126.63721531,서구,1,1,0,0,1,0,100.0,100.0,인천광역시 검단구 환경로 42,기후에너지환경부
ME19A169,영종 하늘문화센터,37.495827059941,126.4728318398,중구,1,1,0,0,1,0,100.0,100.0,인천광역시 영종구 영종해안북로 1000-26,기후에너지환경부
ME19A255,강화경기장,37.7550888,126.468875,강화군,2,2,0,0,2,0,100.0,100.0,인천광역시 강화군 강화읍 강화대로 603,환경부
ME19A256,대룡리 공영주차장,37.781760000002,126.2785154,강화군,2,2,0,0,2,0,100.0,100.0,인천광역시 강화군 교동면 대룡리 466-19,기후에너지환경부
ME19A257,문화예술회관공영주차장,37.4440215,126.69963189999,남동구,2,2,0,0,2,0,100.0,100.0,인천광역시 남동구 예술로 149,기후에너지환경부
ME19A258,근로복지공단 인천북부지사,37.478913999999,126.753177999,부평구,2,2,0,0,2,0,100.0,100.0,인천광역시 부평구 무네미로 478,환경부
ME19A259,인천환경공단 가좌사업소,37.4978561,126.64765399999,서구,2,2,0,0,2,0,100.0,100.0,인천광역시 서해구 중봉대로211,기후에너지환경부
ME19A260,여성의광장,37.412327,126.6654825,연수구,2,2,0,0,2,0,100.0,100.0,인천광역시 연수구 앵고개로 183,환경부
ME19A261,송도컨벤시아,37.3891519,126.6465433,연수구,2,2,0,0,2,0,100.0,100.0,인천광역시 연수구 센트럴로 123,환경부
ME19A262,시립박물관주변 공영주차장,37.421396,126.652185799,연수구,2,2,0,0,2,0,100.0,100.0,인천광역시 연수구 청량로 165,환경부
ME19A263,월미도 공영주차장,37.475313602,126.60174262,중구,2,2,0,0,2,0,100.0,100.0,인천광역시 제물포구 반달로 20,기후에너지환경부
ME19A264,인천환경공단 운북사업소,37.51371730587,126.497041025,중구,2,2,0,0,2,0,100.0,100.0,인천광역시 영종구 영종해안북로 1204번길 105,기후에너지환경부
ME19A267,왕산 공영주차장,37.456969724,126.37163066,중구,2,2,0,0,2,0,100.0,100.0,인천광역시 영종구 을왕동 808-5,기후에너지환경부
ME19A268,정부인천지방합동청사,37.4694892,126.6610145,미추홀구,2,2,0,0,2,0,100.0,100.0,인천광역시 미추홀구 석정로 239,기후에너지환경부
ME19A271,삼산월드체육관,37.5078088,126.7382491,부평구,2,2,0,0,2,0,100.0,100.0,인천광역시 부평구 체육관로 60,환경부
ME19A272,한국폴리텍대학 남인천캠퍼스,37.47209467254,126.677284714,미추홀구,2,2,0,0,2,0,100.0,100.0,인천광역시 미추홀구 염전로333번길 23,환경부
ME19A275,롯데마트 인천터미널점,37.4429456,126.7013992,미추홀구,2,2,0,0,2,0,100.0,100.0,인천광역시 미추홀구 연남로 35,기후에너지환경부
ME19C262,지산입구(용진) 버스정류장 옆 주차장,37.714046,126.5121563,강화군,2,2,0,0,2,0,100.0,100.0,인천광역시 강화군 선원면 지산리 255-1,환경부
ME19Y222,연수 공영주차장,37.422676742,126.69751737,연수구,2,2,0,0,2,0,100.0,100.0,인천광역시 연수구 경원대로 429,기후에너지환경부
ME19Y258,선재어촌계,37.232786,126.537299,옹진군,2,2,0,0,2,0,100.0,100.0,인천광역시 옹진군 영흥면 선재로 5,환경부
ME19Y259,장경리주차장,37.272469,126.453835,옹진군,2,2,0,0,2,0,100.0,100.0,인천광역시 옹진군 영흥면 영흥로 723,환경부
ME20A1b1,강화군시설관리공단,37.7379917,126.5119556,강화군,1,1,0,0,1,0,100.0,100.0,인천광역시 강화군 강화읍 용정리 1074-4,환경부
ME20A1b2,강화도서관,37.74910788,126.48346552,강화군,1,1,0,0,1,0,100.0,100.0,인천광역시 강화군 강화읍 관청리 580-8,환경부
ME20A1b3,강화읍 갑곳 공영주차장,37.7421874,126.5054591,강화군,1,1,0,0,1,0,100.0,100.0,인천광역시 강화군 강화읍 갑곳리 462-3,환경부
ME20A1b4,교동면사무소,37.7841044,126.2828388,강화군,1,1,0,0,1,0,100.0,100.0,인천광역시 강화군 교동면 교동동로 485-13,환경부
ME20A1b5,불은면사무소,37.6864076,126.4796574,강화군,1,1,0,0,1,0,100.0,100.0,인천광역시 강화군 불은면 강화동로 562-3,환경부
ME20A1b6,삼산면사무소,37.7051506,126.3198067,강화군,1,1,0,0,1,0,100.0,100.0,인천광역시 강화군 삼산면 석모리 238,환경부
ME20A1b7,"양도면사무소, 보건지소",37.66288936,126.42211183,강화군,1,1,0,0,1,0,100.0,100.0,인천광역시 강화군 양도면 강화남로 708-2,환경부
ME20A1b8,양사면사무소,37.79818044,126.40864674,강화군,1,1,0,0,1,0,100.0,100.0,인천광역시 강화군 양사면 전망대로 1391,환경부
ME20A1b9,샛별공영주차장,37.531708877,126.71064555,계양구,1,1,0,0,1,0,100.0,100.0,인천광역시 계양구 안남로 543,환경부
ME20A1c0,인천광역시농업기술센터,37.534358904,126.74430612,계양구,1,1,0,0,1,0,100.0,100.0,인천광역시 계양구 서운동 207-1,환경부
ME20A1c1,간석2동 행정복지센터 1층 주차장,37.464013,126.71099,남동구,1,1,0,0,1,0,100.0,100.0,인천광역시 남동구 남동대로916번길 47,환경부
ME20A1c2,논현1동 행정복지센터 지상주차장 (인천),37.405593,126.729516,남동구,1,1,0,0,1,0,100.0,100.0,인천광역시 남동구 소래역로 115,환경부
ME20A1c3,한국교통안전공단 인천자동차검사소,37.4410511,126.6376686,미추홀구,1,1,0,0,1,0,100.0,100.0,인천광역시 미추홀구 아암대로 253번길 81,환경부
ME20A1c4,연수역 북부 공영주차장,37.419539,126.676446,연수구,1,1,0,0,1,0,100.0,100.0,인천광역시 연수구 연수동 587,환경부
ME20A1c5,함박종합사회복지관,37.425984,126.687375,연수구,1,1,0,0,1,0,100.0,100.0,인천광역시 연수구 함박안로 217,환경부
ME20A1c6,인천적십자병원,37.4184847,126.6892471,연수구,1,1,0,0,1,0,100.0,100.0,인천광역시 연수구 원인재로 263,환경부
ME20A281,강화읍 관청 제1공영주차장,37.7517439,126.4792513,강화군,2,2,0,0,2,0,100.0,100.0,인천광역시 강화군 강화읍 관청리 931,환경부
ME20A283,용진진주차장,37.7097745,126.51422041,강화군,2,2,0,0,2,0,100.0,100.0,인천광역시 강화군 선원면 지산리 216-6,환경부
ME20A285,한국산업인력공단 인천지사,37.4083131,126.6923337,남동구,2,2,0,0,2,0,100.0,100.0,인천광역시 남동구 남동서로209,환경부
ME20A286,서구청 제1공영주차장,37.545976,126.675636,서구,2,2,0,0,2,0,100.0,100.0,인천광역시 서해구 탁옥로 51번길 26,기후에너지환경부
ME20A287,청라사업소,37.5280476,126.6081269,서구,2,2,0,0,2,0,100.0,100.0,인천광역시 서해구 경서동 673-6,기후에너지환경부
ME20A288,인천광역시중구청사,37.4733161,126.6219716,중구,2,2,0,0,2,0,100.0,100.0,인천광역시 제물포구 신포로27번길80,기후에너지환경부
ME20A302,인천스타트업파크,37.3879068,126.6396618,연수구,3,3,0,0,3,0,100.0,100.0,인천광역시 연수구 컨벤시아대로 204,환경부
ME21A143,청라복합문화센터,37.5248064,126.6338018,서구,1,1,0,0,1,0,100.0,100.0,인천광역시 서해구 청라대로 26,기후에너지환경부
ME21B181,부평2동행정복지센터,37.487543,126.7170935,부평구,1,1,0,0,1,0,100.0,100.0,인천광역시 부평구 부영로 23,환경부
ME21B1D1,송도체육센터,37.3867731,126.669634,연수구,1,1,0,0,1,0,100.0,100.0,인천광역시 연수구 송도과학로51번길 80,환경부
ME21B1D3,강화군국민체육센터,37.7538053,126.4698464,강화군,1,1,0,0,1,0,100.0,100.0,인천광역시 강화군 강화읍 강화대로 591,환경부
ME21B1D5,연수 벚꽃로 공영주차장,37.4170001,126.6793662,연수구,1,1,0,0,1,0,100.0,100.0,인천광역시 연수구 연수동 벚꽃로 123,환경부
ME21B1D6,청학동 제2공영주차장,37.4274142,126.662192,연수구,1,1,0,0,1,0,100.0,100.0,인천광역시 연수구 청학동 90-5,환경부
ME21B227,벽돌막 공영주차장,37.4688559,126.7006419,부평구,2,2,0,0,2,0,100.0,100.0,인천광역시 부평구 열우물로 8,환경부
ME21B228,인천서부경찰서,37.5439122,126.6781294,서구,2,2,0,0,2,0,100.0,100.0,인천광역시 서해구 탁옥로 77,기후에너지환경부
ME21B229,인천삼산경찰서,37.5105479,126.7326369,부평구,2,2,0,0,2,0,100.0,100.0,인천광역시 부평구 굴포로 104,환경부
ME21B232,강화군청 부설주차장(2층 야외주차장),37.7467102,126.4886517,강화군,2,2,0,0,2,0,100.0,100.0,인천광역시 강화군 강화읍 관청리 201-3,기후에너지환경부
ME21B310,인천미추홀경찰서,37.4426672,126.6537692,미추홀구,3,3,0,0,3,0,100.0,100.0,인천광역시 미추홀구 매소홀로290번길 32,환경부
ME21C235,근로복지공단 인천병원,37.4772769,126.752741,부평구,2,2,0,0,2,0,100.0,100.0,인천광역시 부평구 무네미로 446,환경부
ME21C236,인천국민안전체험관,37.5219804,126.6761204,서구,2,2,0,0,2,0,100.0,100.0,인천광역시 서해구 봉오재1로 120,기후에너지환경부
ME21C2A8,경인항 인천터미널 아라뱃길 충전소,37.557878,126.608404,서구,2,2,0,0,2,0,100.0,100.0,인천광역시 검단구 정서진1로 41,기후에너지환경부
ME21D049,계양구 공영주차장,37.5306878,126.7245089,계양구,1,1,0,0,1,0,100.0,100.0,인천광역시 계양구 봉오대로 679-1,환경부
ME21D050,인천서구청 제1주차장,37.5459352,126.6755823,서구,1,1,0,0,1,0,100.0,100.0,인천광역시 서해구 탁옥로51번길 26,기후에너지환경부
ME21E225,강화경찰서,37.7475591,126.4873101,강화군,2,2,0,0,2,0,100.0,100.0,인천광역시 강화군 강화읍 동문안길 17,환경부
ME22A328,강화군청 공영주차장,37.7466966,126.488645,강화군,2,2,0,0,2,0,100.0,100.0,인천광역시 강화군 강화읍 관청리 201-3,기후에너지환경부
ME22A329,풍물시장 부설주차장,37.7404859,126.4920126,강화군,2,2,0,0,2,0,100.0,100.0,인천광역시 강화군 강화읍 중앙로 17-9,환경부
ME22A330,강화읍 남문공영주차장,37.7449392,126.4867038,강화군,2,2,0,0,2,0,100.0,100.0,인천광역시 강화군 강화읍 신문리 4-5,환경부
ME22A331,갑곶돈대,37.7333378,126.5155285,강화군,2,2,0,0,2,0,100.0,100.0,인천광역시 강화군 강화읍 갑곳리 225-9,환경부
ME22A332,인천어린이과학관,37.5517478,126.7391694,계양구,2,2,0,0,2,0,100.0,100.0,인천광역시 계양구 방축로 21 (방축동),환경부
ME22A333,남인천영업소,37.4327241,126.765047,남동구,2,2,0,0,2,0,100.0,100.0,인천광역시 남동구 운연동 443,환경부
ME22A334,도화1동 제4노외주차장,37.4641169,126.666388,미추홀구,2,2,0,0,2,0,100.0,100.0,인천광역시 미추홀구 도화동 597-122,환경부
ME22A335,인천연수경찰서,37.4101174,126.6802885,연수구,2,2,0,0,2,0,100.0,100.0,인천광역시 연수구 원인재로 138,환경부
ME22A606,인천대공원사업소 충전소,37.4588255,126.7502402,남동구,4,4,0,0,4,0,100.0,100.0,인천광역시 남동구 무네미로 238,환경부
ME22B903,인천공항 졸음쉼터,37.5691052,126.6622963,서구,3,3,0,0,3,0,100.0,100.0,인천광역시 서해구 인천국제공항고속도로 24(검암동),기후에너지환경부
ME22C122,남청라영업소,37.5152149,126.6207346,서구,1,1,0,0,1,0,100.0,100.0,인천광역시 서해구 청라동 194-2,기후에너지환경부
ME22C123,계양종합사회복지관,37.5257589,126.7498742,계양구,1,1,0,0,1,0,100.0,100.0,인천광역시 계양구 아나지로 517,환경부
ME22C124,인천어린이과학관,37.5517478,126.7391694,계양구,1,1,0,0,1,0,100.0,100.0,인천광역시 계양구 방축로 21 (방축동),환경부
ME22C1C3,부개역 공영주차장,37.4890017,126.7393101,부평구,1,1,0,0,1,0,100.0,100.0,인천광역시 부평구 부개동 515,환경부
ME22C1C4,동화마을 공영주차장,37.478954,126.6189354,중구,1,1,0,0,1,0,100.0,100.0,인천광역시 제물포구 송월동2가 4,기후에너지환경부
ME22C1C5,소래제2 공영주차장,37.3997332,126.7345354,남동구,1,1,0,0,1,0,100.0,100.0,인천광역시 남동구 논현동 750-2,환경부
ME22C1C6,소래제3 공영주차장,37.4009434,126.7320213,남동구,1,1,0,0,1,0,100.0,100.0,인천광역시 남동구 논현동 749-3,환경부
ME22C1C7,동일방직 옆 공영주차장,37.4832929,126.6203586,동구,1,1,0,0,1,0,100.0,100.0,인천광역시 제물포구 만석동 36-5,기후에너지환경부
ME22C1C8,동인천 공영주차장,37.473246,126.6332998,중구,1,1,0,0,1,0,100.0,100.0,인천광역시 제물포구 경동 142-3,기후에너지환경부
ME22C1C9,수문통 공영주차장,37.4788495,126.6334984,동구,1,1,0,0,1,0,100.0,100.0,인천광역시 제물포구 송현동 66-785,기후에너지환경부
ME22C213,소래제1 공영주차장,37.3975846,126.7357678,남동구,2,2,0,0,2,0,100.0,100.0,인천광역시 남동구 논현동 754-3,환경부
ME22C263,인천계양경찰서,37.5378868,126.7356647,계양구,2,2,0,0,2,0,100.0,100.0,인천광역시 계양구 계산새로 68,환경부
ME22C264,인천논현경찰서,37.4031652,126.7151832,남동구,2,2,0,0,2,0,100.0,100.0,인천광역시 남동구 논현고잔로 239,환경부
ME22C265,차이나타운공영주차장,37.476269,126.6182593,중구,2,2,0,0,2,0,100.0,100.0,인천광역시 제물포구 북성동2가 12-36,기후에너지환경부
ME22C266,소래제5 공영주차장,37.4012731,126.7388837,남동구,2,2,0,0,2,0,100.0,100.0,인천광역시 남동구 논현동 66-99,환경부
ME22C267,인하대병원사거리공영주차장,37.458401,126.6360599,중구,2,2,0,0,2,0,100.0,100.0,인천광역시 제물포구 신흥동3가 7-317,기후에너지환경부
ME22C268,경동공영주차장,37.4712304,126.6307368,중구,2,2,0,0,2,0,100.0,100.0,인천광역시 제물포구 경동 230-39,기후에너지환경부
ME22C269,구인천여고 공영주차장,37.4774448,126.6297755,중구,2,2,0,0,2,0,100.0,100.0,인천광역시 제물포구 참외전로 100 (전동),기후에너지환경부
ME22C270,인천출입국외국인청,37.4620217,126.6317642,중구,2,2,0,0,2,0,100.0,100.0,인천광역시 제물포구 항동7가 1-12,기후에너지환경부
ME22C271,인천지방해양수산청,37.4589366,126.6294555,중구,2,2,0,0,2,0,100.0,100.0,인천광역시 제물포구 서해대로 365-1,기후에너지환경부
ME22C301,인천중부경찰서,37.4725743,126.6189447,중구,3,3,0,0,3,0,100.0,100.0,인천광역시 제물포구 제물량로 237,기후에너지환경부
ME22D154,서창5호 공영주차장,37.4342432,126.7512935,남동구,1,1,0,0,1,0,100.0,100.0,인천광역시 남동구 서창동 567-4,환경부
ME22D1B4,검단제1 공영주차장,37.601586,126.6611015,서구,1,1,0,0,1,0,100.0,100.0,인천광역시 검단구 마전동 986 인천광역시 서구 마전동 986,기후에너지환경부
ME22D1C2,장기파출소,37.5764971,126.7345087,계양구,1,1,0,0,1,0,100.0,100.0,인천광역시 계양구 장기서로 6,환경부
ME22D201,계산택지1 공영주차장,37.5408619,126.7371416,계양구,2,2,0,0,2,0,100.0,100.0,인천광역시 계양구 계양문화로 111,환경부
ME23A221,신문 제2 공영주차장,37.7478132,126.4796606,강화군,2,2,0,0,2,0,100.0,100.0,인천광역시 강화군 강화읍 향나무길 8,환경부
ME23A222,월미도제2공영주차장,37.477315,126.5986338,중구,2,2,0,0,2,0,100.0,100.0,인천광역시 제물포구 북성동1가 97-32,기후에너지환경부
ME23B103,송림체육관,37.4856317,126.6472143,동구,1,1,0,0,1,0,100.0,100.0,인천광역시 제물포구 염전로 30 인천광역시 동구 염전로 30,기후에너지환경부
ME23B105,장수2호 공영주차장,37.4509027,126.7540537,남동구,1,1,0,0,1,0,100.0,100.0,인천광역시 남동구 장수동 779-13,환경부
ME23B106,돌산마루 제1호 공영주차장,37.4647634,126.7183955,남동구,1,1,0,0,1,0,100.0,100.0,인천광역시 남동구 간석동 940-1,환경부
ME23B107,약산제1호 공영주차장,37.468024,126.7122219,남동구,1,1,0,0,1,0,100.0,100.0,인천광역시 남동구 간석동 86-2,환경부
ME23B108,용현5동 행정복지센터,37.4527668,126.6405751,미추홀구,1,1,0,0,1,0,100.0,100.0,인천광역시 미추홀구 토금북로 60,환경부
ME23B162,초지진,37.6318212,126.5318499,강화군,1,1,0,0,1,0,100.0,100.0,인천광역시 강화군 길상면 초지리 1251-323,환경부
ME23B174,노인복지회관 앞 공영주차장,37.4674635,126.6337541,중구,1,1,0,0,1,0,100.0,100.0,인천광역시 제물포구 신흥동2가 16-2 인천광역시 중구 신흥동2가 16-2,기후에너지환경부
ME23B175,장수1호 공영주차장,37.4518511,126.7512533,남동구,1,1,0,0,1,0,100.0,100.0,인천광역시 남동구 장수동 767-12,환경부
ME23B176,차이나타운공영주차장(1층),37.4760515,126.6183831,중구,1,1,0,0,1,0,100.0,100.0,인천광역시 제물포구 차이나타운로44번길 28-12 (북성동2가) 인천광역시 중구 차이나타운로44번길 28-12 (북성동2가),기후에너지환경부
ME23B177,차이나타운공영주차장(2층),37.4760515,126.6183831,중구,1,1,0,0,1,0,100.0,100.0,인천광역시 제물포구 차이나타운로44번길 28-12 (북성동2가) 인천광역시 중구 차이나타운로44번길 28-12 (북성동2가),기후에너지환경부
ME23B178,내동공영주차장,37.47227,126.6269662,중구,1,1,0,0,1,0,100.0,100.0,인천광역시 제물포구 내동 108 인천광역시 중구 내동 108,기후에너지환경부
ME23B179,전동공영주차장,37.4756599,126.6265278,중구,1,1,0,0,1,0,100.0,100.0,인천광역시 제물포구 전동 31-3 인천광역시 중구 전동 31-3,기후에너지환경부
ME23B184,관청근린공원주차장,37.7463853,126.4931925,강화군,1,1,0,0,1,0,100.0,100.0,인천광역시 강화군 강화읍 관청리 84-1,환경부
ME23B185,신문리 공영주차장,37.7472429,126.4787793,강화군,1,1,0,0,1,0,100.0,100.0,인천광역시 강화군 강화읍 신문리 593-1,환경부
ME23B1A9,서창3호 공영주차장,37.4329066,126.7518527,남동구,1,1,0,0,1,0,100.0,100.0,인천광역시 남동구 서창동 575-1,환경부
ME23B1B0,진주4호 공영주차장,37.4582453,126.7258168,남동구,1,1,0,0,1,0,100.0,100.0,인천광역시 남동구 만수동 895-4,기후에너지환경부
ME23B1B1,독점 공영주차장,37.4508063,126.7121954,남동구,1,1,0,0,1,0,100.0,100.0,인천광역시 남동구 구월동 1210-16,환경부
ME23B1C7,인천공항파출소,37.4695092,126.4507804,중구,1,1,0,0,1,0,100.0,100.0,인천광역시 영종구 흰바위로27번길 12 인천광역시 중구 흰바위로27번길 12,기후에너지환경부
ME23B214,강화풍물시장 주차장,37.7420767,126.4919091,강화군,2,2,0,0,2,0,100.0,100.0,인천광역시 강화군 강화읍 중앙로 17-13,환경부
ME24A249,인천환경공단 남항사업소,37.4348027,126.6296132,중구,2,2,0,0,2,0,100.0,100.0,인천광역시 제물포구 서해대로94번길 93,기후에너지환경부
ME24A250,북도면사무소,37.5326763,126.4296267,옹진군,2,2,0,0,2,0,100.0,100.0,인천광역시 옹진군 북도면 시도로 82,환경부
ME24A251,신도바다역,37.5150769,126.4388447,옹진군,2,2,0,0,2,0,100.0,100.0,인천광역시 옹진군 북도면 신도로 5-1,환경부
ME24B148,자월면사무소,37.254528,126.307363,옹진군,1,1,0,0,1,0,100.0,100.0,인천광역시 옹진군 자월면 자월서로164,환경부
ME24B149,덕적면사무소,37.227776,126.145227,옹진군,1,1,0,0,1,0,100.0,100.0,인천광역시 옹진군 덕적면 덕적북로 122-26,환경부
ME24B150,영흥화력사택,37.250229174,126.45489822,옹진군,1,1,0,0,1,0,100.0,100.0,인천광역시 옹진군 영흥면 영흥남로369번길 22,기후에너지환경부
ME24B151,덕적친환경에너지홍보관,37.238704,126.119842,옹진군,1,1,0,0,1,0,100.0,100.0,인천광역시 옹진군 덕적면 덕적남로 591,환경부
ME24B209,인천환경공단 가좌사업소,37.496672,126.645047,서구,2,2,0,0,2,0,100.0,100.0,인천광역시 서해구 중봉대로211,기후에너지환경부
ME25A110,한국산업단지공단 후생시설,37.4083862,126.695957,남동구,1,1,0,0,1,0,100.0,100.0,인천광역시 남동구 남동대로239번길 68 (논현동),환경부
ME25A112,강화읍 갑곳 공영주차장,37.7425329,126.5041544,강화군,1,1,0,0,1,0,100.0,100.0,인천광역시 강화군 강화읍 갑곳리 470-7,기후부
ME25A113,강화읍 갑곳 제1공영주차장,37.7393849,126.5068141,강화군,1,1,0,0,1,0,100.0,100.0,인천광역시 강화군 강화읍 갑곳리 643,환경부
ME25A114,산성안 공영주차장,37.7504205,126.4872642,강화군,1,1,0,0,1,0,100.0,100.0,인천광역시 강화군 강화읍 관청리 250-3,환경부
ME25A115,강화읍 중앙시장B동 주차장,37.7488001,126.4835818,강화군,1,1,0,0,1,0,100.0,100.0,인천광역시 강화군 강화읍 관청리 523-1,환경부
ME25A116,관청근린공원 주차장,37.7460688,126.4930044,강화군,1,1,0,0,1,0,100.0,100.0,인천광역시 강화군 강화읍 관청리 85-3,환경부
ME25A117,강화공설운동장 제1주차장,37.7472598,126.4728685,강화군,1,1,0,0,1,0,100.0,100.0,인천광역시 강화군 강화읍 국화리 224-1,기후부
ME25A119,강화종합전시관 주차장,37.7429342,126.4875845,강화군,1,1,0,0,1,0,100.0,100.0,인천광역시 강화군 강화읍 남산리 25-3,기후부
ME25A121,강화읍 신문 제3 공영주차장,37.7437447,126.4810115,강화군,1,1,0,0,1,0,100.0,100.0,인천광역시 강화군 강화읍 신문리 480-7,기후부
ME25A123,E-share 강화군장애인복지관,37.7355122,126.4816011,강화군,1,1,0,0,1,0,100.0,100.0,인천광역시 강화군 강화읍 남산리 357-4,기후부
ME25A125,길상면 주민복합센터,37.6424719,126.4895685,강화군,1,1,0,0,1,0,100.0,100.0,인천광역시 강화군 길상면 마니산로 21,환경부
ME25A134,삼산면 주민자치센터,37.7055587,126.3202336,강화군,1,1,0,0,1,0,100.0,100.0,인천광역시 강화군 삼산면 석모리 1541,환경부
ME25A139,양사면 교산리 공영주차장,37.798412,126.4067982,강화군,1,1,0,0,1,0,100.0,100.0,인천광역시 강화군 양사면 전망대로 1392,환경부
ME25A140,강화평화전망대 주차장,37.825308,126.4342313,강화군,1,1,0,0,1,0,100.0,100.0,인천광역시 강화군 양사면 철산리 11-44,기후부
ME25A142,동막해변 제1공영주차장(노외),37.5943318,126.4588242,강화군,1,1,0,0,1,0,100.0,100.0,인천광역시 강화군 화도면 동막리 18,기후부
ME25A143,화도면 동막해변 공영주차장,37.5951605,126.4564131,강화군,1,1,0,0,1,0,100.0,100.0,인천광역시 강화군 화도면 동막리 60-1,환경부
ME25A144,동막해변 노상주차장,37.5939559,126.4578905,강화군,1,1,0,0,1,0,100.0,100.0,인천광역시 강화군 화도면 동막리 8-1,환경부
ME25A147,강화갯벌센터,37.6097915,126.3869315,강화군,1,1,0,0,1,0,100.0,100.0,인천광역시 강화군 화도면 여차리 917,환경부
ME25A148,한국산업단지공단 차량지원시설,37.4119401,126.704544,남동구,1,1,0,0,1,0,100.0,100.0,인천광역시 남동구 남동대로 322 (논현동),환경부
ME25A150,E-share 성동원,37.4848643,126.7182825,부평구,1,1,0,0,1,0,100.0,100.0,인천광역시 부평구 경인로 880 (부평동),기후부
ME25A152,국립생물자원관,37.5654271,126.6369886,서구,1,1,0,0,1,0,100.0,100.0,인천광역시 검단구 환경로 42 (오류동),환경부
ME25A153,E-share 동심원,37.4058137,126.6650127,연수구,1,1,0,0,1,0,100.0,100.0,인천광역시 연수구 봉재산로 68 (동춘동),환경부
ME25A157,월미공원역,37.4762362,126.6061732,중구,1,1,0,0,1,0,100.0,100.0,인천광역시 제물포구 월미로 482 (북성동1가),환경부
ME25A160,물환경관,37.5684444,126.6416722,서구,1,1,0,0,1,0,100.0,100.0,"인천광역시 검단구 환경로 42 (오류동,국립생물자원관)",환경부
ME25A162,한국산업단지공단 남동지식산업센터 2,37.3927099,126.6966864,남동구,1,1,0,0,1,0,100.0,100.0,인천광역시 남동구 남동동로 84 (고잔동),기후부
ME25A211,강화읍 남산리 (구풍물시장)주차장,37.7427029,126.4901084,강화군,2,2,0,0,2,0,100.0,100.0,인천광역시 강화군 강화읍 남산리 573,기후부
ME25A220,강화군 행복센터,37.740252,126.4873246,강화군,2,2,0,0,2,0,100.0,100.0,인천광역시 강화군 강화읍 남문로 13,기후부
ME25A224,강화군 남부노인문화센터,37.6432001,126.487202,강화군,2,2,0,0,2,0,100.0,100.0,인천광역시 강화군 길상면 온수리 767,기후부
ME25A231,광성보주차장,37.6636638,126.5260463,강화군,2,2,0,0,2,0,100.0,100.0,인천광역시 강화군 불은면 해안동로466번길 8-19,기후부
ME25A232,삼산면 매음리 제1공영주차장,37.6851974,126.3163775,강화군,2,2,0,0,2,0,100.0,100.0,인천광역시 강화군 삼산면 매음리 641-10,기후부
ME25A236,신정체육시설,37.7299078,126.509409,강화군,2,2,0,0,2,0,100.0,100.0,인천광역시 강화군 선원면 신정리 700,기후부
ME25A237,선원면 창리 제2공영주차장,37.7236338,126.4833962,강화군,2,2,0,0,2,0,100.0,100.0,인천광역시 강화군 선원면 창리 606-10,기후부
ME25A238,선원면 창리 제1공영주차장,37.7237559,126.4782043,강화군,2,2,0,0,2,0,100.0,100.0,인천광역시 강화군 선원면 창리 665-2,기후부
ME25A251,검단동 행정복지센터,37.6050506,126.6617904,서구,2,2,0,0,2,0,100.0,100.0,인천광역시 검단구 검단로529번길 14 (마전동),기후부
ME25A255,모도 박주기 공영주차장,37.5301406,126.4089301,옹진군,2,2,0,0,2,0,100.0,100.0,인천광역시 옹진군 북도면 모도리 255-3,기후부
ME25A258,아라파크웨이 공영주차장,37.5834957,126.7733907,계양구,2,2,0,0,2,0,100.0,100.0,인천광역시 계양구 평동 17-15,기후부
ME25A259,계산택지4공영주차장,37.5318883,126.7350489,계양구,2,2,0,0,2,0,100.0,100.0,"인천광역시 계양구 도두리로6번길 23 (작전동,계산4 공영주차장)",기후부
ME25A318,강화공설운동장 제2주차장,37.7467082,126.4724701,강화군,3,3,0,0,3,0,100.0,100.0,인천광역시 강화군 강화읍 국화리 224-4,기후부
ME25A322,강화읍 신문 제2공영주차장,37.7485254,126.4789307,강화군,3,3,0,0,3,0,100.0,100.0,인천광역시 강화군 강화읍 향나무길 8,환경부
ME25A335,석모도만남의광장 공영주차장,37.6945463,126.3492504,강화군,3,3,0,0,3,0,100.0,100.0,인천광역시 강화군 삼산면 석포리 547-15,환경부
ME25A426,길상공설운동장 주차장,37.6357132,126.4962825,강화군,4,4,0,0,4,0,100.0,100.0,인천광역시 강화군 길상면 온수리 605-20,기후부
ME25A427,길상면 온수리 공영주차장,37.6352132,126.4916778,강화군,4,4,0,0,4,0,100.0,100.0,인천광역시 강화군 길상면 온수리 622-33,환경부
ME25A429,내가면 외포리 공영주차장,37.7005427,126.383436,강화군,4,4,0,0,4,0,100.0,100.0,인천광역시 강화군 내가면 해안서로 855,기후부
ME25A430,해누리공원 주차장,37.7073296,126.3578348,강화군,4,4,0,0,4,0,100.0,100.0,인천광역시 강화군 내가면 해안서로 1110,기후부
ME25A433,민머루해수욕장 공영주차장,37.6520484,126.3335076,강화군,4,4,0,0,4,0,100.0,100.0,인천광역시 강화군 삼산면 매음리 872,환경부
ME25A445,함허동천 주차장,37.6096011,126.4576157,강화군,4,4,0,0,4,0,100.0,100.0,인천광역시 강화군 화도면 사기리 439-5,기후부
ME25A446,마니산 주차장,37.6344168,126.4241119,강화군,4,4,0,0,4,0,100.0,100.0,인천광역시 강화군 화도면 상방리 362-1,기후부
ME25A449,서창어울마당,37.4274679,126.7471055,남동구,4,4,0,0,4,0,100.0,100.0,인천광역시 남동구 서창남로 99 (서창동),환경부
ME25A456,영흥늘푸른센터,37.2588475,126.4935813,옹진군,4,4,0,0,4,0,100.0,100.0,인천광역시 옹진군 영흥면 영흥로176번길 8,기후부
ME25A461,한국산업단지공단 남동지식산업센터 1,37.3927099,126.6966864,남동구,4,4,0,0,4,0,100.0,100.0,인천광역시 남동구 남동동로 84 (고잔동),기후부
AH000007,인천 농림축산검역본부,37.464393,126.684148,미추홀구,2,2,0,0,2,0,100.0,100.0,인천광역시 미추홀구 주안로 129 1층 옥외 주차장,아하(주)
AH000015,인천동수중학교,37.484284136,126.71943906,부평구,1,0,1,0,0,1,0.0,0.0,인천광역시 부평구 동수로 8,아하(주)
AH000108,인천 검단구청,37.59240921,126.6805794,서구,24,2,22,0,24,0,100.0,8.33,인천광역시 검단구 독정로125번길 12,(주)아하
AH000109,인천서구 루원씨티,37.52391674,126.6802365,서구,3,0,3,0,3,0,100.0,0.0,인천광역시 서해구 봉오대로 270,(주)아하
AH000113,인천 송도글로벌아케이드,37.39354016,126.64494035,연수구,3,0,3,0,3,0,100.0,0.0,인천광역시 연수구 컨벤시아대로130번길 20,(주)아하
AM900059,인천백병원,37.48171344,126.6458315,동구,2,0,2,0,2,0,100.0,0.0,인천광역시 제물포구 샛골로 214 인천백병원 지상주차장 지상1층 주차장,아마노코리아
AM900060,섬뜰아래캠핑장,37.39612175,126.4248338,중구,2,0,2,0,2,0,100.0,0.0,인천광역시 영종구 대무의로 229 주차장 지상1층 주차장,아마노코리아
AM900063,퍼스트하임프라자,37.45536466,126.7196678,남동구,3,0,3,0,3,0,100.0,0.0,인천광역시 남동구 호구포로 818 지하주차장,아마노코리아
BNBN0113,인천 남동구 만수시장,37.4600425,126.7317959,남동구,1,1,0,0,1,0,100.0,100.0,인천광역시 남동구 만수로27번길 10-11 만수시장,(주)블루네트웍스
BNBN0162,인천 남동구 용천 공영주차장,37.4596901,126.7154798,남동구,2,2,0,0,2,0,100.0,100.0,인천광역시 남동구 석산로208번길 25 용천 공영주차장,(주)블루네트웍스
BNBN0369,인천 남동구 통계청,37.4461148,126.7034622,남동구,1,0,1,0,1,0,100.0,0.0,인천 남동구 구월동 1460,블루네트웍스
BNBN0455,인천 만월1호 공영주차장,37.464584,126.726227,남동구,3,3,0,0,3,0,100.0,100.0,인천광역시 남동구 만수동 840 만월1호 공영주차장,(주)블루네트웍스
BNBN0595,인천 중구 인천세관,37.4577716,126.628815,중구,4,0,4,0,4,0,100.0,0.0,"인천광역시 제물포구 서해대로 339 (항동7가, 인천세관)",블루네트웍스
BNBN0744,인천세관 통합검사장,37.422217,126.616525,연수구,6,4,2,0,6,0,100.0,66.67,인천광역시 연수구 인천타워대로599번길 67,블루네트웍스
BNBN0936,인천 간석자유시장,37.463942,126.7153757,남동구,8,2,6,0,8,0,100.0,25.0,인천광역시 남동구 백범로 312-1 주차장,블루네트웍스
BNBN1259,인천 남동구 구월동 구월근린공원 공영주차장,37.4573754,126.7188991,남동구,7,0,7,0,7,0,100.0,0.0,"인천광역시 남동구 구월로 251 (구월동, 올림픽국민생활체육관)",블루네트웍스
BNBN1267,인천 남동구 구월동 문화로 노상 공영주차장1,37.4474043,126.695536,남동구,1,0,1,0,1,0,100.0,0.0,"인천광역시 남동구 문화서로23번길 9 (구월동, 수협은행) 수협 옆",블루네트웍스
BNBN1269,인천 남동구 구월동 인천교육청 학생안전체험관 부설공영주차장,37.4518643,126.7158839,남동구,2,0,2,0,2,0,100.0,0.0,"인천광역시 남동구 구월남로232번길 31 (구월동, 인천광역시교육청학생안전체험관)",블루네트웍스
BNBN1299,인천 남동구 구월동 문화로 노상공영주차장2,37.4474043,126.695536,남동구,2,0,2,0,2,0,100.0,0.0,"인천광역시 남동구 문화서로23번길 9 (구월동, 수협은행) 수협 앞",블루네트웍스
BNBN1300,인천 남동구 만수동 진주4호 공영주차장,37.4585373,126.7260746,남동구,2,0,2,0,2,0,100.0,0.0,"인천광역시 남동구 구월말로 108-12 (만수동, 만수빌라) 인천광역시 남동구 만수동 895-4",블루네트웍스
BNBN1301,인천 남동구 구월동 진솔 공영주차장,37.4485309,126.6952124,남동구,2,0,2,0,2,0,100.0,0.0,"인천광역시 남동구 인주대로522번길 47 (구월동, 공영주차장)",블루네트웍스
BNBN1302,인천 남동구 남촌동 남동산단1호 공영주차장,37.413691,126.7036115,남동구,2,0,2,0,2,0,100.0,0.0,인천광역시 남동구 남촌동 624-13 남동구 남촌동 624-14,블루네트웍스
BNBN1303,인천 남동구 남촌동 남동산단3호 공영주차장,37.413691,126.7036115,남동구,2,0,2,0,2,0,100.0,0.0,인천광역시 남동구 남촌동 624-13 남촌동 624-15,블루네트웍스
BNBN1304,인천 남동구 고잔동 남동산단5호 공영주차장,37.3957508,126.6837319,남동구,2,0,2,0,2,0,100.0,0.0,인천광역시 남동구 고잔동 697-20 고잔동 697-21,블루네트웍스
BNBN1305,인천 남동구 만수동 만수어린이공원 공영주차장,37.453685178,126.72760185,남동구,1,0,1,0,1,0,100.0,0.0,인천광역시 남동구 구월로336번길 36 만수어린이공영주차장,(주)블루네트웍스
BNBN1309,인천웨딩홀 엘마리노 앳 인천,37.448889147,126.62226728,중구,5,0,5,0,5,0,100.0,0.0,인천광역시 제물포구 서해대로 227 앨마리노 앳 인천,(주)블루네트웍스
BNKA0301,한국자산관리공사 인천지역본부,37.453081,126.701898,남동구,2,2,0,0,2,0,100.0,100.0,인천광역시 남동구 예술로 212 주차장,블루네트웍스
BNKE0501,만수시장 공영주차장,37.46003,126.731685,남동구,1,1,0,0,1,0,100.0,100.0,인천광역시 남동구 만수로27번길 10-11 만수시장 공영주차장,블루네트웍스
BNKE0502,돌산마루1호 공영주차장,37.464818,126.718217,남동구,2,2,0,0,2,0,100.0,100.0,인천광역시 남동구 용천로176번길 70 인천광역시 남동구 간석동 940-1,블루네트웍스
BNKE0503,용천 공영주차장,37.45978,126.715461,남동구,2,2,0,0,2,0,100.0,100.0,인천광역시 남동구 석산로208번길 25 용천 공영주차장,블루네트웍스
BNKG3302,삼성스토어 연수송도,37.412788,126.689131,연수구,3,0,3,0,3,0,100.0,0.0,인천광역시 연수구 연수동 584-2 지젤하우스,블루네트웍스
BNKH3801,인천 계양구 보건소,37.536451,126.736221,계양구,2,2,0,0,2,0,100.0,100.0,인천광역시 계양구 계산동 1077-2 계양구보건소,블루네트웍스
BPA00008,청라스퀘어세븐,37.53,126.64,서구,4,0,4,0,4,0,100.0,0.0,인천광역시 서해구 청라루비로 76 청라스퀘어7 지하2층,차밥스
BPA00031,청라호반베르디움3차,37.53,126.65,서구,4,1,3,0,1,3,25.0,25.0,인천광역시 서해구 청라에메랄드로76번길 14 청라호반베르디움3차 지하2층 주차장,차밥스
BSBS0001,보스시큐리티사옥,37.438288,126.683763,미추홀구,2,0,2,0,2,0,100.0,0.0,인천광역시 미추홀구 매소홀로 556 보스빌딩 1층 주차장,보스시큐리티(주)
BT000048,가정2동주민센터,37.5263144,126.6777063,서구,2,2,0,0,2,0,100.0,100.0,인천광역시 서해구 서곶로 100,보타리에너지
BT000108,가정1동행정복지센터,37.5213857,126.6759627,서구,2,2,0,0,2,0,100.0,100.0,인천광역시 서해구 가정로406번길 25 가정동 490-17,보타리에너지(주)
BT000190,청라 BRT 전기버스 공영주차장,37.51343,126.6251,서구,6,6,0,0,6,0,100.0,100.0,인천광역시 서해구 파랑로 105 청라동 195-4,보타리에너지(주)
CA000104,화개정원 제2공영주차장,37.783473247,126.2903871,강화군,2,2,0,0,2,0,100.0,100.0,인천광역시 강화군 교동면 교동동로471번길 6-62 공영주차장,이웨이브(주)
CCG00001,인천산업용품유통센터(1단지),37.486197916,126.65275119,동구,33,0,33,0,33,0,100.0,0.0,인천광역시 제물포구 방축로37번길 30 1단지 지하주차장,코콤
CCG00002,인천산업용품유통센터(2단지),37.484827715,126.654796,동구,38,0,38,0,38,0,100.0,0.0,인천광역시 제물포구 방축로83번길 23 2단지 지하주차장,코콤
CCG00003,인천산업용품유통센터(3단지),37.484122912,126.65611182,동구,6,0,6,0,6,0,100.0,0.0,인천광역시 제물포구 방축로 105 3단지 지하주차장,코콤
CG000004,인천 삼정기업(시민개방 충전소),37.4571701,126.6469274,미추홀구,2,2,0,0,2,0,100.0,100.0,인천광역시 미추홀구 인주대로 88 삼정기업 실외주차장(택시 부지),서울씨엔지(서울이브이)
CG000005,인천 영창운수(시민개방 충전소),37.4815293,126.6253664,동구,2,2,0,0,2,0,100.0,100.0,인천광역시 제물포구 만석로 67 영창운수 실외주차장(택시 부지),서울씨엔지(서울이브이)
CG000008,부평 상진빌딩(실외주차장),37.5163134,126.7060914,부평구,2,2,0,0,2,0,100.0,100.0,인천광역시 부평구 마장로426번길 33 상진빌딩 실외주차장(건물 옆),서울씨엔지(서울이브이)
CG000034,송도 롯데캐슬아파트_103동,37.3870586,126.6678075,연수구,2,0,2,0,0,2,0.0,0.0,인천광역시 연수구 송도과학로27번길 70 롯데캐슬 103동 지하 2층 주차장,서울씨엔지(서울이브이)
CG000049,송도 롯데캐슬아파트_106동,37.386977969,126.66635682,연수구,2,0,2,0,0,2,0.0,0.0,인천광역시 연수구 송도과학로27번길 70 롯데캐슬 106동 지하 2층 주차장,서울씨엔지(서울이브이)
CG000077,인천 한별렉스힐아파트,37.4526751,126.7544904,남동구,2,0,2,0,0,2,0.0,0.0,인천광역시 남동구 장자북로 47 한별렉스힐아파트 지하주차장,서울씨엔지(서울이브이)
CG000079,용현자이크레스트,37.454671,126.647335,미추홀구,2,2,0,0,0,2,0.0,100.0,인천광역시 미추홀구 낙섬동로 134 용현자이크레스트 B1F 12번 기둥 인근,서울씨엔지(서울이브이)
CGG00001,인천 온더플로우(4F),37.4983509,126.5674032,중구,2,1,1,0,2,0,100.0,50.0,인천광역시 영종구 월촌길 69 지상 4층 주차장,서울씨엔지(서울이브이)
CGG00004,강화 씨사이드리조트(실외주차장),37.6171221,126.4981148,강화군,20,0,20,0,20,0,100.0,0.0,인천광역시 강화군 길상면 장흥로 217 강화 씨사이드리조트 실외주차장(테슬라 충전소 옆),서울씨엔지(서울이브이)
CGG00006,송도 트리플스트리트(A/B/C/D동),37.3806957,126.6587837,연수구,35,0,35,0,35,0,100.0,0.0,"인천광역시 연수구 송도과학로16번길 33-1 트리플스트리트(A/B/C/D동) A동(B3F G14-16기둥, H14-18기둥) / B동(B1F I6-8기둥) / C동(B3F K2-4기둥)",서울씨엔지(서울이브이)
CGG00008,인천 한국CITI은행(실외주차장),37.4510261,126.7019835,남동구,6,0,6,0,6,0,100.0,0.0,인천광역시 남동구 인주대로 585 한국CITI은행 실외 주차장 입구 인근,서울씨엔지(서울이브이)
CGG00009,CJ 송도 IDC(입주자 전용),37.3800077,126.6423681,연수구,2,0,2,0,0,2,0.0,0.0,인천광역시 연수구 하모니로177번길 20 CJ 송도 IDC 실외 주차장 입구 인근,서울씨엔지(서울이브이)
CGG00010,인천 모다아울렛(4F),37.5099191,126.647725,서구,10,0,10,0,10,0,100.0,0.0,인천광역시 서해구 북항로32번안길 50 모다아울렛 4F E22-24 기둥,서울씨엔지(서울이브이)
CGG00012,인천 모아메디컬타운(B1F),37.4461857,126.7028336,남동구,2,0,2,0,2,0,100.0,0.0,인천광역시 남동구 인하로507번길 63 모아메디컬타운 B1F 전기실 앞,서울씨엔지(서울이브이)
CGG00013,송도 롯데캐슬아파트_103동,37.386972536,126.66762719,연수구,1,0,1,0,0,1,0.0,0.0,인천광역시 연수구 송도과학로27번길 70 롯데캐슬 103동 지하 2층 주차장,서울씨엔지(서울이브이)
CGG00014,송도 롯데캐슬아파트_106동,37.386950445,126.66618192,연수구,1,0,1,0,0,1,0.0,0.0,인천광역시 연수구 송도과학로27번길 70 롯데캐슬 106동 지하 2층 주차장,서울씨엔지(서울이브이)
CGG00015,인천 루원시티루에블리아파트_B1,37.523031699,126.66844424,서구,8,0,8,0,0,8,0.0,0.0,인천광역시 서해구 봉오재1로 49 루원시티루에블리 801동 지하 1층,서울씨엔지(서울이브이)
CGG00016,계양 작전뉴서울2차아파트,37.534273484,126.73358381,계양구,2,0,2,0,0,2,0.0,0.0,인천광역시 계양구 장제로743번길 2 뉴서울2차아파트 지하 1층,서울씨엔지(서울이브이)
CGG00017,인천 옥련3차현대아파트_301동,37.426044696,126.64426585,연수구,3,0,3,0,0,3,0.0,0.0,인천광역시 연수구 능허대로79번길 65 현대3차아파트 301동 후면 지상주차장,서울씨엔지(서울이브이)
CGG00018,인천 옥련3차현대아파트_302동,37.426443804,126.64365388,연수구,5,0,5,0,0,5,0.0,0.0,인천광역시 연수구 능허대로79번길 65 현대3차아파트 302동 후면 지상주차장,서울씨엔지(서울이브이)
CGG00019,인천 가정하나2차아파트,37.5261437,126.683558,서구,4,0,4,0,0,4,0.0,0.0,인천광역시 서해구 봉오대로318번길 23 하나아파트 놀이터 앞 지상주차장,서울씨엔지(서울이브이)
CGG00020,부평 십정백영아파트,37.478602305,126.69577419,부평구,3,0,3,0,0,3,0.0,0.0,인천광역시 부평구 경원대로 1086 백영아파트 놀이터 앞 지상주차장,서울씨엔지(서울이브이)
CGG00021,인천 당하풍림1차아파트_401동,37.5913865,126.6777063,서구,2,0,2,0,0,2,0.0,0.0,인천광역시 검단구 청마로 160 당하풍림1차아파트 401동 앞 지상주차장,서울씨엔지(서울이브이)
CGG00022,인천 당하풍림1차아파트_403동,37.5913865,126.6777063,서구,5,0,5,0,0,5,0.0,0.0,인천광역시 검단구 청마로 160 당하풍림1차아파트 403동 앞 지상주차장,서울씨엔지(서울이브이)
CGG00023,인천 영종금호어울림1차아파트①,37.4818,126.5086,중구,10,0,10,0,0,10,0.0,0.0,인천광역시 영종구 운서4로 18 영종 어울림1차 104동 기계실 옆 지상주차장,서울씨엔지(서울이브이)
CGG00024,인천 영종금호어울림1차아파트②,37.4817,126.5079,중구,6,0,6,0,0,6,0.0,0.0,인천광역시 영종구 운서4로 18 영종 어울림1차 105동 측면 지상주차장,서울씨엔지(서울이브이)
CGG00025,인천 검단자이1단지아파트①,37.5972396,126.6390411,서구,5,0,5,0,0,5,0.0,0.0,인천광역시 검단구 버들로 27 검단자이1단지 정문 지하주차장 주출입구 옆 지상주차장,서울씨엔지(서울이브이)
CGG00026,인천 검단자이1단지아파트②,37.5972396,126.6390411,서구,3,0,3,0,0,3,0.0,0.0,인천광역시 검단구 버들로 27 검단자이1단지 101동 라인 지하1층 주차장,서울씨엔지(서울이브이)
CGG00027,인천 검단자이1단지아파트③,37.5972396,126.6390411,서구,3,0,3,0,0,3,0.0,0.0,인천광역시 검단구 버들로 27 검단자이1단지 103동 라인 지하1층 주차장,서울씨엔지(서울이브이)
CGG00028,인천 남촌풍림아파트,37.430952,126.7171781,남동구,3,0,3,0,0,3,0.0,0.0,인천광역시 남동구 남촌동로15번길 21 풍림아파트 103동 뒤 램프 입구 앞 지상주차장,서울씨엔지(서울이브이)
CGG00029,인천 연수1차우성아파트_116동 앞,37.4099,126.6826,연수구,8,0,8,0,0,8,0.0,0.0,인천광역시 연수구 청능대로 175 연수1차우성아파트 116동 앞 지상주차장,서울씨엔지(서울이브이)
CGG00031,인천 연수1차우성아파트_104동 앞,37.4096,126.6834,연수구,6,0,6,0,0,6,0.0,0.0,인천광역시 연수구 청능대로 175 연수1차우성아파트 104동 앞 지상주차장,서울씨엔지(서울이브이)
CGG00032,인천 연수1차우성아파트_107동 앞,37.4101,126.6839,연수구,6,0,6,0,0,6,0.0,0.0,인천광역시 연수구 청능대로 175 연수1차우성아파트 107동 앞 지상주차장,서울씨엔지(서울이브이)
CGG00033,인천 검단힐스테이트6차①,37.5918842,126.6707545,서구,4,0,4,0,0,4,0.0,0.0,인천광역시 검단구 청마로51번안길 11 검단힐스테이트6차 B1F 603동 앞 11번 기둥,서울씨엔지(서울이브이)
CGG00034,인천 검단힐스테이트6차②,37.5918842,126.6707545,서구,5,0,5,0,0,5,0.0,0.0,인천광역시 검단구 청마로51번안길 11 검단힐스테이트6차 B1F 603동 앞 36번 기둥,서울씨엔지(서울이브이)
CGG00035,인천 옥련풍림아파트,37.4273258,126.6554674,연수구,8,0,8,0,0,8,0.0,0.0,인천광역시 연수구 비류대로186번길 20 옥련 풍림아파트 101동 뒷편 놀이터 옆 지상주차장,서울씨엔지(서울이브이)
CGG00036,인천 한국아파트,37.5321793,126.7314668,계양구,5,0,5,0,0,5,0.0,0.0,"인천광역시 계양구 봉오대로743번길 9 한국아파트 101동 7,8라인 앞 지상주차장",서울씨엔지(서울이브이)
CGG00037,인천 관교동부아파트_101동,37.4415,126.6966,미추홀구,4,0,4,0,0,4,0.0,0.0,"인천광역시 미추홀구 주승로 253 관교동부아파트 101동 7,8라인 뒤 지상주차장",서울씨엔지(서울이브이)
CGG00038,인천 관교동부아파트_102동,37.4411,126.6962,미추홀구,4,0,4,0,0,4,0.0,0.0,"인천광역시 미추홀구 주승로 253 관교동부아파트 102동 3,4라인 앞 지상주차장",서울씨엔지(서울이브이)
CGG00039,인천 부평창보아파트,37.4994663,126.7171715,부평구,4,0,4,0,0,4,0.0,0.0,인천광역시 부평구 부영로166번길 16 창보아파트 관리사무소 측면 지상주차장,서울씨엔지(서울이브이)
CGG00040,인천 연수서해그랑블5차,37.4017763,126.6660315,연수구,2,0,2,0,0,2,0.0,0.0,인천광역시 연수구 봉재산로 148 연수서해그랑블5단지 지하1층 C01번 기둥,서울씨엔지(서울이브이)
CGG00041,인천 용현대우아파트,37.4589702,126.6377013,미추홀구,5,0,5,0,0,5,0.0,0.0,인천광역시 미추홀구 아암대로29번길 13 용현대우아파트 관리동 뒤 지상주차장,서울씨엔지(서울이브이)
CGG00042,인천 용현자이크레스트①_106동 B1F,37.4556284,126.6484432,미추홀구,6,0,6,0,0,6,0.0,0.0,인천광역시 미추홀구 낙섬동로 134 용현자이크레스트 106동 앞 05-06 B1 주차장,서울씨엔지(서울이브이)
CGG00043,인천 용현자이크레스트②_109동 B1F,37.4556284,126.6484432,미추홀구,6,0,6,0,0,6,0.0,0.0,"인천광역시 미추홀구 낙섬동로 134 용현자이크레스트 109동 4,5라인 앞 B1주차장",서울씨엔지(서울이브이)
CGG00044,인천 용현자이크레스트③_108동 B1F,37.4556284,126.6484432,미추홀구,6,0,6,0,0,6,0.0,0.0,인천광역시 미추홀구 낙섬동로 134 용현자이크레스트 108동 앞 37기둥 B1주차장,서울씨엔지(서울이브이)
CGG00045,인천 용현자이크레스트④_105동 B1F,37.4556284,126.6484432,미추홀구,6,0,6,0,0,6,0.0,0.0,인천광역시 미추홀구 낙섬동로 134 용현자이크레스트 105동 앞 08-09기둥 B1주차장,서울씨엔지(서울이브이)
CGG00046,인천 용현자이크레스트⑤_104동 B1F,37.4556284,126.6484432,미추홀구,5,0,5,0,0,5,0.0,0.0,인천광역시 미추홀구 낙섬동로 134 용현자이크레스트 104동 앞 32-33기둥 B1주차장,서울씨엔지(서울이브이)
CGG00047,인천 용현자이크레스트⑥_111동 B1F,37.4556284,126.6484432,미추홀구,6,0,6,0,0,6,0.0,0.0,"인천광역시 미추홀구 낙섬동로 134 용현자이크레스트 111동 3,4라인 01기둥 B1주차장",서울씨엔지(서울이브이)
CGG00048,인천 용현자이크레스트⑦_110동 B1F,37.4556284,126.6484432,미추홀구,6,0,6,0,0,6,0.0,0.0,"인천광역시 미추홀구 낙섬동로 134 용현자이크레스트 110동 3,4라인 80기둥 B1주차장",서울씨엔지(서울이브이)
CGG00049,인천 용현자이크레스트⑧_113동 B1F,37.4556284,126.6484432,미추홀구,6,0,6,0,0,6,0.0,0.0,"인천광역시 미추홀구 낙섬동로 134 용현자이크레스트 113동 1,2라인 39기둥 B1 주차장",서울씨엔지(서울이브이)
CGG00050,인천 용현자이크레스트⑨_114동 B1F,37.4556284,126.6484432,미추홀구,6,0,6,0,0,6,0.0,0.0,"인천광역시 미추홀구 낙섬동로 134 용현자이크레스트 114동 3,5라인 28기둥 B1 주차장",서울씨엔지(서울이브이)
CGG00051,인천 용현자이크레스트⑩_111동 B1F,37.4556284,126.6484432,미추홀구,6,0,6,0,0,6,0.0,0.0,"인천광역시 미추홀구 낙섬동로 134 용현자이크레스트 111동 1,2라인 08기둥 B1 주차장",서울씨엔지(서울이브이)
CGG00052,인천 용현자이크레스트⑪_116동 B1F,37.4556284,126.6484432,미추홀구,3,0,3,0,0,3,0.0,0.0,"인천광역시 미추홀구 낙섬동로 134 용현자이크레스트 116동 1,2라인 28기둥 B1 주차장",서울씨엔지(서울이브이)
CGG00053,인천 용현자이크레스트⑫_115동 B1F,37.4556284,126.6484432,미추홀구,6,0,6,0,0,6,0.0,0.0,"인천광역시 미추홀구 낙섬동로 134 용현자이크레스트 115동 3,5라인 88기둥 B1 주차장",서울씨엔지(서울이브이)
CGG00054,인천 용현자이크레스트⑬_115동 B1F,37.4556284,126.6484432,미추홀구,6,0,6,0,0,6,0.0,0.0,"인천광역시 미추홀구 낙섬동로 134 용현자이크레스트 115동 1,2라인 28기둥 B1 주차장",서울씨엔지(서울이브이)
CGG00055,인천 한별렉스힐아파트,37.4528908,126.7546412,남동구,1,0,1,0,0,1,0.0,0.0,인천광역시 남동구 장자북로 47 한별렉스힐아파트 지하주차장,서울씨엔지(서울이브이)
CGG00056,인천 연수구 조흥아파트,37.4138274,126.6708747,연수구,1,0,1,0,0,1,0.0,0.0,"인천광역시 연수구 먼우금로141번길 62 조흥아파트 103동 3,4라인 뒤",서울씨엔지(서울이브이)
CGG00057,인천 산곡1동현대아파트,37.5056591,126.6946806,부평구,5,0,5,0,0,5,0.0,0.0,인천광역시 부평구 원적로269번길 15 산곡현대1차아파트 104동 지상주차장 앞 간이공원입구,서울씨엔지(서울이브이)
CGG00058,서인천 월드메르디앙①_109동,37.5116,126.6693,서구,8,0,8,0,0,8,0.0,0.0,인천광역시 서해구 신석로 71 월드메르디앙아파트 109동 앞 지상주차장,서울씨엔지(서울이브이)
CGG00059,서인천 월드메르디앙②_110동,37.5113,126.6689,서구,4,0,4,0,0,4,0.0,0.0,인천광역시 서해구 신석로 71 월드메르디앙아파트 110동 뒤 지상주차장,서울씨엔지(서울이브이)
CGG00060,서인천 월드메르디앙③_112동,37.5107,126.6689,서구,4,0,4,0,0,4,0.0,0.0,인천광역시 서해구 신석로 71 월드메르디앙아파트 112동 뒤 지상주차장,서울씨엔지(서울이브이)
CGG00061,서인천 월드메르디앙④_106동,37.5111,126.6694,서구,2,0,2,0,0,2,0.0,0.0,인천광역시 서해구 신석로 71 월드메르디앙아파트 106동 뒤 지상주차장,서울씨엔지(서울이브이)
CGG00062,인천 영종2차금호베스트빌_203동,37.4915775,126.4868926,중구,2,0,2,0,0,2,0.0,0.0,인천광역시 영종구 흰바위로 14 영종2차 금호베스트빌 203동 앞 지상주차장,서울씨엔지(서울이브이)
CGG00063,인천 영종2차금호베스트빌_207동,37.4913573,126.4860008,중구,3,0,3,0,0,3,0.0,0.0,인천광역시 영종구 흰바위로 14 영종2차 금호베스트빌 207동 앞 지상주차장,서울씨엔지(서울이브이)
CGG00064,인천 영종2차금호베스트빌_208동,37.4913596,126.485475,중구,3,0,3,0,0,3,0.0,0.0,인천광역시 영종구 흰바위로 14 영종2차 금호베스트빌 208동 뒤 지상주차장,서울씨엔지(서울이브이)
CGG00065,인천 영종2차금호베스트빌_209동,37.4909528,126.4862184,중구,2,0,2,0,0,2,0.0,0.0,인천광역시 영종구 흰바위로 14 영종2차 금호베스트빌 209동 뒤 지상주차장,서울씨엔지(서울이브이)
CGG00066,인천 영종도센트럴자이_101동,37.489626,126.549357,중구,4,0,4,0,0,4,0.0,0.0,인천광역시 영종구 은하수로 412 영종센트럴 푸르지오자이 지하 1층 101동 옆,서울씨엔지(서울이브이)
CGG00067,인천 영종도센트럴자이_105동,37.491341,126.549813,중구,5,0,5,0,0,5,0.0,0.0,인천광역시 영종구 은하수로 412 영종센트럴 푸르지오자이 지하 1층 105동 옆,서울씨엔지(서울이브이)
CGG00068,인천 영종도센트럴자이_107동,37.49143,126.54895,중구,3,0,3,0,0,3,0.0,0.0,인천광역시 영종구 은하수로 412 영종센트럴 푸르지오자이 지하 1층 107동 뒤,서울씨엔지(서울이브이)
CGG00069,인천 영종도센트럴자이_103동,37.490239,126.548848,중구,5,0,5,0,0,5,0.0,0.0,인천광역시 영종구 은하수로 412 영종센트럴 푸르지오자이 지하 1층 103동 앞,서울씨엔지(서울이브이)
CGG00070,인천 영종도센트럴자이_108동,37.490639,126.548392,중구,3,0,3,0,0,3,0.0,0.0,인천광역시 영종구 은하수로 412 영종센트럴 푸르지오자이 지하 1층 108동 앞,서울씨엔지(서울이브이)
CGG00071,인천 영종도센트럴자이_111동,37.489634,126.548177,중구,3,0,3,0,0,3,0.0,0.0,인천광역시 영종구 은하수로 412 영종센트럴 푸르지오자이 지하 1층 111동 뒤,서울씨엔지(서울이브이)
CGG00072,인천 영종도센트럴자이_118동,37.488319,126.548891,중구,2,0,2,0,0,2,0.0,0.0,인천광역시 영종구 은하수로 412 영종센트럴 푸르지오자이 지하 1층 118동 앞,서울씨엔지(서울이브이)
CGG00074,인천 검단신도시대성베르힐라 프리미어 아파트①_710동,37.5801938,126.7070673,서구,9,0,9,0,0,9,0.0,0.0,인천광역시 검단구 이음1로 154 대성베르힐라프리미어 710동 앞 B1F 주차장,서울씨엔지(서울이브이)
CGG00075,인천 검단신도시대성베르힐라 프리미어 아파트②_707동,37.5807428,126.7086275,서구,6,0,6,0,0,6,0.0,0.0,인천광역시 검단구 이음1로 154 대성베르힐라프리미어 707동 앞 B1F 주차장,서울씨엔지(서울이브이)
CGG00076,인천 검단신도시대성베르힐라 프리미어 아파트③_701동 우측,37.5820939,126.7084807,서구,6,0,6,0,0,6,0.0,0.0,인천광역시 검단구 이음1로 154 대성베르힐라프리미어 701동 우측 B1F 주차장,서울씨엔지(서울이브이)
CGG00077,인천 검단신도시대성베르힐라 프리미어 아파트④_701동 좌측,37.5820752,126.7083429,서구,9,0,9,0,0,9,0.0,0.0,인천광역시 검단구 이음1로 154 대성베르힐라프리미어 701동 좌측 B1F 주차장,서울씨엔지(서울이브이)
CGG00078,인천 검단신도시대성베르힐라 프리미어 아파트⑤_커뮤니티센터,37.5809894,126.7081624,서구,8,0,8,0,0,8,0.0,0.0,인천광역시 검단구 이음1로 154 대성베르힐라프리미어 커뮤니티센터 앞 B1F 주차장,서울씨엔지(서울이브이)
CGG00079,인천 검단신도시대성베르힐라 프리미어 아파트⑥_704동,37.5812211,126.7089313,서구,8,0,8,0,0,8,0.0,0.0,인천광역시 검단구 이음1로 154 대성베르힐라프리미어 704동 옆 B1F 주차장,서울씨엔지(서울이브이)
CGG00080,인천 검단신도시대성베르힐라 프리미어 아파트⑦_705동,37.5813322,126.7083082,서구,9,0,9,0,0,9,0.0,0.0,인천광역시 검단구 이음1로 154 대성베르힐라프리미어 705동 옆 B2F 주차장,서울씨엔지(서울이브이)
CGG00081,인천 경남2차아파트_상가동 앞,37.5013034,126.708679,부평구,6,0,6,0,0,6,0.0,0.0,인천광역시 부평구 안남로222번길 30 경남아파트 상가동 앞 지상주차장,서울씨엔지(서울이브이)
CGG00082,인천 경남2차아파트_207동 뒤,37.501497,126.7091958,부평구,6,0,6,0,0,6,0.0,0.0,인천광역시 부평구 안남로222번길 30 경남아파트 207동 뒤 지상주차장,서울씨엔지(서울이브이)
CGG00083,인천 계양하늘채파크포레아파트_101동,37.5525023,126.7405352,계양구,6,0,6,0,0,6,0.0,0.0,인천광역시 계양구 박촌로 19 계양하늘채파크포레 101동 뒤 지상주차장,서울씨엔지(서울이브이)
CGG00084,인천 계양하늘채파크포레아파트_105동 좌측,37.5528844,126.7416569,계양구,5,0,5,0,0,5,0.0,0.0,인천광역시 계양구 박촌로 19 계양하늘채파크포레 105동 옆 좌측 지상주차장,서울씨엔지(서울이브이)
CGG00085,인천 계양하늘채파크포레아파트_105동 우측,37.5526586,126.7414087,계양구,5,0,5,0,0,5,0.0,0.0,인천광역시 계양구 박촌로 19 계양하늘채파크포레 105동 옆 우측 지상주차장,서울씨엔지(서울이브이)
CGG00086,인천 계양하늘채파크포레아파트_108동 B1F,37.5525023,126.7405352,계양구,2,0,2,0,0,2,0.0,0.0,"인천광역시 계양구 박촌로 19 계양하늘채파크포레 B1F 108동 4,5라인 앞",서울씨엔지(서울이브이)
CGG00087,인천 검단힐스테이트6차_B1F 관리소앞,37.5908484,126.6712969,서구,3,0,3,0,0,3,0.0,0.0,인천광역시 검단구 청마로51번안길 11 검단힐스테이트6차 관리소 앞 B1F 주차장,서울씨엔지(서울이브이)
CGG00088,인천 송도자이크리스탈오션_B1F 101동 옆-1,37.3891559,126.6123533,연수구,9,0,9,0,0,9,0.0,0.0,인천광역시 연수구 랜드마크로360번길 40 송도자이크리스탈오션 B1F 101동 옆,서울씨엔지(서울이브이)
CGG00089,인천 송도자이크리스탈오션_B1F 102동 옆-1,37.3883856,126.6123629,연수구,9,0,9,0,0,9,0.0,0.0,인천광역시 연수구 랜드마크로360번길 40 송도자이크리스탈오션 B1F 102동 옆,서울씨엔지(서울이브이)
CGG00090,인천 송도자이크리스탈오션_B1F 103동 램프-1,37.3872241,126.612606,연수구,9,0,9,0,0,9,0.0,0.0,인천광역시 연수구 랜드마크로360번길 40 송도자이크리스탈오션 B1 103동 주차장 램프 옆 B13 기둥 옆,서울씨엔지(서울이브이)
CGG00091,인천 송도자이크리스탈오션_B1F 106동 뒤 우측,37.3879034,126.6109426,연수구,6,0,6,0,0,6,0.0,0.0,인천광역시 연수구 랜드마크로360번길 40 송도자이크리스탈오션 B1F 106동 뒤 우측 C106기둥 옆,서울씨엔지(서울이브이)
CGG00092,인천 송도자이크리스탈오션_B1F 107동 옆 우측,37.3890831,126.6107558,연수구,6,0,6,0,0,6,0.0,0.0,인천광역시 연수구 랜드마크로360번길 40 송도자이크리스탈오션 B1F 107동 옆 우측 C26기둥 옆,서울씨엔지(서울이브이)
CGG00093,인천 송도자이크리스탈오션_B1F 107동 옆 좌측,37.3892181,126.6106987,연수구,6,0,6,0,0,6,0.0,0.0,인천광역시 연수구 랜드마크로360번길 40 송도자이크리스탈오션 B1F 107동 옆 좌측 C27기둥 옆,서울씨엔지(서울이브이)
CGG00094,인천 송도자이크리스탈오션_B1F 램프 옆-1,37.3866307,126.6115884,연수구,6,0,6,0,0,6,0.0,0.0,인천광역시 연수구 랜드마크로360번길 40 송도자이크리스탈오션 B1F 주차장 램프 기존 충전기 옆,서울씨엔지(서울이브이)
CGG00095,인천 송도자이크리스탈오션_B1F 106동 뒤 좌측-1,37.3880202,126.610863,연수구,6,0,6,0,0,6,0.0,0.0,인천광역시 연수구 랜드마크로360번길 40 송도자이크리스탈오션 B1F 106동 뒤 좌측 C107기둥 옆,서울씨엔지(서울이브이)
CGG00096,인천 송도자이크리스탈오션_B1F 106동 뒤 좌측-2,37.3879755,126.6109422,연수구,6,0,6,0,0,6,0.0,0.0,인천광역시 연수구 랜드마크로360번길 40 송도자이크리스탈오션 B1F 106동 뒤 좌측 C31기둥 옆,서울씨엔지(서울이브이)
CGG00097,인천 송도자이크리스탈오션_B1F 108동 뒤 우측,37.3902273,126.6107161,연수구,6,0,6,0,0,6,0.0,0.0,인천광역시 연수구 랜드마크로360번길 40 송도자이크리스탈오션 B1F 108동 뒤 우측 C02기둥 옆,서울씨엔지(서울이브이)
CGG00098,인천 송도자이크리스탈오션_B1F 108동 뒤 좌측,37.3901642,126.6107164,연수구,6,0,6,0,0,6,0.0,0.0,인천광역시 연수구 랜드마크로360번길 40 송도자이크리스탈오션 B1F 108동 뒤 좌측 C01기둥 옆,서울씨엔지(서울이브이)
CGG00099,인천 송도자이크리스탈오션_B1F 109동 뒤 우측-1,37.3900879,126.6121735,연수구,5,0,5,0,0,5,0.0,0.0,인천광역시 연수구 랜드마크로360번길 40 송도자이크리스탈오션 B1F 109동 뒤 우측 A05기둥 옆,서울씨엔지(서울이브이)
CGG00100,인천 송도자이크리스탈오션_B1F 109동 뒤 좌측,37.3901151,126.6122185,연수구,6,0,6,0,0,6,0.0,0.0,인천광역시 연수구 랜드마크로360번길 40 송도자이크리스탈오션 B1F 109동 뒤 좌측 A05번 기둥,서울씨엔지(서울이브이)
CGG00101,인천 송도자이크리스탈오션_B1F 103동 램프-2,37.3872512,126.6126285,연수구,3,0,3,0,0,3,0.0,0.0,인천광역시 연수구 랜드마크로360번길 40 송도자이크리스탈오션 B1F 103동 주차장 램프 옆,서울씨엔지(서울이브이)
CGG00102,인천 송도자이크리스탈오션_B1F 102동 옆-2,37.38835,126.6125043,연수구,3,0,3,0,0,3,0.0,0.0,인천광역시 연수구 랜드마크로360번길 40 송도자이크리스탈오션 B1F 102동 옆 인근,서울씨엔지(서울이브이)
CGG00103,인천 송도자이크리스탈오션_B1F 101동 옆-2,37.389107,126.6125399,연수구,3,0,3,0,0,3,0.0,0.0,인천광역시 연수구 랜드마크로360번길 40 송도자이크리스탈오션 B1F 101동 옆 인근,서울씨엔지(서울이브이)
CGG00104,인천 송도자이크리스탈오션_B1F 109동 뒤 우측-2,37.3901418,126.6121393,연수구,3,0,3,0,0,3,0.0,0.0,인천광역시 연수구 랜드마크로360번길 40 송도자이크리스탈오션 B1F 109동 뒤 우측 인근,서울씨엔지(서울이브이)
CGG00105,인천 송도자이크리스탈오션_B1F 램프 옆-2,37.386636,126.6118864,연수구,9,0,9,0,0,9,0.0,0.0,인천광역시 연수구 랜드마크로360번길 40 송도자이크리스탈오션 B1F 주차장 램프 기존 충전기 옆,서울씨엔지(서울이브이)
CGG00106,인천 송도자이크리스탈오션_B1F 106동 뒤 우측-2,37.387894,126.6108297,연수구,2,0,2,0,0,2,0.0,0.0,인천광역시 연수구 랜드마크로360번길 40 송도자이크리스탈오션 B1F 106동 뒤 우측 인근,서울씨엔지(서울이브이)
CGG00107,인천 송도자이크리스탈오션_B1F 107동 옆 좌측-1,37.3890742,126.6108011,연수구,2,0,2,0,0,2,0.0,0.0,인천광역시 연수구 랜드마크로360번길 40 송도자이크리스탈오션 B1F 107동 옆 좌측 인근,서울씨엔지(서울이브이)
CGG00108,인천 송도자이크리스탈오션_B1F 107동 옆 우측-2,37.3889478,126.6107114,연수구,3,0,3,0,0,3,0.0,0.0,인천광역시 연수구 랜드마크로360번길 40 송도자이크리스탈오션 B1F 107동 옆 우측 인근,서울씨엔지(서울이브이)
CGG00109,인천 주안한신휴플러스_103동,37.443805,126.6810382,미추홀구,5,0,5,0,0,5,0.0,0.0,인천광역시 미추홀구 승학길104번길 30 주안한신휴플러스 103동 뒤 지상주차장,서울씨엔지(서울이브이)
CGG00110,인천 주안한신휴플러스_106동,37.4432734,126.6810517,미추홀구,5,0,5,0,0,5,0.0,0.0,인천광역시 미추홀구 승학길104번길 30 주안한신휴플러스 106동 뒤 지상주차장,서울씨엔지(서울이브이)
CGG00113,인천 SK SKY VIEW_103동 옆(1),37.447849,126.6441965,미추홀구,9,0,9,0,0,9,0.0,0.0,인천광역시 미추홀구 용정공원로 33 인천 SK SKY VIEW B1F 103동 옆 G02기둥,서울씨엔지(서울이브이)
CGG00115,인천 SK SKY VIEW_105동 앞,37.4486793,126.6431868,미추홀구,9,0,9,0,0,9,0.0,0.0,인천광역시 미추홀구 용정공원로 33 인천 SK SKY VIEW B1F 105동 앞 I02기둥,서울씨엔지(서울이브이)
CGG00116,인천 SK SKY VIEW_112동 앞,37.4514628,126.645965,미추홀구,9,0,9,0,0,9,0.0,0.0,인천광역시 미추홀구 용정공원로 33 인천 SK SKY VIEW B1F 112동 앞 D03기둥,서울씨엔지(서울이브이)
CGG00117,인천 SK SKY VIEW_113동 앞,37.4511395,126.6463169,미추홀구,4,0,4,0,0,4,0.0,0.0,인천광역시 미추홀구 용정공원로 33 인천 SK SKY VIEW B1F 113동 앞 F10기둥,서울씨엔지(서울이브이)
CGG00118,인천 SK SKY VIEW_116동 옆,37.4499993,126.6476671,미추홀구,9,0,9,0,0,9,0.0,0.0,인천광역시 미추홀구 용정공원로 33 인천 SK SKY VIEW B1F 116동 옆 D05기둥,서울씨엔지(서울이브이)
CGG00119,인천 SK SKY VIEW_117동 옆,37.4496581,126.6480869,미추홀구,9,0,9,0,0,9,0.0,0.0,인천광역시 미추홀구 용정공원로 33 인천 SK SKY VIEW B1F 117동 옆 A12기둥,서울씨엔지(서울이브이)
CGG00120,인천 SK SKY VIEW_저수조 앞 (1),37.4501325,126.6455079,미추홀구,5,0,5,0,0,5,0.0,0.0,인천광역시 미추홀구 용정공원로 33 인천 SK SKY VIEW B1F 저수조 앞 G13기둥,서울씨엔지(서울이브이)
CGG00121,인천 SK SKY VIEW_120동 옆,37.4487079,126.6466787,미추홀구,9,0,9,0,0,9,0.0,0.0,인천광역시 미추홀구 용정공원로 33 인천 SK SKY VIEW B1F 120동 옆 J01기둥,서울씨엔지(서울이브이)
CGG00122,인천 SK SKY VIEW_122동 뒤,37.4491992,126.6452637,미추홀구,9,0,9,0,0,9,0.0,0.0,인천광역시 미추홀구 용정공원로 33 인천 SK SKY VIEW B1F 122동 뒤 L06기둥,서울씨엔지(서울이브이)
CGG00123,인천 SK SKY VIEW_123동 앞,37.4488988,126.644248,미추홀구,9,0,9,0,0,9,0.0,0.0,인천광역시 미추홀구 용정공원로 33 인천 SK SKY VIEW B1F 123동 앞 Q01기둥,서울씨엔지(서울이브이)
CGG00124,인천 SK SKY VIEW_125동 옆,37.450307,126.6451342,미추홀구,9,0,9,0,0,9,0.0,0.0,인천광역시 미추홀구 용정공원로 33 인천 SK SKY VIEW B1F 125동 옆 I03기둥,서울씨엔지(서울이브이)
CGG00125,인천 SK SKY VIEW_126동 옆(좌),37.450712,126.6449853,미추홀구,5,0,5,0,0,5,0.0,0.0,인천광역시 미추홀구 용정공원로 33 인천 SK SKY VIEW B1F 126동 옆 I05기둥,서울씨엔지(서울이브이)
CGG00126,인천 SK SKY VIEW_126동 옆(우),37.4510197,126.6454246,미추홀구,4,0,4,0,0,4,0.0,0.0,인천광역시 미추홀구 용정공원로 33 인천 SK SKY VIEW B1F 126동 옆 I05기둥,서울씨엔지(서울이브이)
CGG00127,인천 송도풍림아이원6단지_603동,37.3900205,126.6543564,연수구,4,0,4,0,0,4,0.0,0.0,인천광역시 연수구 해돋이로84번길 10 송도풍림아이원6단지아파트 603동 앞 지상주차장,서울씨엔지(서울이브이)
CGG00128,인천 송도풍림아이원6단지_606동,37.3899516,126.6554578,연수구,3,0,3,0,0,3,0.0,0.0,인천광역시 연수구 해돋이로84번길 10 송도풍림아이원6단지아파트 606동 앞 지상주차장,서울씨엔지(서울이브이)
CGG00129,인천 송도풍림아이원6단지_609동,37.3906069,126.6546304,연수구,3,0,3,0,0,3,0.0,0.0,인천광역시 연수구 해돋이로84번길 10 송도풍림아이원6단지아파트 609동 뒤 지상주차장,서울씨엔지(서울이브이)
CGG00130,인천 SK SKY VIEW_저수조 앞 (2),37.4520149,126.6450628,미추홀구,6,0,6,0,0,6,0.0,0.0,인천광역시 미추홀구 용정공원로 33 인천 SK SKY VIEW B1F 저수조 앞 G13기둥,서울씨엔지(서울이브이)
CGG00131,인천 운서역 유토피아,37.4890498,126.4983415,중구,4,0,4,0,4,0,100.0,0.0,인천광역시 영종구 영종대로196번길 15-25 운서역 유토피아 지하1층 상가동방면 주차장 43번기둥,서울씨엔지(서울이브이)
CGG00132,인천 산곡한신휴아파트①_지상 101동 앞,37.4990875,126.7040257,부평구,4,0,4,0,0,4,0.0,0.0,인천광역시 부평구 마장로220번길 13 인천 산곡한신휴아파트 101동 앞 지상주차장,서울씨엔지(서울이브이)
CGG00133,인천 산곡한신휴아파트②_지상 104동 앞,37.4987391,126.7034278,부평구,4,0,4,0,0,4,0.0,0.0,인천광역시 부평구 마장로220번길 13 인천 산곡한신휴아파트 104동 앞 지상주차장,서울씨엔지(서울이브이)
CGG00134,인천 산곡한신휴아파트③_지상 105동 앞,37.4982921,126.7030337,부평구,6,0,6,0,0,6,0.0,0.0,인천광역시 부평구 마장로220번길 13 인천 산곡한신휴아파트 105동 앞 지상주차장,서울씨엔지(서울이브이)
CGG00135,인천 효성두산아파트①_지상 104동 앞,37.535797,126.7087459,계양구,5,0,5,0,0,5,0.0,0.0,인천광역시 계양구 안남로573번길 18 인천 효성두산아파트 104동 앞 지상주차장,서울씨엔지(서울이브이)
CGG00136,인천 효성두산아파트②_지상 105동 앞,37.5362198,126.7084614,계양구,5,0,5,0,0,5,0.0,0.0,인천광역시 계양구 안남로573번길 18 인천 효성두산아파트 105동 앞 지상주차장,서울씨엔지(서울이브이)
CGG00138,인천 송도역서해그랑블더파크①_B1 202동 옆,37.4288023,126.6459192,연수구,6,0,6,0,0,6,0.0,0.0,인천광역시 연수구 한진로 77 송도역서해그랑블더파크 202동 옆 B1F 주차장,서울씨엔지(서울이브이)
CGG00140,인천 송도역서해그랑블더파크②_B2 204동 앞,37.4290992,126.6488102,연수구,4,0,4,0,0,4,0.0,0.0,인천광역시 연수구 한진로 77 송도역서해그랑블더파크 204동 앞 B2F 주차장,서울씨엔지(서울이브이)
CGG00141,인천 무지개마을아파트①_103동 104동 사이,37.4020055,126.6706497,연수구,3,0,3,0,0,3,0.0,0.0,인천광역시 연수구 원인재로 14 무지개마을 103동 104동 사이 지하주차장,서울씨엔지(서울이브이)
CGG00142,인천 무지개마을아파트②_111동 112동 사이,37.4006252,126.6700459,연수구,3,0,3,0,0,3,0.0,0.0,인천광역시 연수구 원인재로 14 무지개마을 111동 112동 사이 지하주차장,서울씨엔지(서울이브이)
CGG00143,인천 무지개마을아파트③_113동 옆,37.4014444,126.6713806,연수구,5,0,5,0,0,5,0.0,0.0,인천광역시 연수구 원인재로 14 무지개마을 113동 옆 지상주차장,서울씨엔지(서울이브이)
CGG00144,인천 무지개마을아파트④_108동 앞,37.4019559,126.6722537,연수구,5,0,5,0,0,5,0.0,0.0,인천광역시 연수구 원인재로 14 무지개마을 108동 테니스장 앞 지상주차장,서울씨엔지(서울이브이)
CGG00145,인천 원당동문굿모닝힐아파트①_605동,37.592845,126.6933623,서구,7,0,7,0,0,7,0.0,0.0,인천광역시 검단구 원당대로820번길 3 원당동문굿모닝힐 605동 뒤 지상주차장,서울씨엔지(서울이브이)
CGG00146,인천 원당동문굿모닝힐아파트②_B1F,37.5932863,126.6932925,서구,2,0,2,0,0,2,0.0,0.0,인천광역시 검단구 원당대로820번길 3 원당동문굿모닝힐 B1F 주차장 A08기둥,서울씨엔지(서울이브이)
CGG00147,인천 효성3차뉴서울아파트_301동,37.5249648,126.7171254,계양구,4,0,4,0,0,4,0.0,0.0,"인천광역시 계양구 새벌로 88 뉴서울3차아파트 301동 3,4라인 앞 지상주차장",서울씨엔지(서울이브이)
CGG00148,인천 효성3차뉴서울아파트_304동,37.5250878,126.7158127,계양구,2,0,2,0,0,2,0.0,0.0,"인천광역시 계양구 새벌로 88 뉴서울3차아파트 1402동 3,4라인 앞 10, 18번 기둥",서울씨엔지(서울이브이)
CGG00149,인천 송도역서해그랑블더파크③_B2 203동 앞,37.4290147,126.6476751,연수구,6,0,6,0,0,6,0.0,0.0,인천광역시 연수구 한진로 77 송도역서해그랑블더파크 203동 앞 B2F 주차장,서울씨엔지(서울이브이)
CGG00150,인천 송도역서해그랑블더파크④_B1 주차장 입구 옆,37.428797,126.6471903,연수구,4,0,4,0,0,4,0.0,0.0,인천광역시 연수구 한진로 77 송도역서해그랑블더파크 B1 주차장 입구,서울씨엔지(서울이브이)
CHB00012,베가호텔,37.4926157,126.7271131,부평구,2,0,2,0,2,0,100.0,0.0,인천광역시 부평구 경원대로1431번길 37 부평동 호텔베가,채움모빌리티
CI0L0002,십리포 힐링 카라반,37.2810116,126.4865174,옹진군,1,0,1,0,1,0,100.0,0.0,"인천광역시 옹진군 영흥면 영흥북로 376 1층, 십리포 힐링 카라반",쿨사인(주)
CI0L0003,힐링하우스,37.6521734,126.5185888,강화군,1,0,1,0,1,0,100.0,0.0,"인천광역시 강화군 불은면 해안동로 313-15 외2필지, 힐링하우스",쿨사인(주)
CI0L0004,에이펙스청라,37.5324661,126.6401516,서구,6,0,6,0,6,0,100.0,0.0,인천광역시 서해구 청라루비로 81 에이펙스청라,쿨사인 주식회사
CI0L0005,저스트그루브,37.5963893,126.4422265,강화군,3,0,3,0,3,0,100.0,0.0,인천광역시 강화군 화도면 해안남로 1632 저스트그루브,쿨사인 주식회사
CI0L0007,(주)현대종합정비충전소,37.5822118,126.6589223,서구,1,0,1,0,1,0,100.0,0.0,인천광역시 검단구 드림로 178,쿨사인 주식회사
CI0L0008,태양의해변,37.6361662,126.3861807,강화군,1,0,1,0,1,0,100.0,0.0,인천광역시 강화군 화도면 해안남로 2782-26 태양의해변,쿨사인 주식회사
CI0L0009,영종스테이호텔,37.4942524,126.5367788,중구,1,0,1,0,1,0,100.0,0.0,인천광역시 영종구 운중로21번길 8 영종스테이호텔,쿨사인 주식회사
CI0L000A,코지네이처펜션,37.5864171,126.5085073,강화군,1,0,1,0,1,0,100.0,0.0,인천광역시 강화군 길상면 동검리 589-11,쿨사인
CI0L000B,바닷가하얀집펜션,37.6518374,126.3341668,강화군,1,0,1,0,1,0,100.0,0.0,인천광역시 강화군 삼산면 매음리 873-1,쿨사인
CI0L000C,봄의언덕,37.6358985,126.5112582,강화군,1,0,1,0,1,0,100.0,0.0,인천광역시 강화군 길상면 길상로 118 지상 1층 주차장 지상 1층 주차장,쿨사인
CI0L000F,카쇼,37.4532969,126.6650788,미추홀구,1,0,1,0,1,0,100.0,0.0,인천광역시 미추홀구 인주대로 255 카쇼,쿨사인 주식회사
CI0L0010,인천지방검찰청,37.4430935,126.6693857,미추홀구,8,0,8,0,8,0,100.0,0.0,인천광역시 미추홀구 소성로163번길 49 인천지방검찰청,쿨사인 주식회사
CI0L0011,프랭클리 로스터리 커피,37.728488,126.4509896,강화군,1,0,1,0,1,0,100.0,0.0,인천광역시 강화군 선원면 시리미로237번길 32 프랭클리 로스터리 커피,쿨사인 주식회사
CI0L0012,인천 중기청,37.4093502,126.6996127,남동구,2,0,2,0,2,0,100.0,0.0,인천광역시 남동구 은봉로 82 인천 중기청,쿨사인 주식회사
CI0L0013,간석동 오피스텔,37.4641258,126.6969627,남동구,2,0,2,0,2,0,100.0,0.0,인천광역시 남동구 주안로235번길 24-28 간석동 오피스텔,쿨사인 주식회사
CI0L0014,청라 하엘에스페이스,37.533852,126.627887,서구,2,0,2,0,2,0,100.0,0.0,인천광역시 서해구 청라한내로 96 하엘에스페이스,쿨사인 주식회사
CI0L0015,논현시네마타워,37.4022835,126.7086048,남동구,2,0,2,0,2,0,100.0,0.0,인천광역시 남동구 논현로26번길 34 논현시네마타워,쿨사인 주식회사
CI0L0016,연수구청 제2청사,37.3788749,126.6586121,연수구,2,2,0,0,2,0,100.0,100.0,인천광역시 연수구 연구단지로 14 연수구 제2청사 1층,쿨사인 주식회사
CI0L0017,인제고등학교,37.461403,126.7129126,남동구,2,0,2,0,2,0,100.0,0.0,인천광역시 남동구 석산로197번길 19 인제고등학교,쿨사인 주식회사
CPCP0005,(주)브릴스,37.3877682,126.649855,연수구,1,0,1,0,1,0,100.0,0.0,인천광역시 연수구 갯벌로 94,캐스트프
CPCP1010,인천교통공사,37.4702,126.7089,남동구,4,0,4,0,0,4,0.0,0.0,인천광역시 남동구 경인로 674 인천교통공사,(주)캐스트프로
CPCP1035,다온플래티넘,37.447768,126.70359,남동구,2,0,2,0,1,1,50.0,0.0,인천광역시 남동구 인주대로604번길 46 다온플래티넘,(주)캐스트프로
CPCP1045,아마다코리아(EVCITY),37.380553,126.641637,연수구,2,0,2,0,2,0,100.0,0.0,인천광역시 연수구 하모니로177번길 12 지상 1층 야외 주차장,캐스트프로
CPCP1053,전등사,37.633,126.485,강화군,1,1,0,0,1,0,100.0,100.0,인천광역시 강화군 길상면 전등사로 37-41,캐스트프로
CPCP1068,드림시티,37.3943,126.6501,연수구,8,0,8,0,8,0,100.0,0.0,인천광역시 연수구 컨벤시아대로 81,캐스트프로
CPCP1075,한국건강관리협회 인천지부,37.449787,126.698601,남동구,11,0,11,0,10,1,90.91,0.0,인천광역시 남동구 인주대로 556,(주)캐스트프로
CPCP1076,한국건강관리협회 인천지부(급속),37.45,126.6986,남동구,1,1,0,0,1,0,100.0,100.0,인천광역시 남동구 인주대로 556 B1층,캐스트프로
CPCT0024,LSG스카이셰프코리아,37.4829,126.4498,중구,3,0,3,0,3,0,100.0,0.0,인천광역시 영종구 공항동로465번길 108,캐스트프로
CPCT0046,씨디종합건설,37.454807,126.722102,남동구,2,0,2,0,1,1,50.0,0.0,인천광역시 남동구 구월로266번길 36-1 실내 지하1층 주차장,(주)캐스트프로
CPCT0055,주식회사 이원,37.416899,126.676363,연수구,2,0,2,0,1,1,50.0,0.0,인천광역시 연수구 용담로99번길 17 지상 2층 주차장,캐스트프로
CPCT3008,씨디종합건설(급속),37.454807,126.722102,남동구,1,1,0,0,1,0,100.0,100.0,인천광역시 남동구 구월로266번길 36-1 실내 지하1층 주차장,(주)캐스트프로
CSCS2105,워시블랑,37.494287,126.702916,부평구,1,0,1,0,1,0,100.0,0.0,인천광역시 부평구 마장로 183 워시블랑 주차장,한국EV충전서비스센터
CU320001,청라메이루즈 커낼파크뷰,37.534999,126.653931,서구,4,0,4,0,4,0,100.0,0.0,인천광역시 서해구 청라라임로 86 청라메이루즈 242동 지하1층,씨어스
CU320002,강나루풍천장어,37.619552,126.53395,강화군,2,0,2,0,2,0,100.0,0.0,인천광역시 강화군 길상면 해안남로 92-6 강나루풍천장어 입구 주차장,(주)씨어스
CU320003,우성식자재마트,37.5370753,126.7295697,계양구,4,0,4,0,0,4,0.0,0.0,인천광역시 계양구 계산로 156 우성식자재마트 지하주차장,(주)씨어스
CU320004,유림골프클럽,37.5286179,126.7575947,계양구,2,0,2,0,2,0,100.0,0.0,인천광역시 계양구 서운산업로 46 유림골프클럽 입구 주차장,(주)씨어스
CU320005,인천교육청북구도서관,37.506566,126.723353,부평구,1,0,1,0,1,0,100.0,0.0,인천광역시 부평구 신트리로 21 인천교육청 북구도서관,씨어스
CU320006,연희동남아파트,37.5455413,126.683195,서구,5,0,5,0,5,0,100.0,0.0,인천광역시 서해구 심곡로132번길 17 지하1층 C6기둥？ 5기,씨어스
CU320009,더샵송도마리나베이,37.4125196,126.611624,연수구,63,0,63,0,63,0,100.0,0.0,"인천광역시 연수구 랜드마크로 160 102동 지하주차장 i10기둥 좌측 (12기), 104동 지하주차장 u01기둥 좌측 (9기), 106동 지하주차장 h10기둥 좌우 (3기), 110동 지하주차장 110기둥 좌우 (",씨어스
CU320011,인천대공원사업소(부평공원),37.4904533,126.7144,부평구,2,0,2,0,2,0,100.0,0.0,인천광역시 부평구 부평공원로 11 부평공원 주차장,씨어스
CU320012,인천대공원사업소(소래습지생태공원),37.4081039,126.746961,남동구,6,0,6,0,6,0,100.0,0.0,인천광역시 남동구 소래로154번길 77 공원주차장,씨어스
CU320013,인천대공원사업소(원적산공원),37.5130625,126.694146,부평구,5,0,5,0,5,0,100.0,0.0,인천광역시 부평구 산곡동 80-22 원적산공원 주차장,씨어스
CU320014,부평도서관,37.484978,126.704573,부평구,1,0,1,0,1,0,100.0,0.0,인천광역시 부평구 경원대로 1191,씨어스
CU320015,굴포초등학교,37.5107424,126.736966,부평구,1,0,1,0,1,0,100.0,0.0,인천광역시 부평구 충선로234번길 19 굴포초등학교,씨어스
CU320016,부평 남부 체육센터,37.5067875,126.721508,부평구,4,0,4,0,4,0,100.0,0.0,인천광역시 부평구 부평대로 168 부평 남부 체육센터,씨어스
CU320019,인천 서구 도서관,37.4942372,126.679308,서구,2,0,2,0,2,0,100.0,0.0,인천광역시 서해구 건지로334번길 45 서구 도서관,씨어스
CU320020,교육과학정보원,37.4907953,126.507156,중구,1,0,1,0,1,0,100.0,0.0,인천광역시 영종구 영종대로277번길 74-10 교육과학정보원,씨어스
CU320021,인천로봇랜드,37.5197183,126.610932,서구,9,0,9,0,9,0,100.0,0.0,인천광역시 서해구 로봇랜드로 155-11 인천로봇랜드,씨어스
CU320022,백령공영주차장,37.4465587,126.63675,미추홀구,4,0,4,0,4,0,100.0,0.0,인천광역시 옹진군 백령면 백령로 285 백령공영주차장,씨어스
CU320023,인천서구청,37.5450984,126.676045,서구,1,0,1,0,1,0,100.0,0.0,인천광역시 서해구 서곶로 307 인천서구청,씨어스
CU320024,인천학생교육문화회관,37.4757293,126.629724,중구,2,0,2,0,2,0,100.0,0.0,인천광역시 제물포구 자유공원로 12 인천학생교육문화회관,씨어스
CU320025,월미공원사업소(장미공원),37.4282962,126.677274,연수구,2,0,2,0,2,0,100.0,0.0,인천광역시 연수구 함박안로 27 인천 연수구 연수동137-40 장미공원,씨어스
CU320026,월미공원사업소(문학공원),37.4266128,126.677824,연수구,2,0,2,0,2,0,100.0,0.0,인천광역시 연수구 함박안로 27 문학공원 주차장,씨어스
CU320027,월미공원사업소(월미1주차장),37.4766588,126.602541,중구,5,0,5,0,5,0,100.0,0.0,인천광역시 제물포구 월미로 131-50 월미1주차장,씨어스
CU320028,월미공원사업소(월미2주차장),37.4695126,126.599527,중구,5,0,5,0,5,0,100.0,0.0,인천광역시 제물포구 월미로 374 인천 중구 북성동1가 1가 102-11 월미2주차장,씨어스
CU320029,계산여고,37.5388112,126.742298,계양구,2,0,2,0,2,0,100.0,0.0,인천광역시 계양구 계산새로 131 계산여고,씨어스
CU320030,귤현초등학교,37.5684012,126.74713,계양구,1,0,1,0,1,0,100.0,0.0,인천광역시 계양구 귤현길 15 귤현초등학교,씨어스
CU320031,인천대중예술고등학교,37.4710212,126.654809,미추홀구,2,0,2,0,2,0,100.0,0.0,인천광역시 미추홀구 석정로 165 인천대중예술고등학교,씨어스
CU320032,화전초등학교,37.5285596,126.730975,계양구,1,0,1,0,1,0,100.0,0.0,인천광역시 계양구 효서로303번길 8 화전초등학교,씨어스
CU320033,숭의초등학교,37.463508,126.655205,미추홀구,1,0,1,0,1,0,100.0,0.0,인천광역시 미추홀구 장천로 99 숭의초등학교,씨어스
CU320034,인천전자마이스터고,37.4710212,126.654809,미추홀구,2,0,2,0,2,0,100.0,0.0,인천광역시 미추홀구 석정로 165 인천전자마이스터고,씨어스
CU320035,산곡중학교,37.5037131,126.698787,부평구,1,0,1,0,1,0,100.0,0.0,인천광역시 부평구 원적로300번길 14 산곡중학교,씨어스
CU320036,능내초등학교,37.6025367,126.666543,서구,1,0,1,0,1,0,100.0,0.0,인천광역시 검단구 검단로540번길 23 능내초등학교,씨어스
CU320037,논곡중학교,37.414466,126.712103,남동구,1,0,1,0,1,0,100.0,0.0,인천광역시 남동구 논곡로 84 논곡중학교,씨어스
CU320038,만수고등학교,37.4470088,126.742502,남동구,1,0,1,0,1,0,100.0,0.0,인천광역시 남동구 장승로 91 만수고등학교,씨어스
CU320039,인천소방고등학교,37.4710212,126.654809,미추홀구,3,0,3,0,3,0,100.0,0.0,인천광역시 미추홀구 석정로 165 인천소방고등학교,씨어스
CU320040,검단고등학교,37.6037848,126.665054,서구,2,0,2,0,2,0,100.0,0.0,인천광역시 검단구 검단로540번길 7 검단고등학교,씨어스
CU320041,인천생활과학고등학교,37.4237037,126.678243,연수구,2,0,2,0,2,0,100.0,0.0,인천광역시 연수구 함박뫼로 103 인천생활과학고등학교,주식회사 씨어스
CU320042,옥련초등학교,37.4251874,126.648829,연수구,1,0,1,0,1,0,100.0,0.0,인천광역시 연수구 옥련동 232 옥련초등학교 옥련초등학교,주식회사 씨어스
CU320043,사리울초등학교,37.3883548,126.723462,남동구,1,0,1,0,1,0,100.0,0.0,인천광역시 남동구 논현동 767-3 사리울초등학교 사리울초등학교,주식회사 씨어스
CU320044,연송고등학교,37.4029348,126.646584,연수구,2,0,2,0,2,0,100.0,0.0,인천광역시 연수구 송도동 15-4 인천연송고등학교 연송고등학교,주식회사 씨어스
CU320045,인화여고,37.4710212,126.654809,미추홀구,1,0,1,0,1,0,100.0,0.0,인천광역시 미추홀구 석정로 165 인화여고,주식회사 씨어스
CU320046,강화고등학교,37.7476328,126.473184,강화군,2,0,2,0,2,0,100.0,0.0,인천광역시 강화군 강화읍 고비고개로 20 강화고등학교,주식회사 씨어스
CU320047,동방중학교,37.4041309,126.719383,남동구,2,0,2,0,2,0,100.0,0.0,인천광역시 남동구 논현역로 41 동방중학교,주식회사 씨어스
CU320048,인천신월초등학교,37.4474345,126.723616,남동구,1,0,1,0,1,0,100.0,0.0,인천광역시 남동구 인주대로776번길 14 신월초등학교,주식회사 씨어스
CU320049,만수중학교,37.4546098,126.736847,남동구,1,0,1,0,1,0,100.0,0.0,인천광역시 남동구 인수로 13 만수중학교,주식회사 씨어스
CU320050,장도초등학교,37.4077141,126.733635,남동구,1,0,1,0,1,0,100.0,0.0,인천광역시 남동구 포구로 112 장도초등학교,주식회사 씨어스
CU320051,인명여자고등학교,37.4399097,126.697428,미추홀구,1,0,1,0,1,0,100.0,0.0,인천광역시 미추홀구 문화로 11 인명여자고등학교,주식회사 씨어스
CU320052,인천디자인고등학교,37.5480944,126.671257,서구,2,0,2,0,2,0,100.0,0.0,인천광역시 서해구 대평로56번길 10 인천디자인고등학교,주식회사 씨어스
CU320053,도화초등학교,37.4634194,126.668261,미추홀구,1,0,1,0,1,0,100.0,0.0,인천광역시 미추홀구 경인로 242 도화초등학교,주식회사 씨어스
CU320054,부원초등학교,37.5019985,126.719524,부평구,1,0,1,0,1,0,100.0,0.0,인천광역시 부평구 원적로472번길 29 부원초등학교,주식회사 씨어스
CU320055,해송고등학교,37.3825432,126.646014,연수구,3,0,3,0,3,0,100.0,0.0,인천광역시 연수구 해송로 20 해송고등학교,주식회사 씨어스
CU320056,부일중학교,37.5204447,126.74037,부평구,2,0,2,0,2,0,100.0,0.0,인천광역시 부평구 영성로 3 부일중학교,주식회사 씨어스
CU320057,인수초등학교,37.4538601,126.736036,남동구,1,0,1,0,1,0,100.0,0.0,인천광역시 남동구 인수로 3 인수초등학교,주식회사 씨어스
CU320058,인천고잔초등학교,37.3929074,126.728368,남동구,1,0,1,0,1,0,100.0,0.0,인천광역시 남동구 아암대로1503번길 48 인천고잔초등학교,주식회사 씨어스
CU320059,현송초등학교,37.3938432,126.620394,연수구,1,0,1,0,1,0,100.0,0.0,인천광역시 연수구 아카데미로312번길 96 현송초등학교 지상주차장,주식회사 씨어스
CU320060,당하중학교,37.5906254,126.66962,서구,1,0,1,0,1,0,100.0,0.0,인천광역시 검단구 청마로 38 당하중학교,주식회사 씨어스
CU320061,인천신정초등학교,37.39709,126.64452,연수구,1,0,1,0,1,0,100.0,0.0,인천광역시 연수구 아트센터대로97번길 72 인천신정초등학교,주식회사 씨어스
CU320062,소래초등학교,37.39709,126.644523,연수구,2,0,2,0,2,0,100.0,0.0,인천광역시 남동구 장도로 2 소래초등학교,주식회사 씨어스
CU320063,인화여자중학교,37.4710212,126.654809,미추홀구,1,0,1,0,1,0,100.0,0.0,인천광역시 미추홀구 석정로 165 인화여자중학교,주식회사 씨어스
CU320065,미송중학교,37.4158407,126.613279,연수구,2,0,2,0,2,0,100.0,0.0,인천광역시 연수구 아카데미로 679 인천미송중학교,주식회사 씨어스
CU320066,장서초등학교,37.4290041,126.745467,남동구,1,0,1,0,1,0,100.0,0.0,인천광역시 남동구 서창남순환로 109 장서초등학교,주식회사 씨어스
CU320067,인천효성중학교,37.5373865,126.710848,계양구,1,0,1,0,1,0,100.0,0.0,인천광역시 계양구 안남로 607 효성중학교,주식회사 씨어스
CU320068,당하초등학교,37.5899727,126.677922,서구,2,0,2,0,2,0,100.0,0.0,인천광역시 검단구 청마로 144 당하초등학교,주식회사 씨어스
CU320069,인천석남중학교,37.4987965,126.679401,서구,1,0,1,0,1,0,100.0,0.0,인천광역시 서해구 건지로 333 인천석남중학교,주식회사 씨어스
CU320070,인천논현중학교,37.4084603,126.732943,남동구,1,0,1,0,1,0,100.0,0.0,인천광역시 남동구 포구로 118 논현중학교,주식회사 씨어스
CU320071,선인고등학교,37.4710212,126.654809,미추홀구,2,0,2,0,2,0,100.0,0.0,인천광역시 미추홀구 석정로 165 선인고등학교,주식회사 씨어스
CU320072,남동초등학교,37.4443741,126.736736,남동구,2,0,2,0,2,0,100.0,0.0,인천광역시 남동구 장승남로33번길 10 남동초등학교,주식회사 씨어스
CU320073,석정여자고등학교,37.4687433,126.694508,남동구,1,0,1,0,1,0,100.0,0.0,인천광역시 남동구 방축로469번길 27 석정여자고등학교,주식회사 씨어스
CU320074,인천연화초등학교,37.4109905,126.681551,연수구,2,0,2,0,2,0,100.0,0.0,인천광역시 연수구 원인재로 150 연화초등학교,주식회사 씨어스
CU320075,원당초등학교,37.5923514,126.691397,서구,1,0,1,0,1,0,100.0,0.0,인천광역시 검단구 원당대로820번길 16 원당초등학교,주식회사 씨어스
CU320076,인천미래생활고등학교,37.5008982,126.7427,부평구,2,0,2,0,2,0,100.0,0.0,인천광역시 부평구 수변로 165 미래생활고등학교,주식회사 씨어스
CU320077,인천비즈니스고등학교,37.4722704,126.666198,미추홀구,2,0,2,0,2,0,100.0,0.0,인천광역시 미추홀구 장고개로 31 인천비즈니스고등학교,주식회사 씨어스
CU320078,인항고등학교,37.4464623,126.640582,미추홀구,1,0,1,0,1,0,100.0,0.0,인천광역시 미추홀구 매소홀로 135 인항고등학교,주식회사 씨어스
CU320079,논현고등학교,37.4039693,126.727267,남동구,2,0,2,0,2,0,100.0,0.0,인천광역시 남동구 청능대로611번길 54 논현고등학교,주식회사 씨어스
CU320080,원창동 공영주차장,37.5095888,126.644361,서구,5,0,5,0,5,0,100.0,0.0,인천광역시 서해구 원창동 381-40,씨어스
CU320082,미송초등학교,37.4144982,126.613274,연수구,2,0,2,0,2,0,100.0,0.0,인천광역시 연수구 아카데미로 667 미송초등학교,주식회사 씨어스
CU320083,병방초등학교,37.5466741,126.741037,계양구,1,0,1,0,1,0,100.0,0.0,인천광역시 계양구 병방로 2 병방초등학교,주식회사 씨어스
CU320084,인천반다비체육센터,37.5463062,126.666569,서구,2,0,2,0,2,0,100.0,0.0,인천광역시 서해구 염곡로 663 인천반다비체육센터,주식회사 씨어스
CU320085,옹진 가족돌봄 문화센터,37.271152,126.49342,옹진군,1,0,1,0,1,0,100.0,0.0,인천광역시 옹진군 영흥면 영흥북로 228 지상주차장,온진군청
CU320086,인천온라인학교,37.5122725,126.728319,부평구,1,0,1,0,1,0,100.0,0.0,인천광역시 부평구 갈월동로 55 지상주차장,학교
CU320087,인천선수단숙소,37.437107,126.686875,미추홀구,1,0,1,0,1,0,100.0,0.0,인천광역시 미추홀구 소성로 360 인천시청선수촌,씨어스
CU320088,국천프라자,37.492599,126.496899,중구,3,0,3,0,3,0,100.0,0.0,인천광역시 영종구 햇내로27번길 14 14,씨어스
CU320089,모도리 공영주차장,37.5301207,126.408652,옹진군,4,0,4,0,4,0,100.0,0.0,인천광역시 옹진군 북도면 모도리 255-2 공영주차장,씨어스
CU320090,중구복합커뮤니티센터,37.4457109,126.411251,중구,1,0,1,0,1,0,100.0,0.0,인천광역시 영종구 남북로6번길 75-1 중구복합커뮤니티센터,씨어스
CU777777,씨어스테스트,37.4768851,126.6636,미추홀구,4,0,4,0,4,0,100.0,0.0,인천광역시 미추홀구 염전로 191 (주)씨어스,씨어스
CU888881,테스트충전소,37.4771551,126.6632909,미추홀구,4,0,4,0,4,0,100.0,0.0,인천광역시 미추홀구 염전로 191 (주)씨어스 1층 실내주차장,(주)씨어스
CU950003,모도리 공영주차장,37.5301207,126.408652,옹진군,1,1,0,0,1,0,100.0,100.0,인천광역시 옹진군 북도면 모도로 124 지상 공영주차장,씨어스
CU950004,모도리 공영주차장,37.5301207,126.408652,옹진군,1,1,0,0,1,0,100.0,100.0,인천광역시 옹진군 북도면 모도로 124 지상 공영주차장,씨어스
CU999999,씨어스생산테스트,37.4768851,126.6636,미추홀구,6,0,6,0,6,0,100.0,0.0,인천광역시 미추홀구 염전로 191,씨어스
CV000097,인천스카이타워,37.4884504,126.5647512,중구,1,1,0,0,1,0,100.0,100.0,"인천광역시 영종구 하늘별빛로65번길 7-9 (중산동, 스카이타워) 지하1층 주차장",채비
CV000199,한국가스공사 인천기지본부,37.349515,126.60881,연수구,2,0,2,0,0,2,0.0,0.0,인천광역시 연수구 인천신항대로 960 한국가스공사 인천기지본부 지상1층 야외주차장,채비
CV000265,와마트 청라점,37.53209,126.658575,서구,2,1,1,0,2,0,100.0,50.0,"인천광역시 서해구 청라에메랄드로76번길 21 (청라동, 청라송도마트) 지상3층 주차장",채비
CV000275,이은스퀘어,37.488995,126.560624,중구,2,0,2,0,2,0,100.0,0.0,"인천광역시 영종구 하늘중앙로195번길 14 (중산동, 이은스퀘어) 지상2층 건물 뒷편 주차장 입구 진입",채비
CV000293,안은의료재단,37.506895,126.72014,부평구,2,0,2,0,2,0,100.0,0.0,인천광역시 부평구 부평대로 175 의료법인 안은의료재단,채비
CV000320,코쿠닝78,37.526772,126.737866,계양구,4,0,4,0,0,4,0.0,0.0,"인천광역시 계양구 효서로370번길 11 (작전동, 코쿠닝78) 지하1층 주차장",채비
CV000568,(주)카네비컴,37.38116,126.662195,연수구,2,0,2,0,2,0,100.0,0.0,"인천광역시 연수구 송도과학로16번길 13-25 (송도동, (주)카네비컴) 지상1층 주차장",채비
CV000607,오류왕길동 행정복지센터,37.596845,126.6373559,서구,1,1,0,0,1,0,100.0,100.0,인천광역시 검단구 봉화로 42 오류 왕길동 행정복지센터,채비
CV000624,강화군보건소,37.737111,126.484783,강화군,4,0,4,0,4,0,100.0,0.0,"인천광역시 강화군 강화읍 충렬사로 26-1 (남산리, 강화군보건소) 지상1층 주차장",채비
CV000662,인천항만공사,37.420644,126.603241,연수구,2,1,1,0,0,2,0.0,50.0,인천광역시 연수구 국제항만대로326번길 29 인천항만공사(일반인출입금지) 지상1층 주차장,채비
CV000714,포르쉐 데스티네이션 호텔에버리치,37.734905,126.474296,강화군,2,0,2,0,2,0,100.0,0.0,인천광역시 강화군 강화읍 화성길50번길 43,채비
CV000772,아우디_인천 전시장(태안모터스),37.449725,126.712536,남동구,1,1,0,0,1,0,100.0,100.0,인천광역시 남동구 인주대로 679 (구월동),채비
CV000787,인천가톨릭대학교 송도국제캠퍼스,37.383141,126.6446509,연수구,3,0,3,0,0,3,0.0,0.0,인천광역시 연수구 송도문화로120번길 20 인천가톨릭대학교 송도국제캠퍼스 인천가톨릭대학교 미카엘관 앞 주차장,채비
CV001045,인천동부교육지원청,37.448531,126.740256,남동구,2,1,1,0,2,0,100.0,50.0,"인천광역시 남동구 인주대로 923 (만수동, 동부교육청) 지하1층, 지상1층 주차장",채비
CV001065,인천 서부교육지원청,37.55238,126.687954,서구,2,1,1,0,2,0,100.0,50.0,인천광역시 서해구 경명대로 713 인천서부교육지원청,채비
CV001072,인천북부교육지원청,37.495692,126.721174,부평구,1,1,0,0,1,0,100.0,100.0,인천광역시 부평구 부평문화로53번길 35 인천북부교육지원청,채비
CV001073,인천남부교육지원청,37.474888,126.621294,중구,1,1,0,0,1,0,100.0,100.0,"인천광역시 제물포구 차이나타운로51번길 45 (송학동1가, 인천광역시남부교육지원청) 지상1층 주차장",채비
CV001168,우신교통(주),37.466306,126.692732,남동구,4,4,0,0,0,4,0.0,100.0,인천광역시 남동구 방축로 500 우신교통(주),채비
CV001257,(주)인천교통,37.46064,126.648403,미추홀구,10,10,0,0,0,10,0.0,100.0,인천광역시 미추홀구 미추로 4 인천교통(주) 지상1층 주차장,채비
CV001273,인천 교직원수련원(영종도),37.4502083,126.3741414,중구,1,1,0,0,1,0,100.0,100.0,인천광역시 영종구 용유서로 358 인천 교직원수련원,채비
CV001274,인천 교직원수련원(선재도),37.237359,126.534054,옹진군,1,1,0,0,1,0,100.0,100.0,인천광역시 옹진군 영흥면 선재로34번길 197 인천 교직원수련원,채비
CV001289,인천운서동 두림타워,37.494906,126.489594,중구,2,2,0,0,2,0,100.0,100.0,인천광역시 영종구 영종대로 94 두림타워 지하1층 실내주차장,채비
CV001310,인천해양환경체험학습장,37.623674,126.379897,강화군,1,1,0,0,1,0,100.0,100.0,인천광역시 강화군 화도면 해안남로 2463 인천해양환경체험학습장,채비
CV001381,일신주공아파트,37.482832,126.740033,부평구,3,0,3,0,3,0,100.0,0.0,인천광역시 부평구 항동로75번길 11 일신주공아파트 지하주차장,채비
CV001390,논현휴먼시아달맞이마을5단지아파트,37.402674,126.718897,남동구,27,0,27,0,27,0,100.0,0.0,"인천광역시 남동구 논현로 105 (논현동, 논현휴먼시아달맞이마을5단지아파트) 지하1층 주차장",채비
CV001391,동양주공4단지아파트,37.562156,126.759058,계양구,7,0,7,0,7,0,100.0,0.0,"인천광역시 계양구 둥그재산길 27 (동양동, 주공아파트) 지하1층 주차장",채비
CV001448,청라월드메르디앙커낼웨이오피스텔,37.532613,126.6593575,서구,1,1,0,0,1,0,100.0,100.0,인천광역시 서해구 청라에메랄드로76번길 21 청라월드메르디앙커낼웨이오피스텔 지하3층 실내주차장,채비
CV001518,한국도로교통공단 경인교통방송,37.445946,126.651458,미추홀구,4,2,2,0,4,0,100.0,50.0,인천광역시 미추홀구 매소홀로 251 TBN경인교통방송 지상1층 야외주차장(정문 좌측),채비
CV001531,송도AT센터오피스텔,37.380332,126.6651433,연수구,2,1,1,0,2,0,100.0,50.0,인천광역시 연수구 송도과학로 70 송도AT센터 오피스텔 지하1층 실내주차장 관리실 앞,채비
CV001553,옹진군 장경리 해수욕장 주차장,37.2782126,126.455764,옹진군,2,0,2,0,2,0,100.0,0.0,"인천광역시 옹진군 영흥면 내리 1329-18 (내리, 장경리 해수욕장) 지상1층 주차장",채비
CV001565,서인천세무서,37.531603,126.624959,서구,4,4,0,0,4,0,100.0,100.0,인천광역시 서해구 청라사파이어로 192 서인천세무서 지상1층 야외주차장,채비
CV001583,국민건강보험공단 인천부평지사,37.522188,126.711257,부평구,1,0,1,0,1,0,100.0,0.0,인천광역시 부평구 안남로434번길 11 국민건강보험공단 인천부평지사 지상1층 야외주차장,채비
CV001602,한국도로교통공단 인천지부,37.418033,126.653125,연수구,3,2,1,0,3,0,100.0,66.67,"인천광역시 연수구 대암로 30 (옥련동, 도로교통공단 인천지부) 지상1층 주차장, 지하1층 주차장",채비
CV001799,인천연수서해그랑블1단지아파트,37.410617,126.66379,연수구,4,0,4,0,0,4,0.0,0.0,"인천광역시 연수구 봉재산로 20 인천연수서해그랑블1단지아파트 지하2층 C180기둥 옆 2기 , C226 기둥 옆 2기",채비
CV001848,등대마을논현휴먼시아14단지아파트,37.408257,126.736478,남동구,12,0,12,0,0,12,0.0,0.0,"인천광역시 남동구 청능대로715번길 22 (논현동, 논현휴먼시아) 지하1층 2주차장 4주차장",채비
CV001964,한국도로교통공단 인천운전면허시험장,37.3841423,126.7073781,남동구,9,2,7,0,9,0,100.0,22.22,"인천광역시 남동구 아암대로 1247 (고잔동, 인천운전면허시험장) 지상1층 정문 우측 주차장",채비
CV002074,청라센트럴에일린의뜰아파트,37.534492,126.646013,서구,19,0,19,0,19,0,100.0,0.0,"인천광역시 서해구 청라커낼로 300 (청라동, 청라센트럴에일린의뜰) 지하1층 A,B동 A04기둥 (3기), C,D동 D38기둥 (5기), 지하2층 A,B동 A03기둥(6기), C,D동 D01기둥(5기)",채비
CV002281,형제전기지식산업센터,37.398924,126.694038,남동구,4,0,4,0,4,0,100.0,0.0,"인천광역시 남동구 남동대로 150 (고잔동, 형제전기지식산업센터) 지상10층 주차장",채비
CV002360,해송마을 동남아파트,37.4024051,126.6677012,연수구,15,0,15,0,0,15,0.0,0.0,"인천광역시 연수구 먼우금로 19 (동춘동, 동남아파트) 지상1층 주차장",채비
CV002603,가톨릭관동대학교 국제성모병원 지하4층,37.542352,126.683565,서구,6,0,6,0,6,0,100.0,0.0,"인천광역시 서해구 심곡로100번길 25 (심곡동, 인천국제성모병원) 지하4층 기둥 50~53",채비
CV002604,가톨릭관동대학교 국제성모병원 지하5층,37.542352,126.683565,서구,8,0,8,0,8,0,100.0,0.0,"인천광역시 서해구 심곡로100번길 25 (심곡동, 인천국제성모병원) 지하5층 65~68기둥",채비
CV002605,가톨릭관동대학교 국제성모병원 지하6층,37.542352,126.683565,서구,6,0,6,0,6,0,100.0,0.0,"인천광역시 서해구 심곡로100번길 25 (심곡동, 인천국제성모병원) 지하6층 52~53기둥",채비
CV002668,홈플러스 청라점,37.532381,126.648735,서구,14,4,10,0,14,0,100.0,28.57,"인천광역시 서해구 청라동 157-22 홈플러스 인천청라점 (청라동, 홈플러스 인천청라점) 지상4층 16번 기둥",채비
CV002768,영종하늘도시 주차타워,37.486275,126.560133,중구,6,6,0,0,6,0,100.0,100.0,"인천광역시 영종구 하늘달빛로 90-27 (중산동, 영종하늘도시) 영종하늘도시 주차타워",채비
CV002778,신거북시장 공영주차장,37.5033027,126.6750142,서구,3,0,3,0,3,0,100.0,0.0,"인천광역시 서해구 석남동 548-7 (석남동, 신거북시장) 지상1층 주차장",채비
CV003018,영종화성파크드림2차아파트,37.487052,126.548745,중구,10,0,10,0,0,10,0.0,0.0,"인천광역시 영종구 은하수로 436 (운남동, 영종국제도시 화성파크드림2차) 지하1층 주차장 기둥 Y20",채비
CV003025,송림풍림아이원 지하1층,37.4807743,126.6495876,동구,8,0,8,0,0,8,0.0,0.0,"인천광역시 제물포구 송미로 6 (송림동, 송림풍림아이원아파트) 지하1층 기둥 C04, C15, A30, B41",채비
CV003030,부평산곡한신아파트,37.5029531,126.7119946,부평구,3,0,3,0,0,3,0.0,0.0,"인천광역시 부평구 원적로416번길 20 (산곡동, 부평산곡한신아파트) 지상1층 주차장",채비
CV003031,부평산곡한신2차아파트,37.5014735,126.7122235,부평구,3,0,3,0,0,3,0.0,0.0,"인천광역시 부평구 원적로416번길 38 (산곡동, 부평산곡 한신아파트) 지상1층 주차장",채비
CV003047,송림풍림아이원 지하2층,37.480359,126.647875,동구,2,0,2,0,0,2,0.0,0.0,"인천광역시 제물포구 송미로 6 (송림동, 송림풍림아이원아파트) 지하2층 기둥 A30 옆",채비
CV003645,아우디_송도 전시장(태안모터스),37.396036,126.638876,연수구,1,1,0,0,1,0,100.0,100.0,"인천광역시 연수구 센트럴로 232 (송도동, 더샵센트럴파크1) 지하1층 주차장",채비
CV003651,송도SK뷰센트럴상가오피스텔,37.3816454,126.639344,연수구,5,0,5,0,5,0,100.0,0.0,"인천광역시 연수구 하모니로188번길 17 (송도동, 송도SK뷰센트럴) 지하1층 주차장",채비
CV003663,문남마을아파트,37.4226691,126.6776234,연수구,6,0,6,0,0,6,0.0,0.0,"인천광역시 연수구 함박뫼로 100 (연수동, 문남마을아파트) 지상1층 102동 뒤 주차장",채비
CV003671,더렉스오피스텔,37.5153457,126.7056445,부평구,4,0,4,0,4,0,100.0,0.0,인천광역시 부평구 세월천로40번길 50 (청천동) 지상1층 주차장,채비
CV003694,효성현대4차아파트 405동,37.5256903,126.7183555,계양구,8,0,8,0,0,8,0.0,0.0,"인천광역시 계양구 새벌로112번길 12 (효성동, 현대4차아파트) 지상1층 405동 앞 주차장",채비
CV003695,효성현대4차아파트 404동,37.5265095,126.7183269,계양구,7,0,7,0,0,7,0.0,0.0,"인천광역시 계양구 새벌로112번길 12 (효성동, 현대4차아파트) 지상1층 404동 앞",채비
CV003696,효성현대4차아파트 401동,37.5265497,126.7174007,계양구,5,0,5,0,0,5,0.0,0.0,"인천광역시 계양구 새벌로112번길 12 (효성동, 현대4차아파트) 지상1층 401동 뒤 주차장",채비
CV003734,신창미션힐아파트 지하1층,37.444197,126.643042,미추홀구,4,0,4,0,0,4,0.0,0.0,"인천광역시 미추홀구 매소홀로 171 (용현동, 신창미션힐) 지하1층 주차장",채비
CV003735,신창미션힐아파트 지상1층,37.444197,126.643042,미추홀구,8,0,8,0,0,8,0.0,0.0,"인천광역시 미추홀구 매소홀로 171 (용현동, 신창미션힐) 지상1층 주차장",채비
CV003754,이편한세상서창아파트,37.426505,126.750421,남동구,10,0,10,0,0,10,0.0,0.0,"인천광역시 남동구 서창남순환로 9 (서창동, 이편한세상서창) 지하1층 주차장",채비
CV003890,연수서해아파트,37.4216091,126.6649809,연수구,3,0,3,0,0,3,0.0,0.0,"인천광역시 연수구 미추홀대로251번길 9 (청학동, 서해아파트) 지상1층 주차장",채비
CV003895,산곡2차현대아파트,37.506606,126.692981,부평구,4,0,4,0,0,4,0.0,0.0,"인천광역시 부평구 원적로269번길 55-5 (산곡동, 산곡2차현대아파트) 지상1층 주차장",채비
CV003896,청라제일풍경채2차에듀앤파크 지하2층329동,37.537714,126.645263,서구,16,0,16,0,0,16,0.0,0.0,"인천광역시 서해구 청라한울로 96 (청라동, 청라제일풍경채2차에듀앤파크) 지하2층 전기실 옆쪽329동 1.2라인 쪽",채비
CV003897,청라제일풍경채2차에듀앤파크 지하2층,37.537714,126.645263,서구,9,0,9,0,0,9,0.0,0.0,"인천광역시 서해구 청라한울로 96 (청라동, 청라제일풍경채2차에듀앤파크) 지하2층 전기실 옆쪽",채비
CV003898,청라제일풍경채2차에듀앤파크 지하2층 기둥E33,37.537714,126.645263,서구,3,0,3,0,0,3,0.0,0.0,"인천광역시 서해구 청라한울로 96 (청라동, 청라제일풍경채2차에듀앤파크) 지하2층 E33기둥 옆",채비
CV003899,청라제일풍경채2차에듀앤파크 지하2층 기둥F19,37.537714,126.645263,서구,3,0,3,0,0,3,0.0,0.0,"인천광역시 서해구 청라한울로 96 (청라동, 청라제일풍경채2차에듀앤파크) 지하2층 F19 기둥옆",채비
CV003900,청라제일풍경채2차에듀앤파크 지하1층 기둥D85,37.537714,126.645263,서구,9,0,9,0,0,9,0.0,0.0,"인천광역시 서해구 청라한울로 96 (청라동, 청라제일풍경채2차에듀앤파크) 지하1층 D85기둥 옆",채비
CV003901,청라제일풍경채2차에듀앤파크 지하1층 기둥D105,37.537714,126.645263,서구,10,0,10,0,0,10,0.0,0.0,"인천광역시 서해구 청라한울로 96 (청라동, 청라제일풍경채2차에듀앤파크) 지하1층 D105 기둥 옆",채비
CV003902,청라제일풍경채2차에듀앤파크 지하1층 329동,37.537714,126.645263,서구,3,0,3,0,0,3,0.0,0.0,"인천광역시 서해구 청라한울로 96 (청라동, 청라제일풍경채2차에듀앤파크) 지하1층 329동 1.2 라인옆 휀룸",채비
CV003903,청라제일풍경채2차에듀앤파크 지하1층 C20,37.537714,126.645263,서구,6,0,6,0,0,6,0.0,0.0,"인천광역시 서해구 청라한울로 96 (청라동, 청라제일풍경채2차에듀앤파크) 지하1층 C20 기둥옆",채비
CV003904,청라제일풍경채2차에듀앤파크 지하1층 A98,37.537714,126.645263,서구,3,0,3,0,0,3,0.0,0.0,"인천광역시 서해구 청라한울로 96 (청라동, 청라제일풍경채2차에듀앤파크) 지하1층 A98 기둥옆",채비
CV003905,청라제일풍경채2차에듀앤파크 지하1층 A99,37.537714,126.645263,서구,6,0,6,0,0,6,0.0,0.0,"인천광역시 서해구 청라한울로 96 (청라동, 청라제일풍경채2차에듀앤파크) 지하1층 A99기둥 옆",채비
CV003906,청라제일풍경채2차에듀앤파크 지하1층 A79,37.537714,126.645263,서구,3,0,3,0,0,3,0.0,0.0,"인천광역시 서해구 청라한울로 96 (청라동, 청라제일풍경채2차에듀앤파크) 지하1층 A79기둥 옆",채비
CV003907,청라제일풍경채2차에듀앤파크 지하1층 B38,37.537714,126.645263,서구,3,0,3,0,0,3,0.0,0.0,"인천광역시 서해구 청라한울로 96 (청라동, 청라제일풍경채2차에듀앤파크) 지하1층 B38기둥 옆",채비
CV003908,청라제일풍경채2차에듀앤파크 지하1층 331동,37.537714,126.645263,서구,9,0,9,0,0,9,0.0,0.0,"인천광역시 서해구 청라한울로 96 (청라동, 청라제일풍경채2차에듀앤파크) 지하1층 331동 3라인",채비
CV003909,청라제일풍경채2차에듀앤파크 지하1층 C52,37.537714,126.645263,서구,6,0,6,0,0,6,0.0,0.0,"인천광역시 서해구 청라한울로 96 (청라동, 청라제일풍경채2차에듀앤파크) 지하1층 C52기둥 옆",채비
CV003910,청라제일풍경채2차에듀앤파크 지하1층 C67,37.537714,126.645263,서구,3,0,3,0,0,3,0.0,0.0,"인천광역시 서해구 청라한울로 96 (청라동, 청라제일풍경채2차에듀앤파크) 지하1층 C67기둥 옆",채비
CV003911,청라제일풍경채2차에듀앤파크 지하1층 B53,37.537714,126.645263,서구,6,0,6,0,0,6,0.0,0.0,"인천광역시 서해구 청라한울로 96 (청라동, 청라제일풍경채2차에듀앤파크) 지하1층 D30기둥 옆",채비
CV003913,삼환만수1단지아파트,37.4492444,126.7334898,남동구,9,0,9,0,0,9,0.0,0.0,"인천광역시 남동구 인주대로 857 (만수동, 삼환아파트) 지상1층 주차장",채비
CV003957,국립인천해양박물관,37.4705843,126.5968162,중구,4,1,3,0,4,0,100.0,25.0,"인천광역시 제물포구 월미로 294 (북성동1가, 국립인천해양박물관) 지상1층 주차장",채비
CV004005,청라제일풍경채2차에듀앤파크 지하1층 D40,37.537714,126.645263,서구,5,0,5,0,0,5,0.0,0.0,"인천광역시 서해구 청라한울로 96 (청라동, 청라제일풍경채2차에듀앤파크) 지하1층 주차장",채비
CV004006,청라제일풍경채2차에듀앤파크 지하1층 D42,37.537714,126.645263,서구,3,0,3,0,0,3,0.0,0.0,"인천광역시 서해구 청라한울로 96 (청라동, 청라제일풍경채2차에듀앤파크) 지상1층 주차장",채비
CV004030,일신골프연습장,37.482082,126.754282,부평구,3,0,3,0,3,0,100.0,0.0,인천광역시 부평구 무네미로 524 (구산동) 지상1층 주차장,채비
CV004157,영종대교휴게소,37.553767,126.607044,서구,4,4,0,0,4,0,100.0,100.0,"인천광역시 서해구 정서진남로 25 (청라동, 영종대교휴게소) 지상1층 주차장",채비
CV004413,렉서스 인천 전시장(베스트토요타),37.449336,126.709536,남동구,2,2,0,0,0,2,0.0,100.0,인천 남동구 성리로 76(구월동),채비
CV004475,국립무의도자연휴양림,37.3902751,126.4104894,중구,1,0,1,0,1,0,100.0,0.0,인천광역시 영종구 하나개로 74 (무의동) 지상1층 주차장,채비
CV004493,벨라미루원,37.5256575,126.6722226,서구,2,1,1,0,2,0,100.0,50.0,"인천광역시 서해구 가정동 183 (가정동, 벨라미빌딩)",채비
CV004509,인천항스마트공동물류센터,37.4185007,126.6194437,연수구,1,0,1,0,1,0,100.0,0.0,"인천광역시 연수구 국제항만대로 160 (송도동, 인천항 스마트물류센터)",채비
CV004515,석남체육공원,37.50998821,126.6750369,서구,8,2,6,0,8,0,100.0,25.0,인천광역시 서해구 신석로111번길 8 (석남동) 공원주차장,채비
CV004592,천주교인천교구묘원,37.585938,126.690173,서구,2,0,2,0,2,0,100.0,0.0,"인천광역시 검단구 드림로 472 (당하동, 하늘의문묘지)",채비
CV004609,염부두민영노외주차장,37.4554601,126.6021735,중구,2,1,1,0,2,0,100.0,50.0,인천광역시 제물포구 연안부두로 24-1 (염부두 주차장),채비
CV004610,북항배후단지남측화물차주차장,37.501354839,126.60897234,서구,1,0,1,0,1,0,100.0,0.0,인천광역시 서해구 북항로363번길 57 (원창동),채비
CV004670,천주교인천교구청,37.4703317,126.6518428,동구,3,0,3,0,3,0,100.0,0.0,"인천광역시 제물포구 박문로 1 (송림동, 인천교구청)",채비
DC320001,송도더샵센트럴시티아파트,37.372066,126.650514,연수구,10,0,10,0,10,0,100.0,0.0,"인천광역시 연수구 송도국제대로 261(송도동, 송도 더샵 센트럴시티) 송도더샵센트럴시티아파트",대성물류건설
DL000068,용종마을신대진아파트,37.5421,126.7414,계양구,10,0,10,0,0,10,0.0,0.0,인천광역시 계양구 용종로 97 용종마을신대진아파트 209동 앞 지상주차,딜라이브
DL000070,용현엘크루윈드포레,37.4576,126.6441,미추홀구,20,0,20,0,0,20,0.0,0.0,"인천광역시 미추홀구 낙섬동로 135 용현엘크루윈드포레 206동 옆 지상주차장, 207동 뒤 지상주차장",딜라이브
DL000091,선학금호아파트,37.4267,126.7001,연수구,12,0,12,0,0,12,0.0,0.0,"인천광역시 연수구 선학로 100 선학동, 금호아파트 5동 뒤 놀이터 옆, 4동 앞, 3동 앞 지상주차장",딜라이브
DL200014,월미도 뽀로로 테마파크,37.4762525,126.5992177,중구,3,0,3,0,3,0,100.0,0.0,인천광역시 제물포구 월미로 222 지하 2층 주차장,딜라이브
DL200015,인천 태흥프라자,37.4584333,126.6898253,미추홀구,3,0,3,0,3,0,100.0,0.0,인천광역시 미추홀구 경원대로 848 주안동 지상 4층 주차장 전기실 앞,딜라이브
DL200016,인천 진원골프클럽,37.4942449,126.6690971,서구,3,0,3,0,3,0,100.0,0.0,인천광역시 서해구 건지로250번길 50 가좌동 지상 1층 정면,딜라이브
DL200018,인천 한일아파트,37.6060493,126.6587814,서구,2,0,2,0,2,0,100.0,0.0,"인천광역시 검단구 검단로501번길 44 마전동, 한일아파트 지상 1층 1동앞",딜라이브
DO000004,대한송유관공사 인천펌프장,37.506863,126.651692,서구,2,2,0,0,2,0,100.0,100.0,인천광역시 서해구 중봉대로306번길 25 정문 경비실 우측,대한송유관공사
DO000007,SK 무의연수원,37.399448,126.421375,중구,2,0,2,0,0,2,0.0,0.0,인천광역시 영종구 대무의로 159 지상 주차장,대한송유관공사
DO000018,부원 공영주차장,37.491373,126.718538,부평구,1,1,0,0,1,0,100.0,100.0,인천광역시 부평구 부평동 341-193 정문 출입게이트 우측,대한송유관공사
DO000019,연세대학교 국제캠퍼스,37.379818,126.671689,연수구,1,1,0,0,1,0,100.0,100.0,인천광역시 연수구 송도과학로 85 캠퍼스 511동 부근 야외주차장,대한송유관공사
DYME2016,인천 아주3차아파트,37.4640077,126.7364822,남동구,2,0,2,0,2,0,100.0,0.0,인천광역시 남동구 만수로105번길 23,동양이엔피
DYME2053,인천 한덕주상복합아파트(주안금양아파트),37.4427869,126.6789952,미추홀구,4,0,4,0,0,4,0.0,0.0,"인천광역시 미추홀구 미추홀대로 510 주안동, 한덕주상복합아파트 건물뒤편 1층주차장",동양이엔피
DYME2054,인천 햇빛마을벽산아파트,37.4641868,126.7230746,남동구,26,0,26,0,0,26,0.0,0.0,"인천광역시 남동구 서판로 35 지상주차장 106동, 108동, 116동, 117동, 119동 부근",동양이엔피
EAPRIDIN,프리딕션[일양로지스 인천],37.4,126.62,연수구,2,0,2,0,0,2,0.0,0.0,인천광역시 서해구 원창동 393-196 택배차고지 내부,EVAR
EASCLIC1,삼천리 인천본부,37.44140211,126.6366048,미추홀구,5,0,5,0,5,0,100.0,0.0,인천광역시 미추홀구 아암대로227번길 70-52,에바
EBICC001,인천구치소,37.4441997,126.6686598,미추홀구,6,0,6,0,6,0,100.0,0.0,인천광역시 미추홀구 학익소로 30 인천구치소,일렉트리
EBIGH001,인천 계양구 효성동 수영장,37.5264398,126.7104408,계양구,3,3,0,0,3,0,100.0,100.0,인천광역시 계양구 안남로 483 지하 1층,일렉트리
EBIHS001,인천해사고등학교,37.468233,126.601452,중구,2,0,2,0,2,0,100.0,0.0,인천광역시 제물포구 월미로 338 인천해사고등학교,일렉트리
EC000006,서창현대모닝사이드,37.43856,126.7453536,남동구,3,0,3,0,0,3,0.0,0.0,인천광역시 남동구 매소홀로 1103,이지차저
EC000165,송웰카운티3단지 308동 B2,37.3812289,126.6458915,연수구,5,0,5,0,5,0,100.0,0.0,인천광역시 연수구 해송로30번길 19,이지차저
EC000432,송도웰카운티1단지 B2 101동,37.378605638,126.64860549,연수구,6,0,6,0,6,0,100.0,0.0,인천광역시 연수구 해송로 143 101동 지하2층 주차장,이지차저
EC000433,송도웰카운티1단지 B2 103동,37.378674325,126.64746481,연수구,3,0,3,0,3,0,100.0,0.0,인천광역시 연수구 해송로 143 103동 지하2층 주차장,이지차저
EC000434,송도웰카운티1단지 B2 107동,37.378527535,126.64658482,연수구,3,0,3,0,3,0,100.0,0.0,인천광역시 연수구 해송로 143 107동 지하2층 주차장,이지차저
EC000435,송도웰카운티1단지 B2 110동,37.37746519,126.64687207,연수구,3,0,3,0,3,0,100.0,0.0,인천광역시 연수구 해송로 143 지하2층 110동 110동 지하2층 주차장,이지차저
EC000436,송도웰카운티1단지 B2 111동,37.377051737,126.64721272,연수구,3,0,3,0,3,0,100.0,0.0,인천광역시 연수구 해송로 143 지하2층 111동 111동 지하2층 주차장,이지차저
EC000437,송도웰카운티1단지 B2 113동,37.376278721,126.64783731,연수구,4,0,4,0,4,0,100.0,0.0,인천광역시 연수구 해송로 143 113동 지하2층 주차장,이지차저
EC000438,송도웰카운티1단지 B2 116동,37.3764743,126.64998156,연수구,3,0,3,0,3,0,100.0,0.0,인천광역시 연수구 해송로 143 116동 지하2층 주차장,이지차저
EC000439,송도웰카운티1단지 B2 118동,37.377493442,126.65031554,연수구,3,0,3,0,3,0,100.0,0.0,인천광역시 연수구 해송로 143 118동 지하2층 주차장,이지차저
EC000440,송도웰카운티1단지 B2 120동,37.37699451,126.64917752,연수구,3,0,3,0,3,0,100.0,0.0,인천광역시 연수구 해송로 143 120동 지하2층 주차장,이지차저
EC000441,송도웰카운티1단지 B2 124동,37.377597582,126.64897148,연수구,3,0,3,0,3,0,100.0,0.0,인천광역시 연수구 해송로 143 124동 지하2층 주차장,이지차저
EC000442,송도웰카운티1단지 B2 125동,37.377743217,126.64946759,연수구,2,0,2,0,2,0,100.0,0.0,인천광역시 연수구 해송로 143 125동 지하2층 주차장,이지차저
EC000653,브라운스톤계양스카이,37.526551,126.7250465,계양구,1,0,1,0,1,0,100.0,0.0,인천광역시 계양구 아나지로299번길 11 B1 104동 입구,이지차저
EC000728,검암마젤란21아파트 B1주차장 출입구 정면,37.5657586,126.671551,서구,5,0,5,0,5,0,100.0,0.0,인천광역시 서해구 도요지로189번길 104 주차장,이지차저
EC000840,블루핸즈 남동서비스,37.3905952,126.7131512,남동구,1,0,1,0,1,0,100.0,0.0,인천광역시 남동구 논현고잔로88번길 16 주식회사 남동서비스,이지차저
EC000844,주식회사 오토테크 실내주차장,37.4073555,126.6921412,남동구,1,0,1,0,1,0,100.0,0.0,인천광역시 남동구 남동서로 198 실내주차장,이지차저
EC000882,부평아이파크오피스텔 B2 18기둥,37.5082155,126.7025647,부평구,2,0,2,0,2,0,100.0,0.0,인천광역시 부평구 길주로364번길 9 지하2층 18번기둥,이지차저
EC002477,송도더샵파크애비뉴 B2층 기계실 앞,37.384463,126.6361282,연수구,4,0,4,0,4,0,100.0,0.0,인천광역시 연수구 컨벤시아대로252번길 10 주차장,이지차저
EC002478,송도더샵파크애비뉴 B2층 1604동앞 5기,37.3848612,126.6360342,연수구,5,0,5,0,5,0,100.0,0.0,인천광역시 연수구 컨벤시아대로252번길 10 주차장,이지차저
EC002508,이편한세상영종하늘도시 108동 지하2층  B82기둥,37.4779985,126.513302,중구,5,0,5,0,5,0,100.0,0.0,인천광역시 영종구 숲쟁이로 12 108동 지하2층  B82기둥,이지차저
EC002509,이편한세상영종하늘도시 104동 지하2층  B100기둥,37.4774912,126.5142775,중구,5,0,5,0,5,0,100.0,0.0,인천광역시 영종구 숲쟁이로 12 104동 지하2층  B100기둥,이지차저
EC002701,송도웰카운티3단지 302동 B2,37.3805429,126.6463721,연수구,2,0,2,0,2,0,100.0,0.0,인천광역시 연수구 해송로30번길 19 주차장,이지차저
EC003179,솔빛마을주공2차2단지 204동 지하1층 주차장,37.4810887,126.636594,동구,4,0,4,0,4,0,100.0,0.0,인천광역시 제물포구 화수로 8-10 204동 지하1층 주차장,이지차저
EC003263,송도랜드마크시티센트럴더샵 B1 201동 기둥g01,37.4161821,126.6221464,연수구,10,0,10,0,10,0,100.0,0.0,인천광역시 연수구 랜드마크로 68 B1 201동 기둥g01,이지차저
EC003264,송도랜드마크시티센트럴더샵 B3 204동전기실앞기둥i06,37.4157762,126.6227273,연수구,10,0,10,0,10,0,100.0,0.0,인천광역시 연수구 랜드마크로 110 B3 204동전기실앞기둥i06,이지차저
EC003329,송도더샵퍼스트파크 13단지 1305동 지하2층,37.3886279,126.6317927,연수구,2,0,2,0,2,0,100.0,0.0,인천광역시 연수구 컨벤시아대로252번길 70 주차장,이지차저
EC003330,송도더샵퍼스트파크 13단지 1303동 지하2층 08기둥,37.3876734,126.6320006,연수구,9,0,9,0,9,0,100.0,0.0,인천광역시 연수구 컨벤시아대로252번길 70 주차장,이지차저
EC003348,송도더샵마스터뷰23-1블럭 2303동 B2,37.3817608,126.6335566,연수구,4,0,4,0,4,0,100.0,0.0,인천광역시 연수구 컨벤시아대로274번길 15 주차장,이지차저
EC003411,논현메디스타워관리단 지하주차장,37.3990753,126.7253232,남동구,1,0,1,0,1,0,100.0,0.0,인천광역시 남동구 논고개로 87 주차장,이지차저
EC003472,운서역푸르지오더스카이 260동 지하2층 주차장,37.4803423,126.5059803,중구,3,0,3,0,3,0,100.0,0.0,인천광역시 영종구 흰바위로 277 주차장,이지차저
EC003473,운서역푸르지오더스카이 259동 지하2층 주차장,37.4800488,126.506898,중구,3,0,3,0,3,0,100.0,0.0,인천광역시 영종구 흰바위로 277 주차장,이지차저
EC003474,운서역푸르지오더스카이 262동 지하2층 주차장,37.4794768,126.5058617,중구,5,0,5,0,5,0,100.0,0.0,인천광역시 영종구 흰바위로 277 주차장,이지차저
EC003475,운서역푸르지오더스카이 251동 지하2층 주차장,37.4777338,126.5070376,중구,4,0,4,0,4,0,100.0,0.0,인천광역시 영종구 흰바위로 277 주차장,이지차저
EC003508,운서역푸르지오더스카이 265동 지하2층 주차장,37.4787101,126.5056463,중구,3,0,3,0,3,0,100.0,0.0,인천광역시 영종구 흰바위로 277 주차장,이지차저
EC003509,운서역푸르지오더스카이 257동 지하2층 주차장,37.4791504,126.5069859,중구,6,0,6,0,6,0,100.0,0.0,인천광역시 영종구 흰바위로 277 주차장,이지차저
EC003510,운서역푸르지오더스카이 254동 지하2층 주차장,37.4785341,126.507739,중구,6,0,6,0,6,0,100.0,0.0,인천광역시 영종구 흰바위로 277 주차장,이지차저
EC003683,영종주공스카이빌10단지 1002동,37.49174167,126.48840108,중구,2,0,2,0,2,0,100.0,0.0,인천광역시 영종구 흰바위로 34 1002동 56호 지상주차장,이지차저
EC003684,영종주공스카이빌10단지 1012동,37.491689138,126.48927495,중구,2,0,2,0,2,0,100.0,0.0,인천광역시 영종구 흰바위로 34 1012동 놀이터 지상주차장,이지차저
EC003697,주식회사 라코아 지상5층 주차장,37.4232445,126.7517255,남동구,2,0,2,0,2,0,100.0,0.0,인천광역시 남동구 서창남순환로10번길 50 주식회사 라코아 5층 주차장,이지차저
EC003768,농업회사법인 강화마니,37.6356256,126.4146766,강화군,1,0,1,0,1,0,100.0,0.0,인천광역시 강화군 화도면 마니산로 750-21 농업회사법인 강화마니 사업장 외부 벽면,이지차저
EC003952,논현시티관리단,37.3989715,126.7244296,남동구,2,0,2,0,2,0,100.0,0.0,인천광역시 남동구 앵고개로847번길 72 논현시티관리단,이지차저
EC003953,서창비젼프라자 B2,37.4224295,126.7508357,남동구,3,0,3,0,3,0,100.0,0.0,인천광역시 남동구 서창방산로 55 B2,이지차저
EC003954,구월힐스테이트 롯데캐슬 1511동,37.4541118,126.7132956,남동구,3,0,3,0,3,0,100.0,0.0,인천광역시 남동구 구월로 192 1511동 주차장,이지차저
EC003955,구월힐스테이트 롯데캐슬 1103동,37.4540221,126.7115865,남동구,2,0,2,0,2,0,100.0,0.0,인천광역시 남동구 구월로 192 1103동 주차장,이지차저
EC003956,구월힐스테이트 롯데캐슬 1201동,37.4532518,126.7107079,남동구,2,0,2,0,2,0,100.0,0.0,인천광역시 남동구 구월로 192 1201동 주차장,이지차저
EC003999,송도더샵마스터뷰21블럭 2102동 B2,37.384530341,126.6310195,연수구,2,0,2,0,2,0,100.0,0.0,인천광역시 연수구 컨벤시아대로274번길 55,이지차저
EC004000,송도더샵마스터뷰21블럭 2104동 B2,37.3832342,126.6300153,연수구,3,0,3,0,3,0,100.0,0.0,인천광역시 연수구 컨벤시아대로274번길 55 주차장,이지차저
EC004084,송도더샵퍼스트파크15단지 B2 1501동,37.3867738,126.6353615,연수구,2,0,2,0,2,0,100.0,0.0,인천광역시 연수구 컨벤시아대로252번길 30 주차장,이지차저
EC004085,송도더샵퍼스트파크15단지 B2 1502동,37.3865119,126.6358992,연수구,5,0,5,0,5,0,100.0,0.0,인천광역시 연수구 컨벤시아대로252번길 30 주차장,이지차저
EC004086,송도더샵퍼스트파크15단지 B2 1503동,37.3863641,126.6361652,연수구,5,0,5,0,5,0,100.0,0.0,인천광역시 연수구 컨벤시아대로252번길 30 주차장,이지차저
EC004087,송도더샵퍼스트파크15단지 B2 1504동,37.3859938,126.6344337,연수구,2,0,2,0,2,0,100.0,0.0,인천광역시 연수구 컨벤시아대로252번길 30 주차장,이지차저
EC004088,송도더샵퍼스트파크15단지 B2 1504동,37.386282,126.635107,연수구,3,0,3,0,3,0,100.0,0.0,인천광역시 연수구 컨벤시아대로252번길 30 주차장,이지차저
EC004089,송도더샵퍼스트월드 B1 K15기둥,37.3911427,126.6483889,연수구,9,0,9,0,9,0,100.0,0.0,인천광역시 연수구 해돋이로 107 송도더샵퍼스트월드 지하1층 주차장 k15번 기둥,이지차저
EC004090,송도더샵퍼스트월드 B1 P29기둥,37.3913418,126.6479475,연수구,9,0,9,0,9,0,100.0,0.0,인천광역시 연수구 해돋이로 107 지하1층 주차장 P29 기둥,이지차저
EC004091,송도더샵퍼스트월드 B2 F07기둥,37.3909846,126.6482485,연수구,6,0,6,0,6,0,100.0,0.0,인천광역시 연수구 해돋이로 107 송도더샵퍼스트월드 지하2층 주차장 f07번 기둥,이지차저
EC004092,송도더샵퍼스트월드 B2 T06기둥,37.3914584,126.6469928,연수구,6,0,6,0,6,0,100.0,0.0,인천광역시 연수구 해돋이로 107 지하2층 주차장 t06번 기둥,이지차저
EC004093,송도더샵퍼스트월드 B2 A26기둥,37.3917177,126.6478329,연수구,3,0,3,0,3,0,100.0,0.0,인천광역시 연수구 해돋이로 107 지하2층 주차장 a26번 기둥,이지차저
EC004094,송도더샵퍼스트월드 B2 F23기둥,37.391677,126.6477935,연수구,6,0,6,0,6,0,100.0,0.0,인천광역시 연수구 해돋이로 107 지하2층 주차장 f23번 기둥,이지차저
EC004095,송도더샵퍼스트월드 B2 P22기둥,37.3909206,126.6486835,연수구,6,0,6,0,6,0,100.0,0.0,인천광역시 연수구 해돋이로 107 지하2층 주차장 P22 기둥,이지차저
EC004096,송도더샵퍼스트월드 B2 W17기둥,37.3916098,126.6479237,연수구,3,0,3,0,3,0,100.0,0.0,인천광역시 연수구 해돋이로 107 지하2층 주차장 w17번 기둥,이지차저
EC004097,송도더샵퍼스트월드 B2 G39기둥,37.3911469,126.6490438,연수구,6,0,6,0,6,0,100.0,0.0,인천광역시 연수구 해돋이로 107 지하2층 주차장 g39번 기둥,이지차저
EC004098,송도더샵퍼스트월드 B2 U38기둥,37.3911758,126.6496874,연수구,5,0,5,0,5,0,100.0,0.0,인천광역시 연수구 해돋이로 107 지하2층 주차장 U38번 기둥,이지차저
EC004285,초정마을두산쌍용아파트 1주차장 B1,37.541096,126.7404861,계양구,3,0,3,0,3,0,100.0,0.0,인천광역시 계양구 계양문화로 142 주차장,이지차저
EC004286,초정마을두산쌍용아파트 301동,37.541096,126.7404861,계양구,3,0,3,0,3,0,100.0,0.0,인천광역시 계양구 계양문화로 142 지상 301동 앞,이지차저
EC004287,초정마을두산쌍용아파트 2주차장 B1,37.541096,126.7404861,계양구,3,0,3,0,3,0,100.0,0.0,인천광역시 계양구 계양문화로 142 주차장,이지차저
EC004288,초정마을두산쌍용아파트 303동,37.541096,126.7404861,계양구,3,0,3,0,3,0,100.0,0.0,인천광역시 계양구 계양문화로 142 지상 303동 앞,이지차저
EC004289,초정마을두산쌍용아파트 3주차장 B1,37.541096,126.7404861,계양구,3,0,3,0,3,0,100.0,0.0,인천광역시 계양구 계양문화로 142 주차장,이지차저
EC004290,초정마을두산쌍용아파트 307동,37.541096,126.7404861,계양구,3,0,3,0,3,0,100.0,0.0,인천광역시 계양구 계양문화로 142 지상 307동 앞,이지차저
EC004291,초정마을두산쌍용아파트 4주차장 B1,37.541096,126.7404861,계양구,3,0,3,0,3,0,100.0,0.0,인천광역시 계양구 계양문화로 142 주차장,이지차저
EC004292,초정마을두산쌍용아파트 309동,37.541096,126.7404861,계양구,3,0,3,0,3,0,100.0,0.0,인천광역시 계양구 계양문화로 142 지상 309동 앞,이지차저
EC004293,초정마을두산쌍용아파트 5주차장 B1,37.541096,126.7404861,계양구,2,0,2,0,2,0,100.0,0.0,인천광역시 계양구 계양문화로 142 주차장,이지차저
EC004316,송도더샵퍼스트월드 B2 4동 (급),37.3903595,126.6478731,연수구,1,1,0,0,1,0,100.0,100.0,인천광역시 연수구 해돋이로 107 주차장,이지차저
EC004370,부평신성미소지움아파트 관리실 앞 지상주차장,37.4840381,126.7167428,부평구,3,0,3,0,3,0,100.0,0.0,인천광역시 부평구 경인로 858 관리실 앞 지상주차장,이지차저
EC004634,인천백병원,37.4819875,126.6454819,동구,2,0,2,0,0,2,0.0,0.0,인천광역시 제물포구 샛골로 214,이지차저
EC004976,부평우체국,37.5092881,126.7084323,부평구,5,0,5,0,5,0,100.0,0.0,인천광역시 부평구 길주로 415,이지차저
EC004986,인천계양우체국,37.5377721,126.7363735,계양구,2,0,2,0,2,0,100.0,0.0,인천광역시 계양구 계산새로 76,이지차저
EC004987,인천남동우체국,37.401862521,126.71188266,남동구,3,0,3,0,3,0,100.0,0.0,인천광역시 남동구 논현로46번길 7,이지차저
EC005006,부평대로우체국,37.4991578,126.7225546,부평구,2,0,2,0,2,0,100.0,0.0,인천광역시 부평구 부평대로 88,이지차저
EC005007,북인천우체국,37.4915386,126.7215353,부평구,2,0,2,0,2,0,100.0,0.0,인천광역시 부평구 경원대로 1373,이지차저
EC280005,신트리공원 (급),37.505927,126.7236047,부평구,4,4,0,0,4,0,100.0,100.0,인천광역시 부평구 신트리로 21,이지차저
EC280006,라이크홈 메디컬센터,37.386364,126.6439449,연수구,2,0,2,0,2,0,100.0,0.0,인천광역시 연수구 인천타워대로132번길 34 1층 지하주차장 진입구 옆,이지차저
EC280012,송도힐스테이트 3단지 B2 A19기둥,37.3962691,126.6501899,연수구,2,0,2,0,0,2,0.0,0.0,인천광역시 연수구 컨벤시아대로 70 송도힐스테이트 3단지 3단지 B2 A19기둥,이지차저
EC280013,송도힐스테이트 4단지 B2 A11기둥,37.3955961,126.6495181,연수구,2,0,2,0,2,0,100.0,0.0,"인천광역시 연수구 컨벤시아대로 90 (송도동, 인천송도힐스테이트) 4단지 B2 A11기둥",이지차저
EC280014,송도힐스테이트 5단지 B2 A13기둥,37.3948682,126.6487037,연수구,2,0,2,0,2,0,100.0,0.0,"인천광역시 연수구 컨벤시아대로 90 (송도동, 인천송도힐스테이트) 5단지 B2 A13기둥",이지차저
EC280015,송도힐스테이트 6단지 B2 A32기둥,37.3941668,126.6479644,연수구,2,0,2,0,0,2,0.0,0.0,인천광역시 연수구 컨벤시아대로 100 송도힐스테이트 6단지 6단지 B2 A32기둥,이지차저
EC280049,검단지식산업센터,37.5958671,126.6148993,서구,18,0,18,0,18,0,100.0,0.0,"인천광역시 검단구 보듬로 158 정문지상주차장 01-09 , 후문 지상주차장 10-18",이지차저
EC280050,금호오션타워,37.3937609,126.6781396,남동구,6,0,6,0,6,0,100.0,0.0,인천광역시 남동구 능허대로 583 지하1층 08번기둥,이지차저
EC280052,루원시티SK리더스뷰,37.5239382,126.669459,서구,34,0,34,0,0,34,0.0,0.0,"인천광역시 서해구 가정로 437 지하3층 D49,D50,D53 / 지하4층 D47,D48,D49,D50",이지차저
EC280053,송도랜드마크푸르지오시티 B3,37.4051702,126.6283948,연수구,16,0,16,0,16,0,100.0,0.0,인천광역시 연수구 아트센터대로168번길 101 지하3층 A12번기둥 / Y17번기둥 / Y22번기둥 / 7번휀룸옆,이지차저
EC280054,중부소방서 (급),37.4700853,126.6221909,중구,1,1,0,0,1,0,100.0,100.0,인천광역시 제물포구 인중로 204,이지차저
EC280055,수문통 공영주차장 (급),37.4809788,126.6359868,동구,4,4,0,0,4,0,100.0,100.0,인천광역시 제물포구 송현동 120,이지차저
EC280056,신포동 공영주차장 (급),37.4705674,126.6236843,중구,2,2,0,0,2,0,100.0,100.0,인천광역시 제물포구 해안동4가 1-1,이지차저
EC280057,인천중구국민체육센터 (급),37.4401197,126.6293422,중구,6,6,0,0,6,0,100.0,100.0,인천광역시 제물포구 축항대로296번길 81,이지차저
EC280058,주안역 공영주차장 (급),37.4647598,126.6792169,미추홀구,2,2,0,0,2,0,100.0,100.0,인천광역시 미추홀구 주안동 237-1,이지차저
EC280059,인천미추홀소방서 (급),37.4484,126.6690045,미추홀구,2,2,0,0,2,0,100.0,100.0,인천광역시 미추홀구 인하로 190,이지차저
EC280060,숭의2동 제7노외주차장 (급),37.4626057,126.6488712,미추홀구,1,1,0,0,1,0,100.0,100.0,인천광역시 미추홀구 숭의동 131-24,이지차저
EC280061,숭의2동 제7노외주차장 (급),37.4626196,126.6490124,미추홀구,4,4,0,0,4,0,100.0,100.0,인천광역시 미추홀구 숭의동 131-24,이지차저
EC280062,신기 남부 공영주차장 (급),37.4462155,126.6786452,미추홀구,4,4,0,0,4,0,100.0,100.0,인천광역시 미추홀구 주안동 1271-8,이지차저
EC280063,송현주공 앞 공영주차장 (급),37.4807675,126.6450326,동구,2,2,0,0,2,0,100.0,100.0,인천광역시 제물포구 송림동 22-245,이지차저
EC280064,송현주공 앞 공영주차장 (급),37.4809495,126.6433896,동구,2,2,0,0,2,0,100.0,100.0,인천광역시 제물포구 송현동 7-2,이지차저
EC280065,관교동 제2노외주차장 (급),37.4423033,126.6938704,미추홀구,1,1,0,0,1,0,100.0,100.0,인천광역시 미추홀구 경원대로652번길 19-21,이지차저
EC280066,동구청공영주차장 (급),37.4729227,126.6430602,동구,4,4,0,0,4,0,100.0,100.0,인천광역시 제물포구 금곡동 55-5,이지차저
EC280067,만석부두 공영주차장 (급),37.4912146,126.6217913,동구,2,2,0,0,2,0,100.0,100.0,인천광역시 제물포구 만석동 2-379,이지차저
EC280068,현대시장 공영주차장 (급),37.4771434,126.6473419,동구,2,2,0,0,2,0,100.0,100.0,인천광역시 제물포구 송림동 49-172,이지차저
EC280069,인천여성의광장 (급),37.4130463,126.6652298,연수구,2,2,0,0,2,0,100.0,100.0,인천광역시 연수구 앵고개로 183-1,이지차저
EC280071,연수역 남부 공영주차장 (급),37.4188037,126.6767244,연수구,2,2,0,0,2,0,100.0,100.0,인천광역시 연수구 청학동 466-1,이지차저
EC280072,연수 벚꽃로 공영주차장 (급),37.4170153,126.679498,연수구,2,2,0,0,2,0,100.0,100.0,인천광역시 연수구 벚꽃로 123,이지차저
EC280073,함박뫼로 50번길 주차장,37.4203832,126.6760963,연수구,1,0,1,0,1,0,100.0,0.0,인천광역시 연수구 연수동 644-3,이지차저
EC280074,늘봄공원 공영주차장 (급),37.4132397,126.6785854,연수구,1,1,0,0,1,0,100.0,100.0,인천광역시 연수구 연수동 603 늘봄공원,이지차저
EC280075,송도2동 쌈지공영주차장 (급),37.4038446,126.6423181,연수구,2,2,0,0,2,0,100.0,100.0,인천광역시 연수구 송도동 16-2,이지차저
EC280076,동춘동 공영주차장 (급),37.4078464,126.6714828,연수구,2,2,0,0,2,0,100.0,100.0,인천광역시 연수구 앵고개로246번길 7-14,이지차저
EC280077,샘말공원 공영주차장 (급),37.4140422,126.6804043,연수구,1,1,0,0,1,0,100.0,100.0,인천광역시 연수구 연수동 622,이지차저
EC280078,청학동4 공영주차장 (급),37.4270926,126.6644701,연수구,4,4,0,0,4,0,100.0,100.0,인천광역시 연수구 청학동 79-2,이지차저
EC280081,송도지구 제1공영주차장 (급),37.3795453,126.6449429,연수구,6,6,0,0,6,0,100.0,100.0,인천광역시 연수구 송도동 9-9,이지차저
EC280082,송도지구 제1공영주차장 (급),37.379776,126.6452551,연수구,2,2,0,0,2,0,100.0,100.0,인천광역시 연수구 송도동 9-9,이지차저
EC280083,제4공영주차장 (급),37.3853519,126.6433036,연수구,2,2,0,0,2,0,100.0,100.0,인천광역시 연수구 송도동 8-5,이지차저
EC280084,제6공영주차장 (급),37.3787556,126.6430216,연수구,2,2,0,0,2,0,100.0,100.0,인천광역시 연수구 송도동 11-98,이지차저
EC280085,제7공영주차장 (급),37.3759823,126.6451319,연수구,2,2,0,0,2,0,100.0,100.0,인천광역시 연수구 송도동 11-106,이지차저
EC280086,청학동2 공영주차장 (급),37.4273194,126.6626218,연수구,1,1,0,0,1,0,100.0,100.0,인천광역시 연수구 청학동 90-5,이지차저
EC280087,제9공영주차장 (급),37.3980833,126.6500787,연수구,2,2,0,0,2,0,100.0,100.0,인천광역시 연수구 송도동 20-19,이지차저
EC280088,송도14 공영주차장 (급),37.3937627,126.6454631,연수구,2,2,0,0,2,0,100.0,100.0,인천광역시 연수구 송도동 22-10,이지차저
EC280089,맑은내공원 주차장 (급),37.5204573,126.6917923,부평구,6,6,0,0,6,0,100.0,100.0,인천광역시 부평구 청천동 68-24,이지차저
EC280090,부개역 공영주차장 (급),37.4890728,126.7393723,부평구,2,2,0,0,2,0,100.0,100.0,인천광역시 부평구 부개동 206-1,이지차저
EC280091,청천천 공영주차장 (급),37.5165889,126.7157206,부평구,12,12,0,0,12,0,100.0,100.0,인천광역시 부평구 평천로 226,이지차저
EC280095,연수3동 공영주차장 (급),37.4227566,126.6974287,연수구,4,4,0,0,4,0,100.0,100.0,인천광역시 연수구 경원대로 429 주차장 진입 우측,이지차저
EC280096,한국생산기술연구원 (급),37.3836681,126.6514369,연수구,2,2,0,0,2,0,100.0,100.0,인천광역시 연수구 송도동 7-47,이지차저
EC280097,송도3동 행정복지센터 주차장 (급),37.3711639,126.6603926,연수구,4,4,0,0,4,0,100.0,100.0,인천광역시 연수구 송도동 194-3,이지차저
EC280098,인천스타트업파크 (급),37.3872948,126.6401964,연수구,2,2,0,0,2,0,100.0,100.0,인천광역시 연수구 송도동 93,이지차저
EC280099,인천스타트업파크,37.3879121,126.6400196,연수구,2,0,2,0,2,0,100.0,0.0,인천광역시 연수구 컨벤시아대로 204,이지차저
EC280101,신거북시장 주차장 (급),37.5033816,126.6749075,서구,2,2,0,0,2,0,100.0,100.0,인천광역시 서해구 석남동 548-7,이지차저
EC280102,인천문화예술회관 (급),37.448006327,126.70011637,남동구,2,2,0,0,2,0,100.0,100.0,인천광역시 남동구 예술로 149,이지차저
EC280103,계산체육공원 공영주차장 (급),37.5443986,126.7289883,계양구,2,2,0,0,2,0,100.0,100.0,인천광역시 계양구 주부토로 570,이지차저
EC280104,계양문화회관 부설주차장 (급),37.5460711,126.7181464,계양구,1,1,0,0,1,0,100.0,100.0,인천광역시 계양구 계양산로35번길 11,이지차저
EC280105,인천환경공단 공촌사업소 (급),37.5453058,126.606051,서구,4,4,0,0,4,0,100.0,100.0,인천광역시 서해구 청라동 5-1,이지차저
EC280106,인천광역시 미추홀도서관 (급),37.4470692,126.724852,남동구,2,2,0,0,2,0,100.0,100.0,인천광역시 남동구 인주대로776번길 53,이지차저
EC280107,인천광역시농업기술센터 (급),37.5336736,126.7440998,계양구,2,2,0,0,2,0,100.0,100.0,인천광역시 계양구 살라리로2번길 33,이지차저
EC280108,검단 복지회관 (급),37.6003111,126.6653908,서구,6,6,0,0,6,0,100.0,100.0,인천광역시 검단구 완정로92번길 18,이지차저
EC280109,검단소방서 (급),37.5937123,126.6831963,서구,4,4,0,0,4,0,100.0,100.0,인천광역시 검단구 당하동 1320-8,이지차저
EC280110,인천서부소방서 (급),37.543365,126.677298,서구,2,2,0,0,2,0,100.0,100.0,인천광역시 서해구 서곶로 292,이지차저
EC280111,남동구청 (급),37.4465547,126.7321208,남동구,12,12,0,0,12,0,100.0,100.0,인천광역시 남동구 소래로 633,1544-3332
EC280112,갈현체육공원 (급),37.5776676,126.7285631,계양구,2,2,0,0,2,0,100.0,100.0,인천광역시 계양구 갈현동 68,이지차저
EC280113,계양역 공영주차장 (급),37.570542619,126.73801613,계양구,4,4,0,0,4,0,100.0,100.0,인천광역시 계양구 다남로 24,이지차저
EC280114,인천대공원역 공영주차장 (급),37.4485425,126.7530332,남동구,2,2,0,0,2,0,100.0,100.0,인천광역시 남동구 수인로 3677,이지차저
EC280115,계산3 공영주차장 (급),37.535291,126.7359078,계양구,1,1,0,0,1,0,100.0,100.0,인천광역시 계양구 계산동 1075,이지차저
EC280116,남동택시가족쉼터 (급),37.4012286,126.7132991,남동구,2,2,0,0,2,0,100.0,100.0,인천광역시 남동구 논현고잔로 211-60,이지차저
EC280117,공단소방서 (급),37.4081755,126.693,남동구,4,4,0,0,4,0,100.0,100.0,인천광역시 남동구 남동서로 208,이지차저
EC280118,공단소방서,37.4080914,126.693106,남동구,2,0,2,0,2,0,100.0,0.0,인천광역시 남동구 남동서로 208,이지차저
EC280119,인천종합비즈니스센터 (급),37.405198,126.6959469,남동구,4,4,0,0,4,0,100.0,100.0,인천광역시 남동구 남동대로215번길 30,이지차저
EC280120,계산4 공영주차장 (급),37.5319233,126.7350788,계양구,3,3,0,0,3,0,100.0,100.0,인천광역시 계양구 도두리로6번길 23,이지차저
EC280121,소래도서관 (급),37.3931809,126.7231949,남동구,1,1,0,0,1,0,100.0,100.0,인천광역시 남동구 앵고개로 793,이지차저
EC280122,계양산 공영주차장 (급),37.547302,126.7265684,계양구,1,1,0,0,1,0,100.0,100.0,인천광역시 계양구 계양산로102번길 4,이지차저
EC280123,서운산업단지 공영주차장 (급),37.5357578,126.7538789,계양구,1,1,0,0,1,0,100.0,100.0,인천광역시 계양구 서운동 210-3,이지차저
EC280124,임학 공영주차장 (급),37.5487844,126.7350894,계양구,1,1,0,0,1,0,100.0,100.0,인천광역시 계양구 화산로 15,이지차저
EC280125,소래아트홀 (급),37.3874638,126.7245963,남동구,6,6,0,0,6,0,100.0,100.0,인천광역시 남동구 아암대로1437번길 32,이지차저
EC280126,에이티아이 기술연구소,37.3681189,126.6498076,연수구,4,0,4,0,4,0,100.0,0.0,인천광역시 연수구 송도미래로 41 지하2층주차장 TPS실 앞,이지차저
EC280127,레지던스 라이크홈,37.3675102,126.653867,연수구,6,0,6,0,6,0,100.0,0.0,인천광역시 연수구 첨단대로 80 지상1층 주차장,이지차저
EC280128,신성글라스텍,37.52861,126.7581391,계양구,1,0,1,0,1,0,100.0,0.0,인천광역시 계양구 서운산업로50번길 12-32 지상주차장,이지차저
EC280129,대화빌딩 앞 주차장 (급),37.5065864,126.6709345,서구,2,2,0,0,2,0,100.0,100.0,인천광역시 서해구 석남동 518-5,이지차저
EC280130,삼성빌딩 앞 주차장 (급),37.4522969,126.6999382,남동구,2,2,0,0,2,0,100.0,100.0,인천광역시 남동구 구월동 1337,이지차저
EC280131,동구 중앙시장 주차장,37.4742278,126.6351858,동구,1,0,1,0,1,0,100.0,0.0,인천광역시 제물포구 송현동 98-120,이지차저
EC280132,굴포천 광장 주차장,37.5047253,126.7196278,부평구,2,0,2,0,2,0,100.0,0.0,인천광역시 부평구 부평동 56-4,이지차저
EC280134,인천환경공단 승기사업소,37.3981871,126.6681367,연수구,5,0,5,0,5,0,100.0,0.0,인천광역시 연수구 능허대로 484,이지차저
EC280135,루원시티SK리더스뷰2차 101동,37.5238696,126.6798775,서구,8,0,8,0,0,8,0.0,0.0,인천광역시 서해구 봉오대로 270 지하2층 101동 29기둥,이지차저
EC280136,루원시티SK리더스뷰2차 103동,37.523802,126.6815351,서구,38,0,38,0,0,38,0.0,0.0,인천광역시 서해구 봉오대로 270 지하3층주차장 103동 뒤 27기둥,이지차저
EC280137,루원시티SK리더스뷰2차 104동,37.5237549,126.6824176,서구,13,0,13,0,0,13,0.0,0.0,인천광역시 서해구 봉오대로 270 지하2층주차장 104동 뒤 45기둥,이지차저
EC280138,루원시티SK리더스뷰2차 106동,37.5236283,126.6839454,서구,7,0,7,0,0,7,0.0,0.0,인천광역시 서해구 봉오대로 270 지하1층주차장 106동 9기둥,이지차저
EC280139,루원시티SK리더스뷰2차 107동,37.5231486,126.6822901,서구,11,0,11,0,0,11,0.0,0.0,인천광역시 서해구 봉오대로 270 지하2층주차장 107동 뒤 33기둥,이지차저
EC280140,루원시티SK리더스뷰2차 108동,37.5231784,126.6816339,서구,21,0,21,0,1,20,4.76,0.0,인천광역시 서해구 봉오대로 270 지하3층주차장 108동 뒤 45기둥,이지차저
EC280141,루원시티SK리더스뷰2차 102동,37.5231667,126.6806384,서구,9,0,9,0,0,9,0.0,0.0,인천광역시 서해구 봉오대로 270 지하3층주차장 102동 19기둥,이지차저
EC280142,뉴코아 인천점,37.444015732,126.70069159,남동구,8,0,8,0,8,0,100.0,0.0,인천광역시 남동구 인하로 485,이지차저
EC280143,2001아울렛 부평점,37.4904229,126.7106779,부평구,6,0,6,0,6,0,100.0,0.0,인천광역시 부평구 경원대로 1277 철골주차장 2층,이지차저
EC280144,투엠프라자,37.4262867,126.7480493,남동구,2,0,2,0,2,0,100.0,0.0,인천광역시 남동구 서창남로 81 지하2층 주차장,이지차저
EC280147,송도풍림아이원3단지아파트,37.3916276,126.6524237,연수구,8,0,8,0,0,8,0.0,0.0,인천광역시 연수구 해돋이로84번길 29 304동 앞 지상주차장,이지차저
EC280148,회화마을 커뮤니티센터,37.5168686,126.6672757,서구,1,0,1,0,1,0,100.0,0.0,인천광역시 서해구 새오개로78번길 16 회화마을 커뮤니티센터,이지차저
EC280149,월미도 공영주차장,37.4751418,126.5986176,중구,2,0,2,0,2,0,100.0,0.0,인천광역시 제물포구 월미로234번길 7 월미도 공영주차,이지차저
EC280155,세중시그니쳐,37.594690075,126.71677538,서구,4,0,4,0,0,4,0.0,0.0,인천광역시 검단구 이음1로 383,이지차저
EC280156,부평아이파크오피스텔,37.5081423,126.7028862,부평구,1,0,1,0,0,1,0.0,0.0,인천광역시 부평구 길주로364번길 9 부평아이파크오피스텔 102동,이지차저
EC280157,부평아이파크오피스텔,37.5081423,126.7028862,부평구,1,1,0,0,0,1,0.0,100.0,인천광역시 부평구 길주로364번길 9 부평아이파크오피스텔 102동,이지차저
EC280158,부평아이파크오피스텔,37.5081423,126.7028862,부평구,1,1,0,0,0,1,0.0,100.0,인천광역시 부평구 길주로364번길 9 부평아이파크오피스텔  지하1층 램프 좌측,이지차저
EC280159,힐스테이트학익 112동,37.4428007,126.6483554,미추홀구,11,0,11,0,0,11,0.0,0.0,인천광역시 미추홀구 독배로251번길 24 지하1층 112동,이지차저
EC280160,만수5동 행정복지센터,37.4579678,126.7277731,남동구,1,0,1,0,1,0,100.0,0.0,인천광역시 남동구 만경로28번길 3 후문 좌측,이지차저
EC280161,가재울꿈어린이도서관,37.4941111,126.6786044,서구,1,0,1,0,1,0,100.0,0.0,인천광역시 서해구 건지로334번길 45 지상 2번째 건물 하부,이지차저
EC280162,계양공원 숲속교실,37.5463577,126.7123465,계양구,1,0,1,0,1,0,100.0,0.0,인천광역시 계양구 경명대로955번길 17,이지차저
EC280163,계양공원 동측주차장,37.5501316,126.7233864,계양구,2,0,2,0,1,1,50.0,0.0,인천광역시 계양구 계산동 548-11,이지차저
EC280164,청학동 안골마을 주변주차장(푸르뫼맘앤키즈 건물 앞),37.4295451,126.6608294,연수구,1,0,1,0,1,0,100.0,0.0,인천광역시 연수구 청솔로 51 푸르뫼맘앤키즈 건물 앞,이지차저
EC280165,청학동 안골마을 주변주차장(오성빌라 다동 옆),37.4307347,126.6615514,연수구,1,0,1,0,1,0,100.0,0.0,인천광역시 연수구 청솔로78번길 15 오성빌라 다동 옆,이지차저
EC280166,청학동 안골마을 주변주차장(인천반석교회 옆),37.4292809,126.6689187,연수구,1,0,1,0,1,0,100.0,0.0,인천광역시 연수구 계림로57번길 50 인천반석교회 옆,이지차저
EC280167,청학동 안골마을 주변주차장(신현대 부동산 옆),37.4280784,126.6684896,연수구,2,0,2,0,2,0,100.0,0.0,인천광역시 연수구 계림로 89 신현대 부동산 옆,이지차저
EC280168,청학동 안골마을 주변주차장(행복한 부동산 앞),37.4275177,126.6672663,연수구,1,0,1,0,1,0,100.0,0.0,인천광역시 연수구 청학로12번길 71 행복한 부동산 앞,이지차저
EC280169,청학동 안골마을 주변주차장(전원까치빌라),37.4295451,126.6608294,연수구,1,0,1,0,1,0,100.0,0.0,인천광역시 연수구 청솔로 51 전원까치빌라,이지차저
EC280170,청학동 안골마을 주변주차장(경성주택 앞),37.427808,126.6659991,연수구,1,0,1,0,1,0,100.0,0.0,인천광역시 연수구 청학로12번길 43 경성주택 앞,이지차저
EC280171,청학동 안골마을 주변주차장(청량아파트 A동 옆),37.4283053,126.6632966,연수구,1,0,1,0,1,0,100.0,0.0,인천광역시 연수구 청학로 13 청량아파트 A동 옆,이지차저
EC280172,청학동 안골마을 주변주차장(진양빌라 B동 옆),37.4288842,126.6688846,연수구,1,0,1,0,1,0,100.0,0.0,인천광역시 연수구 계림로91번길 23 진양빌라 B동 옆,이지차저
EC280174,함박로 주차장(HALAL MARKET 앞),37.4257215,126.6801495,연수구,1,0,1,0,1,0,100.0,0.0,인천광역시 연수구 함박로 26 HALAL MARKET 앞,이지차저
EC280175,함박로 주차장(CU연수함박점),37.4245951,126.6859651,연수구,1,0,1,0,1,0,100.0,0.0,인천광역시 연수구 함박로88번길 3 CU연수함박점 앞,이지차저
EC280180,삼산농산물도매시장 주차장 1,37.520547,126.750143,부평구,26,7,19,0,26,0,100.0,26.92,인천광역시 부평구 영성동로 46 채소동쪽 주차장 1,이지차저
EC280181,송도경복궁식당,37.3902518,126.6387896,연수구,2,0,2,0,2,0,100.0,0.0,인천광역시 연수구 테크노파크로 180 경복궁 식당 앞 지상주차장,이지차저
EC410253,송도더샵마스터뷰23-1블럭 B2,37.3823731,126.6328496,연수구,4,0,4,0,4,0,100.0,0.0,인천광역시 연수구 컨벤시아대로274번길 15 지하2층주차장 전기실 앞 08기둥,이지차저
EC410258,영종도2차풍림아이원1단지 101동,37.4986761,126.483508,중구,1,0,1,0,0,1,0.0,0.0,인천광역시 영종구 신도시북로43번길 11 101동 지상주차장,이지차저
EC410259,영종도2차풍림아이원1단지 102동,37.4986847,126.483932,중구,1,0,1,0,0,1,0.0,0.0,인천광역시 영종구 신도시북로43번길 11 102동 지상주차장,이지차저
EC410260,영종도2차풍림아이원1단지 103동,37.4986617,126.4843421,중구,1,0,1,0,0,1,0.0,0.0,인천광역시 영종구 신도시북로43번길 11 103동 지상주차장,이지차저
EC410261,영종도2차풍림아이원1단지 104동,37.4986636,126.4847775,중구,1,0,1,0,0,1,0.0,0.0,인천광역시 영종구 신도시북로43번길 11 104동 지상주차장,이지차저
EK221008,연수태산아파트(INO),37.42070451,126.6812648,연수구,5,0,5,0,0,5,0.0,0.0,인천광역시 연수구 먼우금로 282 지하주차장 P-1 PNL 우측,이노케이텍
EM000012,EV충전소 SK인천대교주유소 (ev Most),37.396492,126.661617,연수구,1,0,0,1,1,0,100.0,0.0,인천광역시 연수구 아암대로 815,evmost
EO000014,E1 인천도림 전기차 충전소,37.417091976,126.71536844,남동구,2,2,0,0,2,0,100.0,100.0,인천광역시 남동구 호구포로 388,E1
EO000029,E1 인천개인택시 복지제3충전소 전기차충전소,37.431685,126.707689,남동구,8,8,0,0,8,0,100.0,100.0,인천광역시 남동구 남동대로 551 E1 LPG 충전소 내부에 위치,E1
EO000112,E1 물류 전기차 충전소,37.525349,126.751311,계양구,2,2,0,0,2,0,100.0,100.0,인천광역시 계양구 아나지로 528 컴인워시 인천서운점 진입 후 좌측,E1
EO000134,남인천농협,37.4258255,126.6571537,연수구,2,2,0,0,2,0,100.0,100.0,인천광역시 연수구 한나루로 188 (옥련동 334-1),E1
EO000200,강화남부농협,37.6389895,126.4944405,강화군,2,0,2,0,2,0,100.0,0.0,인천광역시 강화군 길상면 길상로 298 (온수리592-27),E1
EO000297,E1CT 전기차충전소,37.441548,126.611827,중구,2,0,2,0,2,0,100.0,0.0,인천광역시 제물포구 서해대로93번길 42 E1CT,E1
EP190058,인천 삼우운수합자회사,37.4406948,126.6560095,미추홀구,2,0,2,0,0,2,0.0,0.0,인천광역시 미추홀구 노적산로 62 1층 출입구 왼쪽 담장,이카플러그
EP190059,인천 송도웰카운티 4단지 1,37.3816764,126.6456249,연수구,8,0,8,0,0,8,0.0,0.0,"인천광역시 연수구 해송로30번길 20 제1주차장 지하 2층, 제2주차장 지하 2층",이카플러그
EP190060,인천 동일운수합자회사,37.4395186,126.6568239,미추홀구,2,0,2,0,0,2,0.0,0.0,인천광역시 미추홀구 노적산로 66-42 3층주차장기숙사옆,이카플러그
EP200172,인천 푸르지오서비스㈜(송도IBS타워),37.3980386,126.6339425,연수구,4,0,4,0,0,4,0.0,0.0,인천광역시 연수구 센트럴로 263 지하주차장,이카플러그
EP200173,인천 나인호텔,37.4595959,126.6795216,미추홀구,1,0,1,0,0,1,0.0,0.0,인천광역시 미추홀구 미추홀대로697번길 9-3 건물입구주차장,이카플러그
EP200212,인천 피카소모텔,37.4638183,126.6458003,미추홀구,2,0,2,0,0,2,0.0,0.0,인천광역시 미추홀구 미추로 45-13 구내주차장,이카플러그
EP200218,인천 어르니펜션,37.2712257,126.4481869,옹진군,2,0,2,0,0,2,0.0,0.0,인천광역시 옹진군 영흥면 영흥로757번길 52 구내주차장,이카플러그
EP200220,인천 ㈜문성,37.2478226,126.524535,옹진군,2,0,2,0,1,1,50.0,0.0,인천광역시 옹진군 영흥면 선재로 224 구내주차장,이카플러그
EP200304,인천 지구샵케미칼,37.7190692,126.4103156,강화군,2,0,2,0,0,2,0.0,0.0,인천광역시 강화군 내가면 고비고개로741번길 40 하늘그림펜션 구내주차장,이카플러그
EP200306,인천 천서리횟집,37.7010244,126.3766937,강화군,2,0,2,0,0,2,0.0,0.0,인천광역시 강화군 내가면 해안서로 917-1 구내주차장,이카플러그
EP200312,인천 모텔피렌체,37.247851,126.4787954,옹진군,2,0,2,0,0,2,0.0,0.0,인천광역시 옹진군 영흥면 영흥남로9번길 102-23 구내주차장,이카플러그
EP200313,인천 대명쏘스삼겹살전문,37.247851,126.4787954,옹진군,2,0,2,0,0,2,0.0,0.0,인천광역시 옹진군 영흥면 영흥남로9번길 102-23 구내주차장,이카플러그
EP200316,인천 향유,37.6628316,126.5254922,강화군,2,0,2,0,0,2,0.0,0.0,인천광역시 강화군 불은면 해안동로 458 구내주차장,이카플러그
EP200359,인천 예쁜펜션하늘정원,37.6160509,126.4009467,강화군,2,0,2,0,0,2,0.0,0.0,인천광역시 강화군 화도면 동녘말길220번길 63 구내주차장,이카플러그
EP200360,인천 햇살오토캠핑장,37.6068255,126.4829906,강화군,2,0,2,0,0,2,0.0,0.0,인천광역시 강화군 길상면 해안남로 760-22 구내주차장,이카플러그
EP200421,인천 씨티2000오피스텔,37.5451088,126.7374341,계양구,2,0,2,0,0,2,0.0,0.0,인천광역시 계양구 장제로863번길 15 지하3층주차장,이카플러그
EP200493,인천시설공단 급속충전소,37.44364,126.6459033,미추홀구,2,2,0,0,2,0,100.0,100.0,인천광역시 미추홀구 독배로251번길 60 (학익동 587-7)힐스테이트 정문 입구 공원 힐스테이트 정문 입구 공원,(주)이카플러그
EP210003,송담초등학교,37.4102486,126.6148306,연수구,1,0,1,0,1,0,100.0,0.0,인천광역시 연수구 아카데미로 627 주차장,(주)이카플러그
EP210062,청라 롯데캐슬 오피스텔 급속충전소,37.5302536,126.6477824,서구,2,2,0,0,2,0,100.0,100.0,인천광역시 서해구 청라커낼로 252 지하2층 7,(주)이카플러그
EP210064,홈플러스 숭의점 급속충전소,37.4655868,126.6435082,미추홀구,1,1,0,0,1,0,100.0,100.0,인천광역시 미추홀구 석정로 51 지하3층 M17구역,(주)이카플러그
EP210065,펜타스타호텔 급속충전소,37.5954958,126.6318033,서구,1,1,0,0,1,0,100.0,100.0,인천광역시 검단구 오류로14번길 23 지하1층,(주)이카플러그
EP210142,주식회사동인천서비스,37.4635712,126.6379177,중구,1,0,1,0,1,0,100.0,0.0,"인천광역시 제물포구 인중로 43 (신흥동3가, 현대자동차 동인천서비스) 3층주차장 3층주차장",이카플러그
EP210154,청라한양수자인레이크블루,37.5384422,126.6310394,서구,1,0,1,0,0,1,0.0,0.0,"인천광역시 서해구 청라한내로 132 (청라동, 청라국제금융단지한양수자인레이크블루)651동 지하1층 Y17기둥 651동 지하1층 Y17기둥",이카플러그
EP210164,세종캐슬오피스텔,37.4670023,126.7119239,남동구,2,0,2,0,2,0,100.0,0.0,인천광역시 남동구 간석로 40 주차장,이카플러그
EP210178,청라풍림엑슬루타워,37.5311254,126.6506347,서구,5,0,5,0,5,0,100.0,0.0,"인천광역시 서해구 중봉대로586번길 22 (청라동, 청라 풍림 엑슬루타워) 지하1층 11번기둥 지하1층 11번기둥",(주)이카플러그
EP210179,스카이파크리움오피스텔,37.4898751,126.5005537,중구,4,0,4,0,4,0,100.0,0.0,인천광역시 영종구 영종대로196번길 15-15 (운서동) 지하2층 출입구 지하2층 출입구,(주)이카플러그
EP210223,에스케이브로드밴드주식회사(인천),37.5421106,126.7281524,계양구,4,0,4,0,0,4,0.0,0.0,인천광역시 계양구 주부토로 535 구내주차장/옥외,(주)이카플러그
EP210231,스카이파크리움오피스텔 급속충전소,37.4898751,126.5005536,중구,2,2,0,0,2,0,100.0,100.0,인천광역시 영종구 영종대로196번길 15-15 지하2층 입구쪽,(주)이카플러그
EP210269,논현한라아파트,37.4045592,126.7374286,남동구,2,0,2,0,0,2,0.0,0.0,인천광역시 남동구 포구로 64-8 지하주차장,(주)이카플러그
EP220171,청라한양수자인레이크블루1 충전소,37.537642961,126.630289,서구,1,0,1,0,0,1,0.0,0.0,"인천광역시 서해구 청라한내로 132 (청라동, 청라국제금융단지한양수자인레이크블루) 653동 B1F 032기둥",(주)이카플러그
EP220172,청라한양수자인레이크블루2 충전소,37.538519252,126.6288759,서구,1,0,1,0,0,1,0.0,0.0,"인천광역시 서해구 청라한내로 132 (청라동, 청라국제금융단지한양수자인레이크블루) 650동 B1F G01기둥",(주)이카플러그
EP220173,청라한양수자인레이크블루3 충전소,37.53668004,126.62850041,서구,1,0,1,0,0,1,0.0,0.0,"인천광역시 서해구 청라한내로 132 (청라동, 청라국제금융단지한양수자인레이크블루) 647동 B1F G101기둥",(주)이카플러그
EP220228,인천 더원스테이트1 충전소,37.5229371,126.6998491,부평구,1,0,1,0,1,0,100.0,0.0,"인천광역시 부평구 부평북로 65 (청천동),더원 스테이트 지하1층 전기실앞",이카플러그
EP220229,인천 더원스테이트2 충전소,37.5229371,126.6998491,부평구,1,0,1,0,1,0,100.0,0.0,"인천광역시 부평구 부평북로 65 (청천동),더원 스테이트 2동 지상1층 입구우측",(주)이카플러그
EP220359,인천 청라엑슬루타워오피스텔 충전소,37.531057629,126.65057566,서구,5,0,5,0,5,0,100.0,0.0,인천광역시 서해구 중봉대로586번길 22 B1F 주차장,이카플러그
EP220375,인천 이토타워오피스텔,37.44624178,126.70100635,남동구,5,0,5,0,5,0,100.0,0.0,인천광역시 남동구 예술로 138 B4F 출입구,이카플러그
EP220401,하나은행 인천주안공단지점 급속충전소,37.483009059,126.67628779,서구,2,2,0,0,2,0,100.0,100.0,인천광역시 서해구 장고개로 192 구내주차장,이카플러그
EP220545,인천 청라한양수자인레이크블루4 충전소,37.538442239,126.6310394,서구,1,0,1,0,1,0,100.0,0.0,인천광역시 서해구 청라한내로 132 644동 B1F,이카플러그
EP220546,인천 청라한양수자인레이크블루5 충전소,37.536652159,126.63110287,서구,1,0,1,0,1,0,100.0,0.0,인천광역시 서해구 청라한내로 132 641동 B1F,이카플러그
EP220584,인천 청라롯데캐슬오피스텔 1,37.530298952,126.64783285,서구,2,0,2,0,2,0,100.0,0.0,인천광역시 서해구 청라커낼로 252 주차장,이카플러그
EP220585,인천 청라롯데캐슬오피스텔 2,37.53025357,126.64778238,서구,6,0,6,0,2,4,33.33,0.0,인천광역시 서해구 청라커낼로 252 지하2층 주차장,이카플러그
EP220639,인천 송도웰카운티3단지,37.3816748,126.6456248,연수구,8,0,8,0,7,1,87.5,0.0,인천광역시 연수구 해송로30번길 20 B2F 주차장 출입구 맞은편,이카플러그
EP220664,인천 루원시티 주차빌딩 충전소(NEWK),37.526797098,126.67116441,서구,4,0,4,0,4,0,100.0,0.0,인천광역시 서해구 봉오재3로94번길 19 5층 주차장,이카플러그
EP220724,인천강화교육지원청 급속충전소,37.708114732,126.44922357,강화군,2,2,0,0,2,0,100.0,100.0,인천광역시 강화군 불은면 중앙로 607 주차장,이카플러그
EP220725,신문 제3공영주차장 급속충전소,37.74298326,126.48149739,강화군,2,2,0,0,2,0,100.0,100.0,인천광역시 강화군 강화읍 청하동길47번길 9-27 신문리 480-6 공영주차장,이카플러그
EP220744,강화읍 신문 공영주차장 급속충전소,37.744672767,126.48001063,강화군,2,2,0,0,2,0,100.0,100.0,인천광역시 강화군 강화읍 향나무길31번길 8-7 주차장,이카플러그
EP230035,인천 어울림복지센터 급속충전소,37.529267515,126.70568017,계양구,1,1,0,0,1,0,100.0,100.0,인천광역시 계양구 봉오대로 510 주차장,이카플러그
EP230066,인천동구청 급속충전소(조달청),37.4763937,126.6482499,동구,2,2,0,0,2,0,100.0,100.0,인천광역시 제물포구 새천년로 93 B1F 정제실 옆 인천 동구 송림동 125-3 주차장,이카플러그
EP230081,인천 코텍 급속충전소,37.3802454,126.6360131,연수구,2,2,0,0,2,0,100.0,100.0,인천광역시 연수구 벤처로24번길 26 주차장,이카플러그
EP230091,인천 성원자동차공업사(렌탈),37.4993748,126.67781,서구,1,0,1,0,1,0,100.0,0.0,인천광역시 서해구 서달로11번길 1 야외주차장,이카플러그
EP230109,인천 불로문화체육센터,37.613001081,126.68587891,서구,2,0,2,0,2,0,100.0,0.0,인천광역시 검단구 검단로768번1길 3 옥내주차장,이카플러그
EP230120,인천 청람초등학교,37.538696356,126.64531328,서구,1,0,1,0,1,0,100.0,0.0,인천광역시 서해구 청라커낼로 336 주차장,이카플러그
EP230121,인천 서운중학교,37.526155105,126.74479603,계양구,1,0,1,0,1,0,100.0,0.0,인천광역시 계양구 아나지로 467 주차장,이카플러그
EP230122,인천 학산초등학교,37.439732327,126.65806529,미추홀구,1,0,1,0,1,0,100.0,0.0,인천광역시 미추홀구 한나루로357번길 66 주차장,이카플러그
EP230123,인천 신현북초등학교,37.518320518,126.66670216,서구,1,0,1,0,1,0,100.0,0.0,인천광역시 서해구 원창로 147 주차장,이카플러그
EP230124,인천 영종고등학교,37.485318994,126.50168247,중구,1,0,1,0,1,0,100.0,0.0,인천광역시 영종구 영종대로278번길 34 주차장,이카플러그
EP230125,인천 경원초등학교,37.461366021,126.69576921,미추홀구,1,0,1,0,1,0,100.0,0.0,인천광역시 미추홀구 경인로 511 주차장,이카플러그
EP230126,인천 작전여자고등학교,37.532135561,126.73007747,계양구,2,0,2,0,2,0,100.0,0.0,인천광역시 계양구 주부토로426번길 15 주차장,이카플러그
EP230127,인천 석남초등학교,37.509778684,126.68026398,서구,1,0,1,0,1,0,100.0,0.0,인천광역시 서해구 서달로130번길 4 주차장,이카플러그
EP230128,인천 간재울중학교,37.562901968,126.67631649,서구,1,0,1,0,1,0,100.0,0.0,인천광역시 서해구 승학로512번길 34 주차장,이카플러그
EP230129,인천 마전초등학교,37.597498709,126.67093346,서구,1,0,1,0,1,0,100.0,0.0,인천광역시 검단구 완정로34번길 23 주차장,이카플러그
EP230130,인천 인주중학교,37.44280597,126.66013541,미추홀구,1,0,1,0,1,0,100.0,0.0,인천광역시 미추홀구 매소홀로 335 주차장,이카플러그
EP230159,인천 렉스코리아 급속충전소,37.3784106,126.6377166,연수구,2,2,0,0,2,0,100.0,100.0,인천광역시 연수구 송도동 10-46 주차장,이카플러그
EP230162,인천 동춘태평1차아파트 급속충전소,37.4108643,126.6665631,연수구,1,1,0,0,1,0,100.0,100.0,인천광역시 연수구 앵고개로206번길 10 주차장,이카플러그
EP230174,인천 보건고등학교,37.5053299,126.6815492,서구,1,0,1,0,1,0,100.0,0.0,인천광역시 서해구 서달로 58-16 주차장,이카플러그
EP230175,인천 (주)메가텔,37.5293856,126.7551925,계양구,1,0,1,0,1,0,100.0,0.0,인천광역시 계양구 서운산업로47번길 17-1 메가텔 주차장,이카플러그
EP230178,인천 영선고등학교,37.5159453,126.743904,부평구,2,0,2,0,2,0,100.0,0.0,"인천 부평구 체육관로 179 (삼산동, 영선고등학교) 주차장",이카플러그
EP230179,인천 해원초등학교 행복관,37.5276656,126.6260936,서구,1,0,1,0,1,0,100.0,0.0,"인천광역시 서해구 청라사파이어로140번길 5 (청라동, 인천해원초등학교) 주차장",이카플러그
EP230180,인천 불로중학교,37.6155735,126.6952144,서구,1,0,1,0,1,0,100.0,0.0,"인천광역시 검단구 고산후로 363 (불로동, 불로중학교) 주차장",이카플러그
EP230181,인천 계산고등학교,37.5471003,126.7295883,계양구,1,0,1,0,1,0,100.0,0.0,인천광역시 계양구 주부토로 588 주차장,이카플러그
EP230182,인천 효성남초등학교,37.5281737,126.7155508,계양구,2,0,2,0,1,1,50.0,0.0,"인천 계양구 새벌로 125 (효성동, 효성남초등학교) 주차장",이카플러그
EP230183,인천 인혜학교,37.5785331,126.7322866,계양구,1,0,1,0,1,0,100.0,0.0,"인천 계양구 장제로 1304 (장기동, 인혜학교) 주차장",이카플러그
EP230184,인천 작전초등학교,37.5351287,126.7291294,계양구,2,0,2,0,2,0,100.0,0.0,"인천 계양구 주부토로 456 (작전동, 인천작전초등학교) 주차장",이카플러그
EP230185,인천 해원초등학교 본관,37.5276656,126.6260936,서구,1,0,1,0,1,0,100.0,0.0,"인천광역시 서해구 청라사파이어로140번길 5 (청라동, 인천해원초등학교) 주차장",이카플러그
EP230186,인천 가림고등학교,37.4926193,126.6812015,서구,2,0,2,0,1,1,50.0,0.0,"인천광역시 서해구 원적로 58 (가좌동, 가림고등학교) 주차장",이카플러그
EP230187,인천 제물포여자중학교,37.4491456,126.6882045,미추홀구,1,0,1,0,1,0,100.0,0.0,"인천 미추홀구 인주대로470번길 20 (주안동, 제물포여자중학교) 주차장",이카플러그
EP230197,인천 서희학교,37.584112955,126.68327024,서구,2,0,2,0,2,0,100.0,0.0,인천광역시 검단구 독정로 44-4 인천서희학교 주차장,이카플러그
EP230198,인천 동춘태평1차아파트,37.410864345,126.66656312,연수구,4,0,4,0,4,0,100.0,0.0,인천광역시 연수구 앵고개로206번길 10 동춘 태평아파트 주차장,이카플러그
EP230199,인천 만월초등학교,37.441858256,126.71518923,남동구,1,0,1,0,1,0,100.0,0.0,인천광역시 남동구 선수촌로 28 인천만월초등학교 주차장,이카플러그
EP230212,인천 송도토비스,37.3852412,126.6447009,연수구,1,0,1,0,1,0,100.0,0.0,인천광역시 연수구 하모니로226번길 15 주차장,이카플러그
EP230220,인천 효성프라자,37.531923275,126.71107103,계양구,3,0,3,0,3,0,100.0,0.0,인천광역시 계양구 안남로 548 B2F E/V 앞,이카플러그
EP230221,인천 고잔고등학교,37.389222151,126.72265448,남동구,1,0,1,0,1,0,100.0,0.0,인천광역시 남동구 에코중앙로 117 주차장,이카플러그
EP230227,인천 단봉초등학교,37.598437644,126.63774484,서구,2,0,2,0,1,1,50.0,0.0,인천광역시 검단구 단봉로 122 주차장,이카플러그
EP230239,인천 송일초등학교,37.384188019,126.635135,연수구,1,0,1,0,1,0,100.0,0.0,인천광역시 연수구 컨벤시아대로252번길 15 주차장,이카플러그
EP230250,인천 강화천문과학관 급속충전소(조달청),37.7735314,126.3908998,강화군,2,2,0,0,2,0,100.0,100.0,"인천 강화군 하점면 강화서로 915-1 (이강리, 심은미술관) 주차장",이카플러그
EP230251,인천 당하동공영주차장 급속충전소(조달청),37.5921001,126.6746299,서구,4,4,0,0,4,0,100.0,100.0,"인천광역시 검단구 청마로167번길 19 (당하동, 당하동 행정복지센터) 주차장",이카플러그
EP230253,인천 부평SR노빌리안 급속충전소,37.4904343,126.7249053,부평구,1,1,0,0,1,0,100.0,100.0,인천광역시 부평구 부평동 185-51 주차장,이카플러그
EP230259,인천 먼우금초등학교,37.3933065,126.6541879,연수구,1,0,1,0,1,0,100.0,0.0,"인천 연수구 해돋이로84번길 33 (송도동, 인천먼우금초등학교) 주차장",이카플러그
EP230260,인천 세일고등학교,37.506165,126.6930689,부평구,2,0,2,0,2,0,100.0,0.0,"인천 부평구 원적로 245 (산곡동, 세일고등학교) 주차장",이카플러그
EP230272,인천 부원여자중학교(NEWK),37.493292746,126.71709685,부평구,1,0,1,0,1,0,100.0,0.0,인천광역시 부평구 부영로 88 주차장,이카플러그
EP230286,인천 작전역베네하임더윈아파트 급속충전소,37.527445507,126.7260496,계양구,1,1,0,0,1,0,100.0,100.0,인천광역시 계양구 계양대로34번길 27 주차장,이카플러그
EP230289,부평여자고등학교,37.501151843,126.71970618,부평구,1,0,1,0,1,0,100.0,0.0,인천광역시 부평구 부흥로243번길 44 주차장,이카플러그
EP230320,인천 송담초등학교,37.410277004,126.61491976,연수구,2,0,2,0,2,0,100.0,0.0,인천광역시 연수구 아카데미로 627 주차장,이카플러그
EP230324,인천 강남장터주차장 급속충전소(조달청),37.51193928,126.6713659,서구,2,2,0,0,2,0,100.0,100.0,인천광역시 서해구 강남로19번길 8 주차장,이카플러그
EP230325,인천 청학초등학교,37.420094533,126.6713933,연수구,1,0,1,0,1,0,100.0,0.0,인천광역시 연수구 함박뫼로 25 주차장,이카플러그
EP230326,인천 정서진중앙시장주차장 급속충전소,37.519316857,126.67794395,서구,2,2,0,0,2,0,100.0,100.0,인천광역시 서해구 가남로 416 주차장,이카플러그
EP230327,인천 한국글로벌셰프고등학교 급속충전소,37.7117956,126.39281,강화군,1,1,0,0,1,0,100.0,100.0,인천광역시 강화군 내가면 강화서로 184,이카플러그
EP230329,인천 계산4공영주차장,37.531822472,126.73505449,계양구,4,4,0,0,4,0,100.0,100.0,인천광역시 계양구 도두리로6번길 23 주차장,이카플러그
EP230331,인천 해든초등학교,37.585403803,126.70746416,서구,2,0,2,0,1,1,50.0,0.0,인천광역시 검단구 서로3로 60 주차장,이카플러그
EP230336,인천 현송중학교,37.393108785,126.61959813,연수구,1,0,1,0,1,0,100.0,0.0,인천광역시 연수구 아카데미로312번길 84 실내주차장,이카플러그
EP240004,인천 송월초등학교,37.478879027,126.62463223,중구,1,0,1,0,1,0,100.0,0.0,인천광역시 제물포구 자유공원로 106-8 주차장,이카플러그
EP240006,인천 서구공영주차장 급속충전소,37.5076132,126.6355097,서구,3,1,2,0,3,0,100.0,33.33,인천광역시 서해구 원창동 477-3 인천광역시 서구 원창동 477-3 공영주차장,이카플러그
EP240007,인천 서곶누리주차장 급속충전소,37.5469625,126.6723488,서구,1,1,0,0,1,0,100.0,100.0,인천광역시 서해구 대평로 43 주차장,이카플러그
EP240025,인천 작전역베네하임더윈아파트,37.527266434,126.7257588,계양구,1,0,1,0,1,0,100.0,0.0,인천광역시 계양구 계양대로34번길 27 주차장,이카플러그
EP240033,인천 한국글로벌셰프고등학교,37.7117956,126.39281,강화군,1,0,1,0,1,0,100.0,0.0,인천광역시 강화군 내가면 강화서로 184 주차장,이카플러그
EP240077,인천 경영초중학교,37.538496511,126.62623626,서구,2,0,2,0,2,0,100.0,0.0,인천광역시 서해구 차오름로 64 주차장,이카플러그
EP240092,동인천여자중학교,37.490034754,126.68808605,서구,1,0,1,0,1,0,100.0,0.0,인천광역시 서해구 여우재로112번길 13 주차장,이카플러그
EP240101,인천 부평SR노빌리안,37.490409627,126.72507554,부평구,4,0,4,0,0,4,0.0,0.0,인천광역시 부평구 광장로 28 주차장 지하 3~4층 주차장,이카플러그
EP320100,㈜카이스시스템(아로니움),37.687881807,126.36363691,강화군,1,0,1,0,1,0,100.0,0.0,인천광역시 강화군 삼산면 삼산남로 85-11 구내주차장/옥외,이카플러그
EP320101,강화군 강남영상미디어고등학교,37.64167363,126.4791248,강화군,4,0,4,0,4,0,100.0,0.0,"인천광역시 강화군 길상면 강화남로 57 (온수리, 강남영상미디어고등학교)",이카플러그
EP320102,강화군 해누리공원 공영주차장(급속),37.707543841,126.35755387,강화군,2,2,0,0,2,0,100.0,100.0,인천광역시 강화군 내가면 해안서로 1110 주차장,이카플러그
EP320107,강화군 해누리공원 공영주차장,37.707543841,126.35755387,강화군,3,0,3,0,3,0,100.0,0.0,인천광역시 강화군 내가면 해안서로 1110 주차장,이카플러그
EP320200,제이디하이텍㈜,37.535302877,126.75212241,계양구,1,0,1,0,1,0,100.0,0.0,인천광역시 계양구 서운산단로1길 53 구내주차장/옥외,이카플러그
EP320201,금창동 도시재생 공영주차장,37.472074802,126.64103862,동구,2,2,0,0,2,0,100.0,100.0,인천광역시 제물포구 금창로 31 주차장,이카플러그
EP320300,인천 경서주차장 충전소,37.55823343,126.65424588,서구,3,2,1,0,3,0,100.0,66.67,인천광역시 서해구 경서로70번길 10 맞은편 공영주차장,이카플러그
EP320301,성문종합건설 신축현장 급속충전소,37.591139456,126.71469628,서구,1,1,0,0,1,0,100.0,100.0,인천광역시 검단구 이음4로 42 신축현장,이카플러그
EP320302,인천서구청 청라78번지 충전소,37.539347,126.6292428,서구,4,2,2,0,4,0,100.0,50.0,인천광역시 서해구 청라동 78 인근 근린생활용지 주차장,이카플러그
EP320303,인천 건지초등학교,37.495488628,126.67748564,서구,1,0,1,0,1,0,100.0,0.0,인천광역시 서해구 건지로318번길 39 주차장,이카플러그
EP320304,검암제1 공영주차장 급속(인천서구청),37.564123622,126.67457867,서구,3,2,1,0,3,0,100.0,66.67,인천광역시 서해구 승학로472번길 9 실제 주소 인천 서구 검암동 607-1,이카플러그
EP320305,인천서구청 경서주차장 급속충전소,37.54607044,126.67587091,서구,2,2,0,0,2,0,100.0,100.0,인천광역시 서해구 탁옥로51번길 26 공영주차장,이카플러그
EP320306,인천서구청 마전동 공영주차장 급속충전소,37.594146405,126.67154846,서구,2,2,0,0,2,0,100.0,100.0,인천광역시 검단구 원당대로 631 주차장,이카플러그
EP320307,인천서구청 공영주차장 급속,37.557749729,126.67343717,서구,2,2,0,0,2,0,100.0,100.0,인천광역시 서해구 승학로 404 주차장,이카플러그
EP320308,인천 동방초등학교,37.403160711,126.71954912,남동구,1,0,1,0,1,0,100.0,0.0,"인천광역시 남동구 논현역로 31 (논현동, 동방초등학교)",이카플러그
EP320309,인천 장아초등학교,37.42431847,126.7540704,남동구,1,0,1,0,1,0,100.0,0.0,"인천광역시 남동구 서창방산로 93 (서창동, 인천장아초등학교)",이카플러그
EP320310,인천 당하 주차장,37.59205708,126.67502254,서구,2,0,2,0,2,0,100.0,0.0,인천광역시 검단구 당하동 1097-5,이카플러그
EP320311,인천서구청 심곡동 공영주차장 급속,37.546070447,126.6758709,서구,1,1,0,0,1,0,100.0,100.0,인천광역시 서해구 심곡동 239-9,이카플러그
EP320312,당하동 1030-6 공영주차장 급속(인천서구청),37.59248993,126.6988762,서구,2,2,0,0,2,0,100.0,100.0,인천광역시 검단구 당하동 1030-6,이카플러그
EP320313,인천 루원중학교,37.531284886,126.66865277,서구,2,0,2,0,2,0,100.0,0.0,인천광역시 서해구 염곡로 517 주차장,이카플러그
EP320314,청라3주차장,37.533838966,126.6271396,서구,1,0,1,0,1,0,100.0,0.0,인천광역시 서해구 청라한내로 95 공영주차장,이카플러그
EP320315,인천 신현고등학교,37.52045276,126.66795962,서구,1,0,1,0,1,0,100.0,0.0,인천광역시 서해구 염곡로 399 주차장,이카플러그
EP320316,검암제4 공영주차장(인천서구청),37.558084228,126.67348788,서구,2,0,2,0,2,0,100.0,0.0,인천광역시 서해구 검암동 660-2 인천검암우체국 뒷편 인천광역시 서구 검암동 659,이카플러그
EP320317,검단9초등학교,37.61053329,126.6790178,서구,1,1,0,0,1,0,100.0,100.0,인천광역시 검단구 검단로 707 인천광역시 서구 불로동 472-2,이카플러그
EP320319,인천 신검단중학교(급속),37.60923105,126.69925222,서구,1,1,0,0,1,0,100.0,100.0,인천광역시 검단구 금정로 55 인천 서구 불로동 247-16 주차장,이카플러그
EP320383,인천 단봉중학교,37.5953745,126.6353283,서구,4,0,4,0,4,0,100.0,0.0,인천광역시 검단구 봉화로15번길 10 단봉중학교,이카플러그
EP320500,인천고등학교 급속충전소,37.45295893,126.69130536,미추홀구,1,1,0,0,1,0,100.0,100.0,인천광역시 미추홀구 경원대로 804 주차장,이카플러그
EP320501,인천종합건설본부 충전소,37.46046381,126.67227095,미추홀구,2,0,2,0,1,1,50.0,0.0,인천광역시 미추홀구 한나루로 607 주차장,이카플러그
EP320502,인천종합건설본부 급속충전소,37.46046381,126.6722709,미추홀구,1,1,0,0,1,0,100.0,100.0,인천광역시 미추홀구 한나루로 607 주차장,이카플러그
EP320503,인천 씨티오씨엘 상가,37.440224719,126.64639442,미추홀구,20,6,14,0,20,0,100.0,30.0,인천광역시 미추홀구 학익로80번길 11 지하 4층,이카플러그
EP320504,인천 씨티오씨엘 아파트,37.442849036,126.64487292,미추홀구,23,9,14,0,23,0,100.0,39.13,인천광역시 미추홀구 학익로 116 주차장,이카플러그
EP320505,인천 하버파크호텔,37.472180228,126.61955861,중구,1,0,1,0,1,0,100.0,0.0,"인천광역시 제물포구 제물량로 217 (항동3가, 하버파크호텔) 인천 중구 제물량로 217 (항동3가, 하버파크호텔)",이카플러그
EP320506,인천 문학정보고등학교,37.43574793,126.68696,미추홀구,2,0,2,0,2,0,100.0,0.0,"인천광역시 미추홀구 소성로350번길 29 (문학동, 문학정보고등학교)",이카플러그
EP320507,인천고등학교,37.45295893,126.69130536,미추홀구,5,0,5,0,5,0,100.0,0.0,"인천광역시 미추홀구 경원대로 804 (주안동, 인천고등학교)",이카플러그
EP320508,광성고등학교,37.467612331,126.63974644,중구,1,0,1,0,1,0,100.0,0.0,"인천광역시 제물포구 참외전로244번길 47 (도원동, 광성고등학교, 광성중학교)",이카플러그
EP320538,인천 신포동공영주차장,37.47105583,126.6231209,중구,8,4,4,0,8,0,100.0,50.0,인천광역시 제물포구 홍예문로 4 해안가4가 1-1,이카플러그
EP320584,인천 오류중학교,37.60923144,126.6991908,서구,1,1,0,0,1,0,100.0,100.0,인천광역시 검단구 동화시로 122 인천신검단중학교,이카플러그
EP320600,제니스호텔부평역,37.491539072,126.72765859,부평구,1,0,1,0,1,0,100.0,0.0,인천광역시 부평구 경원대로 1427-1 구내주차장,이카플러그
EP320800,인천 선학중학교,37.42050464,126.6986399,연수구,2,0,2,0,2,0,100.0,0.0,"인천광역시 연수구 선학로 19 (선학동, 선학중학교)",이카플러그
EP320801,인천첨단초등학교,37.373221299,126.65502596,연수구,2,0,2,0,2,0,100.0,0.0,"인천광역시 연수구 송도교육로 20 (송도동, 인천첨단초등학교)",이카플러그
EP320802,인쳔 옥련여자고등학교,37.431920367,126.64899411,연수구,1,0,1,0,1,0,100.0,0.0,인천광역시 연수구 옥골로 77 주차장,이카플러그
ER000194,송도웰카운티1단지아파트,37.3790538,126.6477718,연수구,9,0,9,0,4,5,44.44,0.0,인천광역시 연수구 해송로 143 4주차장 D01기둥 B1,이엘일렉트릭
ER000195,송도웰카운티1단지아파트,37.3790538,126.6477718,연수구,4,0,4,0,2,2,50.0,0.0,인천광역시 연수구 해송로 143 1주차장 정문 좌측,이엘일렉트릭
ER000196,송도웰카운티1단지아파트,37.3790538,126.6477718,연수구,4,0,4,0,2,2,50.0,0.0,인천광역시 연수구 해송로 143 1주차장 A01기둥,이엘일렉트릭
ER000197,송도웰카운티1단지아파트,37.3790538,126.6477718,연수구,7,0,7,0,2,5,28.57,0.0,인천광역시 연수구 해송로 143 2주차장 B23기둥 B1,이엘일렉트릭
ER000198,송도웰카운티1단지아파트,37.3790538,126.6477718,연수구,5,0,5,0,1,4,20.0,0.0,인천광역시 연수구 해송로 143 2주차장 B1층 B01기둥,이엘일렉트릭
ER000199,송도웰카운티1단지아파트,37.3790538,126.6477718,연수구,8,0,8,0,4,4,50.0,0.0,인천광역시 연수구 해송로 143 3주차장 B1층 C23기둥,이엘일렉트릭
ER000200,송도웰카운티1단지아파트,37.3790538,126.6477718,연수구,6,0,6,0,0,6,0.0,0.0,인천광역시 연수구 해송로 143 3주차장 B1층 C22기둥,이엘일렉트릭
ER000307,인천신흥대림아파트,37.466923797,126.63061674,중구,8,0,8,0,0,8,0.0,0.0,인천광역시 제물포구 인중로 114 인천신흥대림아파트 102동뒤지상1층주차,이엘일렉트릭
ER000400,호반베르디움2차아파트,37.5367133,126.6570027,서구,18,0,18,0,0,18,0.0,0.0,인천광역시 서해구 청라에메랄드로 134 호반베르디움2차아파트 지하주차장,위브이
ER000418,검단이편한세상아파트,37.6006966,126.6576527,서구,26,0,26,0,0,26,0.0,0.0,인천광역시 검단구 검단로 446 검단이편한세상아파트 지상주차장,위브이
ER000425,청라동양엔파트,37.5238523,126.6219043,서구,14,0,14,0,0,14,0.0,0.0,인천광역시 서해구 솔빛로 13 청라동양엔파트 지하주차장,위브이
ER000454,부평코오롱하늘채,37.4972716,126.7361577,부평구,24,0,24,0,0,24,0.0,0.0,인천 부평구 동수천로 117 부평코오롱하늘채 지하 1층 주차장,위브이
ER000481,동남아파트,37.5118186,126.6643877,서구,4,0,4,0,0,4,0.0,0.0,인천광역시 서해구 새오개로 19 동남아파트 3동 뒤 지상1층주차장,위브이
ER000507,호반베르디움,37.5365934,126.6507292,서구,43,0,43,0,0,43,0.0,0.0,인천광역시 서해구 청라라임로 109 호반베르디움 지하주차장,위브이
ER000510,롯데아파트,37.4131982,126.673916,연수구,8,0,8,0,0,8,0.0,0.0,인천 연수구 먼우금로161번길 12 롯데아파트 110동 지하1층주차장,위브이
ER000512,퀸스타운신명아파트,37.6169425,126.6910646,서구,3,0,3,0,0,3,0.0,0.0,인천광역시 검단구 검단로 834 퀸스타운신명아파트 106 지하1층 주차장출입구 옆,위브이
ER000516,만석웰카운티아파트,37.4838851,126.627187,동구,4,0,4,0,0,4,0.0,0.0,인천광역시 제물포구 화도진로 142 만석웰카운티아파트 101동 지하2층 주차장,위브이
ER000519,풍림아이원아파트,37.4991874,126.4877273,중구,5,0,5,0,0,5,0.0,0.0,인천광역시 영종구 신도시북로 68 풍림아이원아파트 601동 뒤 지상1층 주차장( 경비실 옆),위브이
ER000532,송도글로벌캠퍼스푸르지오,37.3780782,126.654642,연수구,55,0,55,0,0,55,0.0,0.0,인천광역시 연수구 송도문화로28번길 28 송도글로벌캠퍼스푸르지오 B2 01기둥~02기둥/B2 41기둥/B2 107기둥~108기둥/B2 86기둥/B1 45기둥/B1 07기둥,위브이
ER000538,이편한세상 주안 에듀서밋,37.4445672,126.6765263,미추홀구,22,0,22,0,0,22,0.0,0.0,인천 미추홀구 주승로 51 이편한세상 주안 에듀서밋 지상 및 지하주차장,위브이
ER000539,이안논현오션파크,37.4011695,126.7373113,남동구,28,0,28,0,0,28,0.0,0.0,인천 남동구 장도로 39 이안논현오션파크 지하주차장,위브이
ER000544,연수타운,37.4106563,126.6772064,연수구,35,0,35,0,0,35,0.0,0.0,인천 연수구 청능대로 124 연수타운 지상주차장,위브이
ER000577,인천송도힐스테이트3단지,37.3966015,126.649591,연수구,11,0,11,0,11,0,100.0,0.0,인천광역시 연수구 컨벤시아대로 70 인천송도힐스테이트3단지 지하주차장,위브이
ER000578,인천송도힐스테이트4단지,37.3960688,126.6490383,연수구,11,0,11,0,11,0,100.0,0.0,인천광역시 연수구 컨벤시아대로 80 인천송도힐스테이트4단지 지하주차장,위브이
ER000579,인천송도힐스테이트5단지,37.3951033,126.6484858,연수구,12,0,12,0,12,0,100.0,0.0,인천광역시 연수구 컨벤시아대로 90 인천송도힐스테이트5단지 지하주차장,위브이
ER000580,인천송도힐스테이트6단지,37.3945149,126.6473605,연수구,12,0,12,0,12,0,100.0,0.0,인천광역시 연수구 컨벤시아대로 100 인천송도힐스테이트6단지 지하주차장,위브이
ER000628,풍림연수3차아파트,37.4119898,126.6722137,연수구,10,0,10,0,0,10,0.0,0.0,인천 연수구 먼우금로 149 풍림연수3차아파트 지상주차장,위브이
ER280053,세계로마트 부평점,37.5170944,126.7061418,부평구,7,1,6,0,7,0,100.0,14.29,인천광역시 부평구 청중로 108 세계로마트 부평점,이엘일렉트릭
ER280079,풍경소리,37.6110738,126.3915229,강화군,1,0,1,0,1,0,100.0,0.0,인천광역시 강화군 화도면 해안남로2246번길 20 건물 앞 지상1층 주차장,이엘일렉트릭
ER280108,꿈길속에펜션,37.5955488,126.4620335,강화군,1,0,1,0,1,0,100.0,0.0,인천광역시 강화군 화도면 해안남로 1374-5 건물 옆 지상1층주차장,이엘일렉트릭
ER280166,송도랜드마크푸르지오,37.4052932,126.6279733,연수구,35,0,35,0,0,35,0.0,0.0,인천광역시 연수구 아트센터대로168번길 101 송도랜드마크푸르지오,이엘일렉트릭
ER460156,차오름상가관리단,37.3947415,126.6450882,연수구,2,0,2,0,2,0,100.0,0.0,인천광역시 연수구 해돋이로 165 차오름상가관리단 B1 주차장,이엘일렉트릭
EREL0046,영종듀클래스운서역,37.4926801,126.4979312,중구,5,0,5,0,5,0,100.0,0.0,인천광역시 영종구 영종대로 178 영종듀클래스운서역 건물 내 주차장,이엘일렉트릭
EV000047,인천 부평4동주민센터,37.5008105,126.7250085,부평구,1,0,1,0,1,0,100.0,0.0,인천광역시 부평구 주부토로46번길 65 동사무소 진입 후 안쪽 구석,에버온
EV000048,청천2동주민센터,37.5148852,126.7045561,부평구,1,0,0,1,1,0,100.0,0.0,인천광역시 부평구 마장로410번길 5,에버온
EV000072,청천1동행정복지센터,37.5167774,126.7017298,부평구,1,0,0,1,1,0,100.0,0.0,인천광역시 부평구 산청로127번길 3,에버온
EV000125,구월3동주민센터,37.4526965,126.6969212,남동구,1,0,0,1,1,0,100.0,0.0,인천광역시 남동구 문화서로 84,에버온
EV000126,구월2동주민센터,37.4561109,126.7133546,남동구,1,0,0,1,1,0,100.0,0.0,인천광역시 남동구 구월로 208,에버온
EV000127,간석3동주민센터,37.4661117,126.7146819,남동구,1,0,0,1,1,0,100.0,0.0,인천광역시 남동구 용천로 186,에버온
EV000167,인천미추홀 숭의4동행정복지센터,37.4648258,126.659177,미추홀구,1,0,1,0,1,0,100.0,0.0,인천광역시 미추홀구 경인로156번길 32 입구 좌측,에버온
EV000168,용현1 4동주민센터,37.4548048,126.6585805,미추홀구,1,0,0,1,1,0,100.0,0.0,인천광역시 미추홀구 인주대로 198,에버온
EV000169,인천미추홀 숭의2동행정복지센터,37.4629421,126.6473216,미추홀구,1,0,1,0,1,0,100.0,0.0,인천광역시 미추홀구 경인로42번길 31 입구 우측 지상2층주차장,에버온
EV000170,인천미추홀 용현5동행정복지센터,37.4526135,126.6403358,미추홀구,1,0,1,0,1,0,100.0,0.0,인천광역시 미추홀구 토금북로 60,에버온
EV000171,주안7동주민센터,37.4484072,126.6776678,미추홀구,1,0,0,1,1,0,100.0,0.0,인천광역시 미추홀구 인하로 265,에버온
EV000172,학익1동주민센터,37.4399108,126.6641399,미추홀구,1,0,0,1,1,0,100.0,0.0,인천광역시 미추홀구 매소홀로 380,에버온
EV000173,학익2동주민센터,37.4465482,126.667496,미추홀구,1,0,0,1,1,0,100.0,0.0,인천광역시 미추홀구 한나루로 444,에버온
EV000174,도화1동주민센터,37.4609027,126.6738435,미추홀구,1,0,0,1,1,0,100.0,0.0,인천광역시 미추홀구 경인로 295,에버온
EV000178,인천미추홀 문학동행정복지센터,37.4376292,126.6849819,미추홀구,1,0,1,0,1,0,100.0,0.0,인천광역시 미추홀구 소성로 339 입구 우측,에버온
EV000188,인천시설관리공단씨사이드파크,37.481754,126.5658109,중구,1,0,1,0,1,0,100.0,0.0,인천광역시 영종구 하늘달빛로2번길 6,에버온
EV000195,인천미추홀 주안2동행정복지센터,37.4545711,126.6727815,미추홀구,1,0,1,0,1,0,100.0,0.0,인천광역시 미추홀구 남주길43번길 14-29,에버온
EV000197,인천미추홀 주안3동행정복지센터 1,37.4449373,126.6740168,미추홀구,1,0,1,0,1,0,100.0,0.0,인천광역시 미추홀구 주승로31번길 28-10,에버온
EV000199,주안5동행정복지센터,37.4659082,126.6869748,미추홀구,1,0,0,1,1,0,100.0,0.0,인천광역시 미추홀구 석정로 462,에버온
EV000201,주안6동행정복지센터,37.4612731,126.6923473,미추홀구,1,0,1,0,1,0,100.0,0.0,인천광역시 미추홀구 경원대로864번길 59,에버온
EV000228,십정2동주민센터,37.4738761,126.7078604,부평구,1,0,0,1,1,0,100.0,0.0,인천광역시 부평구 동암산로33번길 6-7,에버온
EV000229,삼산1동주민센터,37.5181842,126.7371388,부평구,1,0,1,0,1,0,100.0,0.0,인천광역시 부평구 후정동로 9 지하1층 방재실 앞 벽부형 1기,에버온
EV000232,부평3동주민센터,37.486084,126.7082968,부평구,1,0,0,1,1,0,100.0,0.0,인천광역시 부평구 마장로 82,에버온
EV000233,부개1동주민센터,37.4847023,126.7368853,부평구,1,0,0,1,1,0,100.0,0.0,인천광역시 부평구 동수로162번길 11,에버온
EV000234,갈산2동주민센터,37.5106366,126.7257099,부평구,1,0,0,1,1,0,100.0,0.0,인천광역시 부평구 주부토로 173,에버온
EV000235,부개3동주민센터,37.5043358,126.7347264,부평구,1,0,0,1,1,0,100.0,0.0,인천광역시 부평구 길주남로 117,에버온
EV000236,부평2동주민센터,37.4868895,126.7179226,부평구,1,0,1,0,1,0,100.0,0.0,인천광역시 부평구 부영로16번길 5 주민센터 입구 우측 빌딩 끝부분 주차장,에버온
EV000237,장수서창동주민센터,37.4359266,126.7474198,남동구,1,0,0,1,1,0,100.0,0.0,인천광역시 남동구 독곡로 28,에버온
EV000238,만수6동주민센터,37.4436973,126.7376617,남동구,1,0,0,1,1,0,100.0,0.0,인천광역시 남동구 장승남로 47,에버온
EV000240,만수4동주민센터,37.4594174,126.7356944,남동구,1,0,0,1,1,0,100.0,0.0,인천광역시 남동구 만수로50번길 39,에버온
EV000241,만수3동주민센터,37.4618716,126.7230307,남동구,1,0,0,1,1,0,100.0,0.0,인천광역시 남동구 서판로 11,에버온
EV000242,만수2동주민센터,37.4614038,126.7311481,남동구,1,0,0,1,1,0,100.0,0.0,인천광역시 남동구 만수서로 46,에버온
EV000243,만수1동주민센터,37.4487987,126.7319798,남동구,1,0,0,1,1,0,100.0,0.0,인천광역시 남동구 인주대로 851,에버온
EV000244,논현고잔동주민센터,37.3977704,126.7263612,남동구,1,0,0,1,1,0,100.0,0.0,인천광역시 남동구 앵고개로847번길 32,에버온
EV000245,논현2동주민센터,37.4042234,126.7163941,남동구,1,0,0,1,1,0,100.0,0.0,인천광역시 남동구 논현고잔로 248,에버온
EV000246,논현1동주민센터,37.405627,126.7293822,남동구,1,0,0,1,1,0,100.0,0.0,인천광역시 남동구 소래역로 115,에버온
EV000283,가좌1동주민센터,37.4942761,126.6725857,서구,1,0,1,0,1,0,100.0,0.0,인천광역시 서해구 가정로112번길 10,에버온
EV000284,가좌3동주민센터,37.4924039,126.679858,서구,1,0,1,0,1,0,100.0,0.0,인천광역시 서해구 원적로57번길 4,에버온
EV000286,인천서구 검단동행정복지센터 1,37.6051115,126.6618629,서구,1,0,1,0,1,0,100.0,0.0,인천광역시 검단구 검단로529번길 14 입구 앞 지상주차장,에버온
EV000288,인천서구 당하동행정복지센터,37.5920613,126.6745945,서구,1,0,1,0,1,0,100.0,0.0,인천광역시 검단구 청마로167번길 19 지상주차장,에버온
EV000290,검암경서동주민센터,37.5643476,126.6735787,서구,1,0,1,0,1,0,100.0,0.0,인천광역시 서해구 승학로 480,에버온
EV000294,석남2동주민센터,37.502654,126.6746753,서구,1,0,1,0,1,0,100.0,0.0,인천광역시 서해구 거북로 116,에버온
EV000296,석남3동주민센터,37.5081313,126.6783251,서구,1,0,1,0,1,0,100.0,0.0,인천광역시 서해구 서달로 107,에버온
EV000297,인천서구 신현원창동행정복지센터,37.5146631,126.6722614,서구,1,0,1,0,1,0,100.0,0.0,인천광역시 서해구 가정로335번길 3 주차장 좌측,에버온
EV000299,청라2동주민센터,37.5326413,126.6441471,서구,1,0,1,0,1,0,100.0,0.0,인천광역시 서해구 청라커낼로 269,에버온
EV000356,옥련1동주민센터,37.4273749,126.6550265,연수구,1,0,0,1,1,0,100.0,0.0,인천광역시 연수구 비류대로186번길 14,에버온
EV000357,옥련2동주민센터,37.4261697,126.648398,연수구,1,0,0,1,1,0,100.0,0.0,인천광역시 연수구 옥련로 82,에버온
EV000369,강화읍사무소,37.7483442,126.4837111,강화군,1,0,0,1,1,0,100.0,0.0,인천광역시 강화군 강화읍 강화대로440번길 10,에버온
EV000371,부평구청,37.5070669,126.721855,부평구,7,0,4,3,7,0,100.0,0.0,인천광역시 부평구 부평대로 168 지상주차장,에버온
EV000405,동춘3동주민센터,37.4084183,126.6782639,연수구,1,0,0,1,1,0,100.0,0.0,인천광역시 연수구 원인재로 110,에버온
EV000407,연수2동행정복지센터,37.4116967,126.6817877,연수구,1,0,0,1,1,0,100.0,0.0,인천광역시 연수구 원인재로 158,에버온
EV000408,연수3동행정복지센터,37.4193501,126.6920715,연수구,1,0,0,1,1,0,100.0,0.0,인천광역시 연수구 원인재로 283,에버온
EV000431,계산1동주민센터,37.5396566,126.7213493,계양구,1,0,0,1,1,0,100.0,0.0,인천광역시 계양구 향교로 24,에버온
EV000434,인천계양 작전2동행정복지센터,37.5331001,126.7240302,계양구,1,0,1,0,1,0,100.0,0.0,인천광역시 계양구 봉오대로677번길 23,에버온
EV000435,작전서운동주민센터,37.5281116,126.7364297,계양구,1,0,0,1,1,0,100.0,0.0,인천광역시 계양구 효서로 361,에버온
EV000437,인천계양 효성2동행정복지센터,37.525094,126.7098237,계양구,1,0,1,0,1,0,100.0,0.0,인천광역시 계양구 아나지로 162 건물 1층 주차장,에버온
EV000494,화수2동주민센터,37.4843877,126.6301795,동구,1,0,1,0,1,0,100.0,0.0,인천광역시 제물포구 화수안로 42,에버온
EV000540,인천남촌2차풍림아파트,37.4320112531,126.7181151709,남동구,3,0,0,3,3,0,100.0,0.0,"인천광역시 남동구 남촌동로 8 (남촌동, 남촌2차풍림아파트) 인천남촌2차풍림아파트",에버온
EV000758,엠파크 랜드,37.4973748,126.6649361,서구,1,0,1,0,0,1,0.0,0.0,인천광역시 서해구 염곡로 149,에버온
EV000759,엠파크 타워,37.4896245,126.6627517,서구,1,0,1,0,1,0,100.0,0.0,인천광역시 서해구 봉수대로 158,에버온
EV000834,인천서구청 검단출장소,37.6021836,126.6613462,서구,1,0,1,0,1,0,100.0,0.0,인천광역시 검단구 검단로502번길 15,에버온
EV000956,검암풍림아이원3차아파트,37.56667439274,126.6843238684,서구,3,0,3,0,3,0,100.0,0.0,"인천광역시 서해구 검암로10번길 39 (검암동, 풍림아이원3차아파트)",에버온
EV001018,인천서구 가좌4동행정복지센터,37.4873972,126.6836152,서구,1,0,1,0,1,0,100.0,0.0,인천광역시 서해구 장고개로280번길 14 지상주차장,에버온
EV001019,검단2동주민센터,37.6170898,126.6889473,서구,1,0,1,0,1,0,100.0,0.0,인천광역시 검단구 검단로 814,에버온
EV001022,계산4동 행정복지센터,37.5345672,126.7417065,계양구,1,0,0,1,1,0,100.0,0.0,인천광역시 계양구 용종로 12-8,에버온
EV001023,계산2동 행정복지센터,37.5442099,126.7281398,계양구,1,0,0,1,1,0,100.0,0.0,인천광역시 계양구 주부토로 559,에버온
EV001072,관교동 행정복지센터,37.4441799,126.6968109,미추홀구,1,0,0,1,1,0,100.0,0.0,인천광역시 미추홀구 인하로 452,에버온
EV001098,청라1동 행정복지센터,37.5326626,126.653732,서구,1,0,1,0,1,0,100.0,0.0,인천광역시 서해구 청라라임로 58,에버온
EV001107,가정3동 행정복지센터,37.515547,126.6778363,서구,1,0,1,0,1,0,100.0,0.0,인천광역시 서해구 서달로179번길 12-16,에버온
EV001295,계양센트레빌2단지,37.56598472676,126.7499650448,계양구,3,0,0,3,3,0,100.0,0.0,"인천광역시 계양구 형제봉길 50 (귤현동, 계양센트레빌2단지)",에버온
EV001311,인천부평 산곡3동행정복지센터,37.490754,126.709432,부평구,1,0,1,0,1,0,100.0,0.0,인천광역시 부평구 경원대로 1269-2 입구 우측,에버온
EV001312,인천부평 일신동행정복지센터,37.4845257,126.7469691,부평구,1,0,1,0,1,0,100.0,0.0,인천광역시 부평구 경인로1148번길 6 1층 주차장 입구앞,에버온
EV001313,인천부평 삼산2동행정복지센터,37.511789,126.7363649,부평구,1,0,1,0,1,0,100.0,0.0,인천광역시 부평구 굴포로 137 입구 앞,에버온
EV001314,인천부평 부평6동행정복지센터,37.4851511,126.7265946,부평구,1,0,1,0,1,0,100.0,0.0,인천광역시 부평구 동수로 70,에버온
EV001315,인천부평 부개2동행정복지센터 1,37.4948194,126.7371212,부평구,1,0,1,0,1,0,100.0,0.0,인천광역시 부평구 동수천로 104,에버온
EV001316,부평1동 주민센터,37.4942143,126.7200662,부평구,1,0,0,1,1,0,100.0,0.0,인천광역시 부평구 부평문화로37번길 1,에버온
EV001317,산곡4동 주민센터,37.5017405,126.7114703,부평구,1,0,0,1,1,0,100.0,0.0,인천광역시 부평구 부흥로173번길 68,에버온
EV001318,인천부평 산곡2동행정복지센터,37.50586,126.7085998,부평구,1,0,1,0,1,0,100.0,0.0,인천광역시 부평구 안남로 255 건물 뒷편,에버온
EV001319,인천부평 갈산1동행정복지센터 1,37.5175957,126.7271369,부평구,1,0,1,0,1,0,100.0,0.0,인천광역시 부평구 주부토로 254,에버온
EV001354,원당신안실크밸리1,37.59147935993,126.693130128,서구,5,0,5,0,5,0,100.0,0.0,"인천광역시 검단구 원당대로840번길 22 (당하동, 신안실크벨리아파트)",에버온
EV001360,원당신안실크밸리2,37.59223298642,126.693630901,서구,4,0,4,0,4,0,100.0,0.0,"인천광역시 검단구 원당대로840번길 22 (당하동, 신안실크벨리아파트)",에버온
EV001482,당하KCC스위첸아파트,37.5884262884,126.6790441557,서구,2,0,2,0,2,0,100.0,0.0,"인천광역시 검단구 청마로 124 (당하동, 당하KCC스위첸아파트)",에버온
EV001486,정광씨팰리스오피스텔,37.4577593632,126.630753827,중구,2,0,2,0,2,0,100.0,0.0,인천광역시 제물포구 인항로 6 (신흥동3가),에버온
EV001487,인천미추홀 숭의13동행정복지센터,37.4672414,126.647229,미추홀구,1,0,1,0,1,0,100.0,0.0,인천광역시 미추홀구 석정로92번길 21-17 입구 우측,에버온
EV001489,인천미추홀 주안8동주민센터 1,37.4495664,126.6893077,미추홀구,1,0,1,0,1,0,100.0,0.0,인천광역시 미추홀구 인주대로470번길 24 1층 입구앞,에버온
EV001491,검단3동주민센터,37.595081,126.7017074,서구,1,0,1,0,1,0,100.0,0.0,인천광역시 검단구 고산로 24,에버온
EV001855,송도힐스테이트4단지,37.39607,126.64904007,연수구,3,0,0,3,3,0,100.0,0.0,"인천광역시 연수구 컨벤시아대로 80 (송도동, 인천송도힐스테이트) 지하1층 B08기둥",에버온
EV001859,송도힐스테이트3단지,37.396601,126.64959322,연수구,3,0,0,3,3,0,100.0,0.0,"인천광역시 연수구 컨벤시아대로 70 (송도동, 인천송도힐스테이트) 지하1층 B37",에버온
EV001891,송도힐스테이트5단지,37.394959,126.64786286,연수구,3,0,0,3,3,0,100.0,0.0,"인천광역시 연수구 컨벤시아대로 90 (송도동, 인천송도힐스테이트) 502동근처 B1 B10",에버온
EV001892,송도힐스테이트6단지,37.393959,126.64735371,연수구,3,0,0,3,3,0,100.0,0.0,"인천광역시 연수구 컨벤시아대로 100 (송도동, 현대힐스테이트) 602동근처 B1 B13",에버온
EV001898,인천 솔빛마을주공2차2단지,37.481088,126.63656795,동구,2,0,2,0,2,0,100.0,0.0,"인천광역시 제물포구 화수로 8-10 (송현동, 솔빛마을 주공2차아파트) 204동 지하1층",에버온
EV001899,인천 향촌휴먼시아2단지,37.460648,126.72964866,남동구,3,0,0,3,3,0,100.0,0.0,"인천광역시 남동구 만수서로 36 (만수동, 향촌휴먼시아2단지아파트) 202동 지하2층 기둥19",에버온
EV002044,인천서구 신명스카이뷰드림아파트 1,37.6028488,126.6521511,서구,3,0,3,0,3,0,100.0,0.0,"인천광역시 검단구 봉수대로1440번길 29 지하2층 전기실입구 좌측 G10,G11기둥",에버온
EV002045,인천서구 신명스카이뷰드림아파트 2,37.6026623,126.6530806,서구,3,0,3,0,3,0,100.0,0.0,"인천광역시 검단구 봉수대로1440번길 29 지하2층 전기실입구 우측 B21,B22기둥",에버온
EV002217,인천계양 은행마을태산아파트1주차장,37.53567947347,126.7394308022,계양구,3,0,0,3,3,0,100.0,0.0,인천광역시 계양구 오조산로62번길 10 1주차장 지하주차장 B2 기둥04,주식회사 에버온
EV002218,인천계양 은행마을태산아파트2주차장,37.535528696529,126.7405174991,계양구,6,0,0,6,6,0,100.0,0.0,인천광역시 계양구 오조산로62번길 10 2주차장 지하주차장 B2 기둥01,주식회사 에버온
EV002241,인천부평 청천푸르지오아파트108동 지하1층,37.514785709855,126.7069329823,부평구,3,0,0,3,3,0,100.0,0.0,인천광역시 부평구 세월천로 16 108동 지하1층 B15 기둥,주식회사 에버온
EV002242,인천부평 청천푸르지오아파트105동 지하1층,37.514123354363,126.7068846726,부평구,3,0,0,3,3,0,100.0,0.0,인천광역시 부평구 세월천로 16 105동 지하1층 C01기둥,주식회사 에버온
EV002243,인천부평 청천푸르지오아파트105동 지하2층,37.514033002484,126.7067832266,부평구,2,0,0,2,2,0,100.0,0.0,인천광역시 부평구 세월천로 16 105동 지하2층 C01기둥,주식회사 에버온
EV002244,인천부평 청천푸르지오아파트108동 지하2층,37.514785639689,126.7069047046,부평구,2,0,0,2,2,0,100.0,0.0,인천광역시 부평구 세월천로 16 108동 지하2층 B15 기둥,주식회사 에버온
EV002264,인천서구 검단2차아이파크 202동,37.598788241364,126.666262584,서구,5,0,5,0,5,0,100.0,0.0,인천광역시 검단구 검단로540번길 59 202동 B2-55기둥,주식회사 에버온
EV002265,인천서구 검단2차아이파크 203동,37.598467083886,126.6667566037,서구,4,0,4,0,4,0,100.0,0.0,인천광역시 검단구 검단로540번길 59 203동 B1-26기둥,주식회사 에버온
EV002282,인천서구 드림파크어울림2단지,37.596323819151,126.641900953,서구,2,0,2,0,2,0,100.0,0.0,인천광역시 검단구 오동로 40 지하3층주차장 202동입구 우측 O18기둥,주식회사 에버온
EV002339,인천계양 계양2차하우스토리아파트 1,37.5543606,126.7434852,계양구,3,0,3,0,3,0,100.0,0.0,"인천광역시 계양구 장제로995번길 18 201동6,7라인 지하1층주차장 56,57기둥",에버온
EV002378,인천남구 더스테이호텔,37.461970445627,126.6821218914,미추홀구,1,0,0,1,1,0,100.0,0.0,인천광역시 미추홀구 미추홀대로722번길 29 1층주차장,주식회사 에버온
EV002414,인천 한화에코메트로6단지1,37.3947624,126.7285495,남동구,5,0,5,0,5,0,100.0,0.0,"인천광역시 남동구 아암대로1503번길 98 지하2층주차장 601,607동사이 008기둥",주식회사 에버온
EV002415,인천 한화에코메트로6단지2,37.3945692,126.7279832,남동구,5,0,5,0,5,0,100.0,0.0,"인천광역시 남동구 아암대로1503번길 98 지하2층주차장 601,607동사이 009기둥",주식회사 에버온
EV002441,인천 도림아이파크아파트,37.421734759935,126.7314798119,남동구,2,0,2,0,2,0,100.0,0.0,인천광역시 남동구 도리미로 8 103동 지하1층주차장 C15기둥,주식회사 에버온
EV002628,인천남동구 논현주공2-1단지1,37.412051,126.7117333,남동구,3,0,3,0,3,0,100.0,0.0,인천광역시 남동구 함박뫼로 439 2주차장(206동앞) 지하1층,에버온
EV002629,인천남동구 논현주공2-1단지2,37.411855,126.712649,남동구,3,0,3,0,3,0,100.0,0.0,인천광역시 남동구 함박뫼로 439 3주차장(207동앞) 지하1층,에버온
EV002644,인천연수 이편한세상송도1,37.4103135,126.6170279,연수구,2,0,2,0,2,0,100.0,0.0,"인천광역시 연수구 랜드마크로 113 지하2층주차장 109동1,2라인 옆 C12기둥",주식회사 에버온
EV002645,인천연수 이편한세상송도2,37.4134356,126.6178999,연수구,6,0,6,0,6,0,100.0,0.0,"인천광역시 연수구 랜드마크로 113 지하2층주차장 커뮤니티센터 옆 C30, C31기둥",주식회사 에버온
EV002646,인천연수 이편한세상송도3,37.4097564,126.6175165,연수구,2,0,2,0,2,0,100.0,0.0,인천광역시 연수구 랜드마크로 113 지하2층주차장 108동 옆 C03기둥,주식회사 에버온
EV002675,인천계양 서해아파트106동B2,37.543357087025,126.7399359109,계양구,4,0,4,0,4,0,100.0,0.0,인천광역시 계양구 장제로 878 5주차장 106동 B2 17기둥 좌우측,주식회사 에버온
EV002676,인천계양 서해아파트110동,37.543318399761,126.7387366053,계양구,4,0,4,0,4,0,100.0,0.0,인천광역시 계양구 장제로 878 4주차장 110동 B3 27기둥 좌우측,주식회사 에버온
EV002677,인천계양 서해아파트106동B3,37.543555827957,126.7401728462,계양구,2,0,2,0,2,0,100.0,0.0,인천광역시 계양구 장제로 878 5주차장 106동 B3 17기둥 우측,주식회사 에버온
EV002740,인천미추홀 아이비모텔,37.459481512327,126.6880777068,미추홀구,1,0,1,0,1,0,100.0,0.0,인천광역시 미추홀구 주안동로12번길 43 야외주차장,주식회사 에버온
EV002756,인천서구 마전풍림아이원1차아파트,37.614583493193,126.6571717856,서구,3,0,3,0,3,0,100.0,0.0,인천광역시 검단구 가현로 7 지하2층주차장 전기실 앞,주식회사 에버온
EV002804,인천남동 간석금호아파트1,37.457533,126.6996957,남동구,4,0,4,0,4,0,100.0,0.0,인천광역시 남동구 구월로 73 관리동 앞 지상주차장,에버온
EV002808,인천강화 강화베이힐1,37.7418811,126.5035018,강화군,2,0,2,0,2,0,100.0,0.0,인천광역시 강화군 강화읍 강화대로 234-12 정문경비실 옆 지상주차장(외부인사용불가),에버온
EV002816,인천서구 센텀대광로제비앙611동,37.538615700183,126.6223525724,서구,3,0,3,0,3,0,100.0,0.0,"인천광역시 서해구 비지니스로 166 611동3,4라인 지하1층주차장 A15기둥",주식회사 에버온
EV002817,인천서구 센텀대광로제비앙615동,37.53740437709,126.6239257458,서구,3,0,3,0,3,0,100.0,0.0,"인천광역시 서해구 비지니스로 166 615동3,4라인 지하1층주차장 C77기둥",주식회사 에버온
EV002818,인천서구 센텀대광로제비앙613동,37.538503970043,126.6240446852,서구,4,0,4,0,4,0,100.0,0.0,"인천광역시 서해구 비지니스로 166 613동3,4,5라인 지하1층주차장 B29,B26,B32기둥",주식회사 에버온
EV002821,인천서구 검단1차풍림아파트,37.601941278946,126.6499460036,서구,2,0,2,0,2,0,100.0,0.0,인천광역시 검단구 봉수대로1440번길 10 지하1층주차장 B6기둥 우측,주식회사 에버온
EV002834,인천부평 공영주차장,37.503718917,126.71793796,부평구,3,0,3,0,0,3,0.0,0.0,인천광역시 부평구 원적로471번길 5 부평구청역 공영주차장,에버온
EV002937,인천강화 아이비모텔,37.737367199108,126.5116821355,강화군,1,0,1,0,0,1,0.0,0.0,인천광역시 강화군 강화읍 강화대로 153 정문오른쪽,주식회사 에버온
EV002994,인천미추홀 도화서희스타힐스 3,37.4717226,126.6631317,미추홀구,4,0,4,0,3,1,75.0,0.0,"인천광역시 미추홀구 숙골로112번길 12 지하1층주차장 401동,402동 사이 상가입구",에버온
EV002995,인천서구 진주5단지,37.49170223831,126.6856370015,서구,3,0,3,0,3,0,100.0,0.0,인천광역시 서해구 장고개로 319 관리실 옆 상가 지상주차장,주식회사 에버온
EV003026,인천남동 더포레스트아파트212동,37.429135029888,126.7433481924,남동구,3,0,3,0,3,0,100.0,0.0,"인천광역시 남동구 서창남순환로 140 지하1층주차장 212동 1,2라인 유수검지장치실 옆",주식회사 에버온
EV003027,인천남동 더포레스트아파트206동,37.427117752128,126.7438069973,남동구,3,0,3,0,3,0,100.0,0.0,"인천광역시 남동구 서창남순환로 140 지하1층주차장 206동 3,4라인 유수검지장치실 옆",주식회사 에버온
EV003028,인천남동 더포레스트아파트208동,37.427092482011,126.7446205363,남동구,3,0,3,0,3,0,100.0,0.0,"인천광역시 남동구 서창남순환로 140 지하1층주차장 208동 3,4라인 유수검지장치실 옆",주식회사 에버온
EV003051,인천 휴먼시아동산마을아파트,37.405452386641,126.7274978144,남동구,10,0,9,1,10,0,100.0,0.0,"인천광역시 남동구 소래역로 119 1주차장 (807동) 지하1층 62,63,64,65기둥",주식회사 에버온
EV003059,인천남동 만수8단지,37.449104790425,126.7407371991,남동구,7,0,7,0,7,0,100.0,0.0,인천광역시 남동구 담방로 105 801동 옆 지상주차장,주식회사 에버온
EV003092,인천 소래휴먼시아1단지,37.397254815826,126.722417201,남동구,5,0,5,0,5,0,100.0,0.0,"인천광역시 남동구 앵고개로815번길 70 지하1층주차장 108,109동 사이 전기실앞",주식회사 에버온
EV003102,인천남동 논현센트럴뷰404동,37.3999676,126.7305162,남동구,5,0,5,0,5,0,100.0,0.0,인천광역시 남동구 논고개로68번길 34 404동 지하1층주차장 153기둥,에버온
EV003103,인천남동 논현센트럴뷰402동,37.3987839,126.7290522,남동구,4,0,4,0,4,0,100.0,0.0,인천광역시 남동구 논고개로68번길 34 402동 지하1층주차장 11기둥,에버온
EV003108,인천연수 선학대동아파트,37.4243772,126.70169,연수구,2,0,2,0,2,0,100.0,0.0,인천광역시 연수구 선학로74번길 17 203동 앞 지상주차장,에버온
EV003153,인천동구 만석웰카운티,37.483884538216,126.6271881262,동구,2,0,2,0,2,0,100.0,0.0,인천광역시 제물포구 화도진로 142 101동 지하3층,주식회사 에버온
EV003180,인천연수 윤성아파트,37.430406526397,126.6959310411,연수구,4,0,4,0,4,0,100.0,0.0,인천광역시 연수구 넘말로79번길 45 104동B2-26기둥,주식회사 에버온
EV003230,인천서구_청라골드클래스커낼웨이,37.530428777215,126.6542639717,서구,4,0,4,0,4,0,100.0,0.0,"인천광역시 서해구 청라라임로 40 지하1층주차장 132동 3,4라인 뒷편",주식회사 에버온
EV003231,인천연수_송도금호어울림아파트,37.390491902681,126.6563375072,연수구,10,0,10,0,10,0,100.0,0.0,인천광역시 연수구 해돋이로84번길 30 지하1층주차장 B7기둥,주식회사 에버온
EV003234,인천연수구_송도풍림아이원4단지1주차장,37.39305350569,126.6564332077,연수구,2,0,2,0,2,0,100.0,0.0,인천광역시 연수구 신송로82번길 6 1주차장 지하1층 62기둥,주식회사 에버온
EV003236,인천연수구_송도풍림아이원4단지2주차장,37.39305350569,126.6564332077,연수구,2,0,2,0,2,0,100.0,0.0,인천광역시 연수구 신송로82번길 6 2주차장 지하1층 49기둥,주식회사 에버온
EV003237,인천동구_인천화도진그린빌104동,37.481608150673,126.6275018757,동구,1,0,1,0,1,0,100.0,0.0,인천광역시 제물포구 화도진로 113 104동(1주차장) 지하1층 9기둥우측,주식회사 에버온
EV003240,인천동구_인천화도진그린빌102동,37.481012047534,126.6271594355,동구,2,0,2,0,2,0,100.0,0.0,인천광역시 제물포구 화도진로 113 102동(2주차장) 지하1층 41기둥우측,주식회사 에버온
EV003241,인천동구_인천화도진그린빌103동,37.481363076759,126.6270446304,동구,1,0,1,0,1,0,100.0,0.0,인천광역시 제물포구 화도진로 113 103동(3주차장) 지하1층 준비작동식밸브식 좌측,주식회사 에버온
EV003293,인천미추홀구_신동아8차104동,37.441941809794,126.6751304703,미추홀구,2,0,2,0,2,0,100.0,0.0,인천광역시 미추홀구 매소홀로475번길 60 지하1층주차장 104동1라인,주식회사 에버온
EV003294,인천미추홀구_신동아8차102동,37.442528360355,126.6754556419,미추홀구,3,0,3,0,3,0,100.0,0.0,"인천광역시 미추홀구 매소홀로475번길 60 지하1층주차장 102동3,5라인",주식회사 에버온
EV003344,인천미추홀_도화신동아파밀리에,37.476889603651,126.6536911276,미추홀구,6,0,6,0,6,0,100.0,0.0,"인천광역시 미추홀구 송림로 194 지하2층주차장(102동) 전기실앞 45,52기둥",주식회사 에버온
EV003537,인천연수구_송도더샵그린애비뉴8단지,37.401743326,126.64648486,연수구,3,0,3,0,3,0,100.0,0.0,인천광역시 연수구 컨벤시아대로42번길 61 지하2층주차장 803동입구 O18기둥우측,주식회사 에버온
EV003546,인천남동구_만수주공2단지아파트,37.458268872,126.73472454,남동구,5,0,5,0,5,0,100.0,0.0,인천광역시 남동구 백범로124번길 43 지상주차장,주식회사 에버온
EV003550,인천연수구_연수풍림2차아파트,37.400299597,126.67309196,연수구,5,0,5,0,5,0,100.0,0.0,인천광역시 연수구 경원대로119번길 21 실외주차장,주식회사 에버온
EV003559,서울남동구_서창LH1단지아파트2,37.430564968,126.74315406,남동구,3,0,3,0,3,0,100.0,0.0,인천광역시 남동구 서창남순환로 124-14 3주차장 지하1층주차장 C25기둥우측,에버온
EV003560,인천남동구_서창LH1단지아파트1,37.430706463,126.74400096,남동구,2,0,2,0,2,0,100.0,0.0,"인천광역시 남동구 서창남순환로 124-14 2주차장 지하1층주차장 B61기둥좌,우측",에버온
EV003561,인천남동구_간석풍림아이원,37.462537706,126.69759988,남동구,5,0,5,0,5,0,100.0,0.0,인천광역시 남동구 석산로 35 지하1층주차장 B25기둥좌우측,에버온
EV003562,인천미추홀_도화6-2 e편한세상아파트,37.473743176,126.66553627,미추홀구,5,0,5,0,5,0,100.0,0.0,인천광역시 미추홀구 숙골로88번길 56 지하주차장(622동 옆) 지하1층 A24 우측,에버온
EV003607,인천중구_영종국제도시화성파크드림,37.493149275,126.56175101,중구,5,0,5,0,5,0,100.0,0.0,"인천광역시 영종구 하늘별빛로 112 891동 1,2,3,4라인앞 지하1층 02기둥좌,우측",에버온
EV003629,인천부평_삼산타운6단지1,37.5086916,126.7376689,부평구,2,0,2,0,2,0,100.0,0.0,인천광역시 부평구 체육관로 57 2지하주차장 지하1층 17번 기둥좌측,주식회사 에버온
EV003630,인천미추홀구_용현엑슬루타워,37.456660524,126.63801523,미추홀구,1,0,1,0,1,0,100.0,0.0,인천광역시 미추홀구 아암대로29번길 16 지하3층 41기둥,에버온
EV003631,인천서구_마전풍림2차,37.612935979,126.66001492,서구,1,0,1,0,1,0,100.0,0.0,"인천광역시 검단구 가현로 55 601동7,8라인 지하1층 11기둥우측",주식회사 에버온
EV003633,인천연수구_송도더샵그린애비뉴7단지,37.400012921,126.64829662,연수구,2,0,2,0,2,0,100.0,0.0,인천광역시 연수구 컨벤시아대로42번길 35 지하주차장 (701동) 지하1층 K02 기둥우측,에버온
EV003642,인천남동구_논현동보아파트,37.4131798,126.7117798,남동구,10,0,10,0,5,5,50.0,0.0,인천광역시 남동구 남동대로370번길 122 지상관리소 좌측5대 우측 5대,에버온
EV003675,인천중구_영종하늘도시한라비발디아파트1,37.492628887,126.56351117,중구,4,0,4,0,4,0,100.0,0.0,인천광역시 영종구 하늘별빛로 86 지하2층주차장 224기둥 우측,주식회사 에버온
EV003681,인천서구_청라동양엔아파트,37.5305188,126.6433896,서구,5,0,5,0,5,0,100.0,0.0,인천광역시 서해구 청라커낼로 249 지하1층주차장 R48기둥,주식회사 에버온
EV003720,셀리턴,37.411173658,126.69252299,남동구,5,0,5,0,3,2,60.0,0.0,인천광역시 남동구 남동서로 237 H4 기둥쪽 위치,에버온
EV003785,전기안전공사 인천서부지사,37.5441547,126.6736678,서구,2,0,2,0,0,2,0.0,0.0,인천광역시 서해구 탁옥로 37(심곡동) 지하2층,에버온
EV003806,인천 유명상가,37.403301237,126.72474955,남동구,1,0,1,0,1,0,100.0,0.0,인천광역시 남동구 논고개로136번길 12,에버온
EV003827,인천연수구_송도자이하버뷰1단지,37.396268085,126.64257825,연수구,1,0,1,0,1,0,100.0,0.0,인천광역시 연수구 컨벤시아대로130번길 58 .,에버온
EV003830,인천서구_연희광명17차1,37.542773695,126.67153068,서구,2,0,2,0,2,0,100.0,0.0,인천광역시 서해구 심곡로 11 지하주차장(102-104동) 지하2층,주식회사 에버온
EV003831,인천서구_연희광명17차2,37.542773695,126.67153068,서구,2,0,2,0,2,0,100.0,0.0,"인천광역시 서해구 심곡로 11 지하주차장(101동 1,2라인) 지하1층",주식회사 에버온
EV003859,농협은행 인천영업본부,37.451164614,126.70569793,남동구,1,0,1,0,1,0,100.0,0.0,인천광역시 남동구 남동대로765번길 36,주식회사 에버온
EV003863,농협은행 동암금융센터,37.472346862,126.70102437,부평구,1,0,1,0,1,0,100.0,0.0,인천광역시 부평구 열우물로 44,주식회사 에버온
EV003871,인천미추홀구_주안현대아파트,37.459593681,126.68309698,미추홀구,2,0,2,0,2,0,100.0,0.0,인천광역시 미추홀구 경인로 395 1층 놀이터앞 지상주차장,주식회사 에버온
EV003878,인천미추홀구_더샵인천스카이타워2단지,37.469474596,126.66326187,미추홀구,5,0,5,0,5,0,100.0,0.0,인천광역시 미추홀구 숙골로87번길 5 .,에버온
EV003882,인천계양_계양한양수자인아파트,37.55509421,126.74603236,계양구,5,0,5,0,5,0,100.0,0.0,"인천광역시 계양구 장제로 1004 106동 지하1층 B27 기둥좌,우측",에버온
EV003883,인천남동구_신원아침도시A 1,37.468808606,126.69076632,남동구,4,0,4,0,4,0,100.0,0.0,인천광역시 남동구 경원대로 962 A단지 16~17기둥,에버온
EV003884,인천남동구_신원아침도시B 1,37.469419653,126.69117347,남동구,4,0,4,0,4,0,100.0,0.0,"인천광역시 남동구 경원대로 972 B단지 1기둥 좌,우측",에버온
EV003885,인천부평_부개역푸르지오 1,37.489334134,126.73862871,부평구,2,0,2,0,2,0,100.0,0.0,인천광역시 부평구 부일로 69 지하2층 111동 35기둥우측,에버온
EV003886,인천부평_부개역푸르지오 2,37.489334134,126.73862871,부평구,3,0,3,0,3,0,100.0,0.0,"인천광역시 부평구 부일로 69 지하2층 101동,104동사이 32기둥 좌,우측",에버온
EV003887,인천남동구_간석우성아파트 1,37.467037767,126.69478686,남동구,2,0,2,0,2,0,100.0,0.0,인천광역시 남동구 방축로 501 3동축 지하주차장 지하1층 7 기둥좌측,에버온
EV003888,인천서구_마전풍림아이원3차아파트,37.612804943,126.65813257,서구,2,0,2,0,2,0,100.0,0.0,인천광역시 검단구 가현로42번길 49 지하1층,에버온
EV003914,인천남동구_만수금호타운1,37.441107731,126.73932821,남동구,2,0,2,0,2,0,100.0,0.0,인천광역시 남동구 담방로 22-16 102동 지하1층주차장 102동앞 분전반우측,주식회사 에버온
EV003915,인천남동구_만수금호타운2,37.439901995,126.73916436,남동구,2,0,2,0,2,0,100.0,0.0,인천광역시 남동구 담방로 22-16 105동 지하1층주차장 105동계단옆,에버온
EV003918,인천부평_삼산타운6단지2,37.50896357,126.7368375,부평구,2,0,2,0,2,0,100.0,0.0,인천광역시 부평구 체육관로 57 3지하주차장 지하1층 38번기둥 좌측,에버온
EV003934,인천연수구_연수세경아파트,37.416311401,126.68242295,연수구,3,0,3,0,3,0,100.0,0.0,인천광역시 연수구 새말로 134 지하주차장 지하1층,에버온
EV003948,청라롯데캐슬,37.530253571,126.64778238,서구,1,0,1,0,1,0,100.0,0.0,인천광역시 서해구 청라커낼로 252,에버온
EV003967,인천남동_한양수자인아르디에,37.39492725,126.72335577,남동구,5,0,5,0,5,0,100.0,0.0,인천광역시 남동구 앵고개로815번길 19,에버온
EV003970,인천남동_간석태화아파트,37.463604007,126.72094838,남동구,2,0,2,0,2,0,100.0,0.0,인천광역시 남동구 호구포로900번길 5,에버온
EV003976,인천남동구_간석우성아파트2,37.466852808,126.69350586,남동구,3,0,3,0,3,0,100.0,0.0,인천광역시 남동구 방축로 501,에버온
EV003981,인천검단 미래지향,37.604138123,126.65982609,서구,3,0,3,0,3,0,100.0,0.0,인천광역시 검단구 검단로501번안길 5,에버온
EV004135,인천중구 풍림아이원아파트2-1 1,37.49649093,126.48345522,중구,3,0,3,0,1,2,33.33,0.0,인천광역시 영종구 영종대로27번길 40 212동 앞 지하1층 주차장,에버온
EV004136,인천중구 풍림아이원아파트2-1 2,37.496220391,126.48340055,중구,2,0,2,0,1,1,50.0,0.0,인천광역시 영종구 영종대로27번길 40 213동 앞 지하1층 주차장,에버온
EV004137,인천연수구 송도동일하이빌파크포레,37.412569093,126.65774375,연수구,2,0,2,0,1,1,50.0,0.0,인천광역시 연수구 앵고개로104번길 5 801동 지하2층주차장 B23기둥우측,에버온
EV004164,인천연수 송도풍림아이원1단지 108동,37.395716128,126.65360023,연수구,4,0,4,0,4,0,100.0,0.0,인천광역시 연수구 신송로118번길 6 108동 지하1층 02기둥 우측,에버온
EV004166,인천연수 송도풍림아이원1단지 118동,37.395716128,126.65360023,연수구,2,0,2,0,2,0,100.0,0.0,인천광역시 연수구 신송로118번길 6 118동 지하1층 A15기둥 앞,에버온
EV004167,인천연수 송도풍림아이원1단지 112동,37.395716128,126.65360023,연수구,2,0,2,0,2,0,100.0,0.0,인천광역시 연수구 신송로118번길 6 112동 지하1층 14기둥 좌측,에버온
EV004168,인천연수 송도풍림아이원1단지 106동,37.395716128,126.65360023,연수구,2,0,2,0,2,0,100.0,0.0,인천광역시 연수구 신송로118번길 6 106동 지하1층 08기둥 앞,에버온
EV004169,인천연수구 송도더샵그린애비뉴7단지 702동,37.399537817,126.64835813,연수구,2,0,2,0,2,0,100.0,0.0,인천광역시 연수구 컨벤시아대로42번길 35 702동앞 지하2층 r14좌측,에버온
EV004170,인천연수구 송도더샵그린애비뉴7단지 701동,37.400130387,126.64840901,연수구,3,0,3,0,3,0,100.0,0.0,"인천광역시 연수구 컨벤시아대로42번길 35 701동앞 지하2층 K02 좌,우측",에버온
EV004190,인천서구 검암서해그랑블 3주차장,37.565508599,126.67310052,서구,2,0,2,0,2,0,100.0,0.0,인천광역시 서해구 승학로495번길 7 110동 앞 지하2층 21번기둥,에버온
EV004191,인천서구 검암서해그랑블 1주차장,37.567055293,126.67504449,서구,3,0,3,0,3,0,100.0,0.0,인천광역시 서해구 승학로495번길 7 1주차장 지하1층 19~21기둥,에버온
EV004200,인천송도 글로벌파크베르디움 1,37.37501016,126.65535681,연수구,4,0,4,0,4,0,100.0,0.0,인천광역시 연수구 송도문화로28번길 27 B1층 지하주차장 입구들어가서 제일 오른쪽 구석에 위치 08기둥,에버온
EV004201,인천송도 글로벌파크베르디움 2,37.374713671,126.65481354,연수구,6,0,6,0,6,0,100.0,0.0,인천광역시 연수구 송도문화로28번길 27 B1층,에버온
EV004208,인천서구 청라동문굿모닝힐 566동,37.528400667,126.62306024,서구,3,0,3,0,3,0,100.0,0.0,인천광역시 서해구 비즈니스로28번길 13 566동 지하1층 79기둥 앞,에버온
EV004219,인천남동 서창LH1단지 1주차장,37.430726717,126.74399242,남동구,5,0,5,0,5,0,100.0,0.0,"인천광역시 남동구 서창남순환로 124-14 1주차장 지하1층 A45기둥 좌,우측",에버온
EV004220,인천남동 서창LH1단지 3주차장,37.430425803,126.74383775,남동구,3,0,3,0,3,0,100.0,0.0,인천광역시 남동구 서창남순환로 124-14 3주차장 지하1층 C70기둥 우측,에버온
EV004221,인천남동 서창LH1단지 2주차장,37.43041687,126.74032147,남동구,2,0,2,0,2,0,100.0,0.0,인천광역시 남동구 서창남순환로 124-14 2주차장 지하1층 B43기둥 좌,에버온
EV004239,인천서구 청라자이 107동,37.527674,126.6570669,서구,5,0,5,0,5,0,100.0,0.0,인천광역시 서해구 청라에메랄드로 30 107동 지하1층 B03기둥 좌측,에버온
EV004240,인천서구 청라자이 114동,37.527674,126.6570669,서구,5,0,5,0,5,0,100.0,0.0,인천광역시 서해구 청라에메랄드로 30 114동 지하1층 C25기둥,에버온
EV004268,인천중구 영종한라비발디 925동,37.492132276,126.56449342,중구,5,0,5,0,5,0,100.0,0.0,"인천광역시 영종구 하늘별빛로 86 925동 지하3층 322기둥 좌,우측",에버온
EV004269,인천중구 영종한라비발디 927동,37.491273716,126.56378602,중구,5,0,5,0,5,0,100.0,0.0,인천광역시 영종구 하늘별빛로 86 927동 지하3층 128~130기둥,에버온
EV004270,인천계양 도두리동보아파트1,37.5314542,126.738975,계양구,3,0,3,0,3,0,100.0,0.0,"인천광역시 계양구 도두리로 52 B주차장 지하1층 B55기둥 좌,우측",에버온
EV004271,인천계양 도두리동보아파트2,37.5314542,126.738975,계양구,3,0,3,0,3,0,100.0,0.0,"인천광역시 계양구 도두리로 52 A주차장 지하1층 A55기둥 좌,우측",에버온
EV004272,인천계양 도두리동보아파트3,37.531203724,126.74043631,계양구,2,0,2,0,2,0,100.0,0.0,"인천광역시 계양구 도두리로 52 C주차장 지하1층 C56기둥 좌,우측",에버온
EV004273,인천계양 도두리동보아파트4,37.532424829,126.74055088,계양구,2,0,2,0,2,0,100.0,0.0,"인천광역시 계양구 도두리로 52 C주차장 지하1층 C55기둥 좌,우측",에버온
EV004274,인천서구 동남디아망아파트 2주차장,37.603396119,126.64986104,서구,3,0,3,0,3,0,100.0,0.0,"인천광역시 검단구 봉수대로1440번길 19 2주차장 지하1층 21기둥 좌,우측",에버온
EV004275,인천서구 동남디아망아파트 1주차장,37.6025659,126.65019776,서구,2,0,2,0,2,0,100.0,0.0,인천광역시 검단구 봉수대로1440번길 19 1주차장 지하1층 21 기둥우측,에버온
EV004286,인천서구 루원호반베르디움더센트럴 103동,37.527722083,126.66868934,서구,3,0,3,0,3,0,100.0,0.0,인천광역시 서해구 봉오재3로 75 103동 지하1층 84~83,에버온
EV004287,인천서구 루원호반베르디움더센트럴 109동,37.529449753,126.66788977,서구,4,0,4,0,4,0,100.0,0.0,인천광역시 서해구 봉오재3로 75 109동 지하1층 06기둥 앞,에버온
EV004288,인천서구 루원호반베르디움더센트럴 107동,37.528470097,126.66715309,서구,3,0,3,0,3,0,100.0,0.0,"인천광역시 서해구 봉오재3로 75 107동 지하1층 22기둥 앞, 23기둥 좌",에버온
EV004291,인천부평 갈산두산아파트 B주차장,37.511121102,126.7288271,부평구,2,0,2,0,1,1,50.0,0.0,인천광역시 부평구 갈월동로 45 B주차장 지하1층 D05기둥 좌측,에버온
EV004292,인천부평 갈산두산아파트 A주차장,37.511431808,126.7286484,부평구,2,0,2,0,1,1,50.0,0.0,인천광역시 부평구 갈월동로 45 A주차장 지하1층 A05기둥 좌측,에버온
EV004320,인천서구 LG원당자이 7주차장,37.594909897,126.69859401,서구,3,0,3,0,3,0,100.0,0.0,"인천광역시 검단구 원당대로839번길 34 7주차장 지하1층 A4기둥 좌,우측",에버온
EV004321,인천서구 LG원당자이 1주차장,37.595075509,126.69884494,서구,2,0,2,0,2,0,100.0,0.0,인천광역시 검단구 원당대로839번길 34 1주차장 지하1층 A1기둥 우측,에버온
EV004341,인천미추홀 용현대우아파트1,37.4585266,126.6375506,미추홀구,2,0,2,0,2,0,100.0,0.0,"인천광역시 미추홀구 아암대로29번길 13 102동 5,6라인 지하2층 04 기둥좌측",에버온
EV004342,인천미추홀 용현대우아파트2,37.458816091,126.63739687,미추홀구,3,0,3,0,3,0,100.0,0.0,인천광역시 미추홀구 아암대로29번길 13 102동 1.2라인 지하2층 40 기둥우측,에버온
EV004345,인천남동 서창센트럴푸르지오 507동,37.428618936,126.75059209,남동구,2,0,2,0,2,0,100.0,0.0,인천광역시 남동구 서창남순환로 55 507동 지하1층 73기둥 앞,에버온
EV004346,인천남동 서창센트럴푸르지오 508동,37.42835045,126.74932194,남동구,2,0,2,0,2,0,100.0,0.0,인천광역시 남동구 서창남순환로 55 508동 지하1층 46기둥 좌측,에버온
EV004347,인천남동 서창센트럴푸르지오 504동,37.427398147,126.74850601,남동구,2,0,2,0,2,0,100.0,0.0,인천광역시 남동구 서창남순환로 55 504동 지하1층 55기둥 좌측,에버온
EV004348,인천남동 서창센트럴푸르지오 503동,37.428145863,126.74844701,남동구,2,0,2,0,2,0,100.0,0.0,인천광역시 남동구 서창남순환로 55 503동 지하1층 12기둥 우측,에버온
EV004349,인천남동 서창센트럴푸르지오 B1-23기등,37.429685578,126.74813692,남동구,2,0,2,0,2,0,100.0,0.0,인천광역시 남동구 서창남순환로 55 관리동 앞 지하1층 23기둥 우측,에버온
EV004353,인천서구 가정LH3단지1 A구역,37.532337038,126.66452423,서구,3,0,3,0,3,0,100.0,0.0,"인천광역시 서해구 봉오재3로 14 A구역(310,311동) 지하1층 A11기둥우측",주식회사 에버온
EV004354,인천서구 가정LH3단지1 D구역,37.531744202,126.66519824,서구,4,0,4,0,4,0,100.0,0.0,"인천광역시 서해구 봉오재3로 14 D구역(314,315동) 지하1층 D54기둥 좌,우측",에버온
EV004355,인천서구 가정LH3단지1 F구역,37.530347337,126.6650857,서구,3,0,3,0,3,0,100.0,0.0,"인천광역시 서해구 봉오재3로 14 F구역(301,302동) 지하1층 F05기둥우측",에버온
EV004511,인천연수구 송도더샵센트럴시티아파트 214동,37.374219217,126.6499786,연수구,3,0,3,0,3,0,100.0,0.0,"인천광역시 연수구 송도국제대로 261 214동 지하1층 F1 h18기둥 좌,우측",에버온
EV004512,인천연수구 송도더샵센트럴시티아파트 210동,37.374219217,126.6499786,연수구,5,0,5,0,5,0,100.0,0.0,"인천광역시 연수구 송도국제대로 261 210동 지하1층 e44좌,우측",에버온
EV004513,인천연수구 송도더샵센트럴시티아파트 205동,37.374219217,126.6499786,연수구,2,0,2,0,2,0,100.0,0.0,인천광역시 연수구 송도국제대로 261 지하1층 q07앞,에버온
EV004520,인천부평 청천인향아파트,37.521632231,126.69497659,부평구,4,0,4,0,4,0,100.0,0.0,인천광역시 부평구 청안로 8 전기실 입구 지하1층,에버온
EV004707,인천중구 영종삼안해피하우징1,37.489098603,126.48663823,중구,3,0,3,0,3,0,100.0,0.0,인천광역시 영종구 신도시남로 66 108동 뒤 (실외),에버온
EV004708,인천중구 영종삼안해피하우징2,37.489490924,126.48569139,중구,2,0,2,0,2,0,100.0,0.0,"인천광역시 영종구 신도시남로 66 112동 3,4라인 (실외)",에버온
EV004709,인천연수구 연수유천아파트1,37.422530534,126.68382285,연수구,2,0,2,0,2,0,100.0,0.0,인천광역시 연수구 먼우금로 302 108동 옆 (실외),에버온
EV004710,인천연수구 연수유천아파트2,37.42198648,126.68253726,연수구,3,0,3,0,3,0,100.0,0.0,인천광역시 연수구 먼우금로 302 110동 옆 (실외),에버온
EV004711,인천미추홀구 용현대림아파트1,37.449034482,126.63587571,미추홀구,3,0,3,0,3,0,100.0,0.0,"인천광역시 미추홀구 낙섬중로 18 2동 7,8라인(실외)",에버온
EV004712,인천미추홀구 용현대림아파트2,37.449744591,126.63646875,미추홀구,2,0,2,0,2,0,100.0,0.0,"인천광역시 미추홀구 낙섬중로 18 5동 7,8라인 실외",에버온
EV004768,인천부평 샬레아넬리스아파트,37.503596588,126.69329159,부평구,5,0,5,0,5,0,100.0,0.0,인천광역시 부평구 원적로 238 102동 지하1층,에버온
EV004863,인천연수 송도호반베르디움3차104동,37.416129071,126.61502456,연수구,5,0,5,0,5,0,100.0,0.0,인천광역시 연수구 랜드마크로 110 104동 지하1층 22~24,에버온
EV004864,인천연수 송도호반베르디움3차107동,37.415206872,126.617296,연수구,5,0,5,0,5,0,100.0,0.0,"인천광역시 연수구 랜드마크로 110 107동 지하1층 61좌,우측",에버온
EV004894,인천남동 서창LH15단지1,37.4295431,126.7468101,남동구,5,0,5,0,5,0,100.0,0.0,인천광역시 남동구 서창남로 109 지하주차장 (1503동 입구) A01 기둥우측,에버온
EV004903,인천계양 벽산블루밍,37.579512831,126.73133228,계양구,2,0,2,0,2,0,100.0,0.0,"인천광역시 계양구 황어로115번길 13 104동 3,4라인 지하1층 A15 기둥좌,우측",에버온
EV005090,인천연수구 송도연세대캠퍼스,37.381822941,126.66724388,연수구,6,0,6,0,6,0,100.0,0.0,인천광역시 연수구 송도과학로 85 지하주차장 C008기둥,에버온
EV005103,인천연수 에스에스피,37.384806013,126.65290992,연수구,2,0,2,0,2,0,100.0,0.0,인천광역시 연수구 갯벌로 53 실외주차장,에버온
EV005108,인천중구 영종국제도시화성파크드림1,37.493153675,126.56172272,중구,3,0,3,0,3,0,100.0,0.0,인천광역시 영종구 하늘별빛로 112 891동 지하2층 02기둥 앞,에버온
EV005109,인천중구 영종국제도시화성파크드림2,37.493114305,126.56203957,중구,2,0,2,0,2,0,100.0,0.0,인천광역시 영종구 하늘별빛로 112 891동 지하2층 01기둥 앞,에버온
EV005401,인천서구 청라린스트라우스하우스텔(BF2)1,37.534755308,126.65179165,서구,3,0,3,0,3,0,100.0,0.0,인천광역시 서해구 청라라임로 85 지하2층 68기둥열,에버온
EV005402,인천서구 청라린스트라우스하우스텔(BF2)2,37.534663937,126.6526145,서구,4,0,4,0,4,0,100.0,0.0,인천광역시 서해구 청라라임로 85 지하2층 45기둥라인,에버온
EV005508,인천서구 검단원흥아파트,37.60030748,126.651576,서구,4,0,4,0,4,0,100.0,0.0,인천광역시 검단구 검단로 419 102~105동 사이 B1F 주차장,에버온
EV005525,인천중구 영종LH2단지아파트,37.4879501,126.5028108,중구,5,0,5,0,5,0,100.0,0.0,"인천광역시 영종구 영종대로252번길 12 203동 지하2층 G62기둥 G63기둥 좌,우측",에버온
EV005589,인천서구 청라린스트라우스하우스텔1,37.534663937,126.6526145,서구,5,0,5,0,5,0,100.0,0.0,인천광역시 서해구 청라라임로 85 지하2층 O 07기둥라인,에버온
EV005590,인천서구 청라린스트라우스하우스텔2,37.5346128,126.65235236,서구,3,0,3,0,3,0,100.0,0.0,인천광역시 서해구 청라라임로 85 지하2층 O 84기둥라인,에버온
EV005600,인천연수 백산2차아파트1,37.421937835,126.64410171,연수구,3,0,3,0,3,0,100.0,0.0,인천광역시 연수구 능허대로123번길 8 9동 지하1층,에버온
EV005601,인천연수 백산2차아파트2,37.42187702,126.64494205,연수구,2,0,2,0,2,0,100.0,0.0,인천광역시 연수구 능허대로123번길 8 5동 지하2층,에버온
EV005615,인천부평 부개지구보람아파트1,37.504562574,126.74039851,부평구,2,0,2,0,2,0,100.0,0.0,인천광역시 부평구 길주남로 175 101동 지하1층 11기둥,에버온
EV005616,인천부평 부개지구보람아파트2,37.505457583,126.74041803,부평구,2,0,2,0,2,0,100.0,0.0,인천광역시 부평구 길주남로 175 203동 지하1층 09기둥,에버온
EV005665,농협은행 인천영업본부 (급속),37.4511646,126.7056979,남동구,2,2,0,0,2,0,100.0,100.0,인천광역시 남동구 남동대로765번길 36 지하1층 주차장 지하1층,에버온
EV005677,영종도 하늘체육공원,37.5048402,126.5419943,중구,2,2,0,0,2,0,100.0,100.0,인천광역시 영종구 하늘달빛로 108 하늘체육공원 입구로부터 우측,에버온
EV005726,인천서구 삼라마이다스,37.61186024,126.67342733,서구,2,0,2,0,2,0,100.0,0.0,인천광역시 검단구 검단로 653 지하2층 기계실 옆,에버온
EV005810,인천연수 옥련풍림아파트 1,37.42676709,126.65544734,연수구,5,0,5,0,5,0,100.0,0.0,인천광역시 연수구 비류대로186번길 21 102동 지하1층,에버온
EV005811,인천연수 옥련풍림아파트 2,37.427100988,126.65562658,연수구,3,0,3,0,3,0,100.0,0.0,인천광역시 연수구 비류대로186번길 21 101동 지하1층,에버온
EV005873,인천서구 센텀대광로제비앙1,37.538455295,126.6229078,서구,2,0,2,0,2,0,100.0,0.0,"인천광역시 서해구 비즈니스로 166 612동 01,02 기둥사이",에버온
EV005874,인천서구 센텀대광로제비앙2,37.538025909,126.62387736,서구,3,0,3,0,3,0,100.0,0.0,"인천광역시 서해구 비즈니스로 166 614동 1,2라인 출입구 C11,14기둥 코너",에버온
EV005875,인천서구 센텀대광로제비앙3,37.537544925,126.62279358,서구,2,0,2,0,2,0,100.0,0.0,"인천광역시 서해구 비즈니스로 166 616동 A128,C4 기둥사이 코너",에버온
EV005876,인천서구 센텀대광로제비앙4,37.53787959,126.62179055,서구,3,0,3,0,3,0,100.0,0.0,"인천광역시 서해구 비즈니스로 166 617동 출입구 옆 A74,73 기둥사이",에버온
EV005887,인천서구 마전풍림아이원1차아파트2,37.614582147,126.65717371,서구,3,0,3,0,3,0,100.0,0.0,인천광역시 검단구 가현로 7 지하1층 주차장 출입구 우측 주차장,에버온
EV005919,인천연수 송도sk뷰1,37.414124361,126.62490502,연수구,5,0,5,0,5,0,100.0,0.0,인천광역시 연수구 랜드마크로 19 103동 앞 지하2층 F12기둥 우측,에버온
EV005920,인천연수 송도sk뷰2,37.414124361,126.62490502,연수구,4,0,4,0,4,0,100.0,0.0,"인천광역시 연수구 랜드마크로 19 103동 앞 지하2층 F15기둥 좌,우측",에버온
EV005994,인천남동 도림아이파크1,37.421723777,126.73140483,남동구,4,0,4,0,4,0,100.0,0.0,인천광역시 남동구 도리미로 8 101~102동사이 지하주차장 A33기둥열,에버온
EV005995,인천남동 도림아이파크2,37.422541854,126.73019807,남동구,4,0,4,0,4,0,100.0,0.0,인천광역시 남동구 도리미로 8 104~105동사이 지하주차장 E23기둥열,에버온
EV006034,인천서구 신현효성아파트,37.515202349,126.66504967,서구,4,0,4,0,4,0,100.0,0.0,인천광역시 서해구 새오개로 53 지하주차장 지하1층 02기둥,에버온
EV006053,인천부평 코오롱하늘채1,37.496165356,126.73606821,부평구,3,0,3,0,3,0,100.0,0.0,"인천광역시 부평구 동수천로 117 104동 4,5라인 지하2층 B63",에버온
EV006054,인천부평 코오롱하늘채2,37.497250041,126.73661851,부평구,6,0,6,0,1,5,16.67,0.0,"인천광역시 부평구 동수천로 117 106동 2,3라인 지하2층 B78",에버온
EV006055,인천부평 코오롱하늘채3,37.49728165,126.73616685,부평구,9,0,9,0,1,8,11.11,0.0,인천광역시 부평구 동수천로 117 107동 지하2층 B87,에버온
EV006083,인천서구 드림파크어울림2단지2,37.596325535,126.6419023,서구,2,0,2,0,2,0,100.0,0.0,"인천광역시 검단구 오동로 40 201동 지하3층 23기둥좌,우측",에버온
EV006103,인천중구 영종금호어울림2차아파트1,37.482601234,126.50928485,중구,2,0,2,0,1,1,50.0,0.0,인천광역시 영종구 영종대로327번길 12 B2층 22번 기둥,에버온
EV006104,인천중구 영종금호어울림2차아파트2,37.482458387,126.50892862,중구,3,0,3,0,1,2,33.33,0.0,인천광역시 영종구 영종대로327번길 12 B1층 26번 기둥,에버온
EV006132,인천남동 남촌풍림1차아파트,37.430952035,126.71717808,남동구,5,0,5,0,1,4,20.0,0.0,인천광역시 남동구 남촌동로15번길 21 103동 지하1층주차장 47번기둥,에버온
EV006157,인천영종 영종주공7단지,37.496723563,126.48589159,중구,5,0,5,0,5,0,100.0,0.0,인천광역시 영종구 신도시북로 18 옥외주차장 702동과 704동사이 스탠드 5대,에버온
EV006167,인천연수 송도롯데캐슬아파트,37.387963046,126.66724961,연수구,14,0,14,0,14,0,100.0,0.0,인천광역시 연수구 송도과학로27번길 70 지하2층,에버온
EV006168,인천연수 롯데캐슬캠퍼스타운,37.389357496,126.66505896,연수구,16,0,16,0,1,15,6.25,0.0,"인천광역시 연수구 송도과학로27번길 55 B2층 93번기둥 3기, B3층 77번기둥 8기, B3층 94,95번기둥 5기",에버온
EV006184,인천서구 백두아파트,37.61413545,126.68551748,서구,3,0,3,0,3,0,100.0,0.0,"인천광역시 검단구 검단로777번길 5 지하1층 2대, 지상1층 1대",에버온
EV006194,인천부평 부개주공7단지 1,37.495874072,126.73952359,부평구,2,0,2,0,2,0,100.0,0.0,인천광역시 부평구 동수천로 118 1주차장 지하1층 21 기둥좌측,에버온
EV006195,인천부평 부개주공7단지 2,37.496148115,126.73946361,부평구,2,0,2,0,2,0,100.0,0.0,인천광역시 부평구 동수천로 118 2주차장 지하1층 06 기둥우측,에버온
EV006196,인천부평 부개주공7단지 3,37.496157281,126.73953425,부평구,2,0,2,0,2,0,100.0,0.0,인천광역시 부평구 동수천로 118 3주차장 지하1층 08 기둥좌측,에버온
EV006197,인천부평 부개주공7단지 4,37.496152925,126.73960212,부평구,2,0,2,0,2,0,100.0,0.0,인천광역시 부평구 동수천로 118 4주차장 지하1층 08 기둥좌측,에버온
EV006198,인천부평 부개주공7단지 5,37.495513909,126.73787983,부평구,2,0,2,0,2,0,100.0,0.0,인천광역시 부평구 동수천로 118 5주차장 지하1층 09 기둥좌측,에버온
EV006261,인천서구 청라우미린아파트-1(582동 BF1),37.528663241,126.62698381,서구,2,0,2,0,2,0,100.0,0.0,인천광역시 서해구 청라한내로 39 582동 지하1층 O05기둥열,에버온
EV006262,인천서구 청라우미린아파트-1(583동 BF1),37.529092479,126.62669964,서구,2,0,2,0,2,0,100.0,0.0,인천광역시 서해구 청라한내로 39 583동 지하1층 R11기둥열,에버온
EV006282,인천부평 테크노파트M2 지식산업센터,37.517106693,126.71841752,부평구,5,0,5,0,4,1,80.0,0.0,인천광역시 부평구 평천로255번길 13 지상 10층주차장,에버온
EV006290,인천계양 서해아파트 1,37.543452232,126.74018169,계양구,3,0,3,0,3,0,100.0,0.0,인천광역시 계양구 장제로 878 23주차장 (106동) 지하2층 14기둥 우측,에버온
EV006291,인천계양 서해아파트 2,37.543514947,126.74002022,계양구,3,0,3,0,3,0,100.0,0.0,인천광역시 계양구 장제로 878 23주차장 (106동) 지하3층 15기둥좌측,에버온
EV006292,인천계양 서해아파트 3,37.543363198,126.73862329,계양구,4,0,4,0,4,0,100.0,0.0,"인천광역시 계양구 장제로 878 24주차장 (110동)지하2층 27 기둥좌,우측",에버온
EV006298,인천부평 부개역푸르지오아파트 1,37.489334134,126.73862871,부평구,4,0,4,0,4,0,100.0,0.0,인천광역시 부평구 부일로 69 105동 주치장 지하2층 50B2(노란색),에버온
EV006299,인천부평 부개역푸르지오아파트 2,37.489334134,126.73862871,부평구,3,0,3,0,3,0,100.0,0.0,인천광역시 부평구 부일로 69 106동 주차장 지하2층 36B2 (초록색),에버온
EV006300,인천부평 부개역푸르지오아파트 3,37.491446061,126.73796472,부평구,3,0,3,0,3,0,100.0,0.0,인천광역시 부평구 부일로 69 108동 주차장 지하2층 32B2(연보라 건너편),에버온
EV006301,인천부평 부개역푸르지오아파트 4,37.489334134,126.73862871,부평구,2,0,2,0,2,0,100.0,0.0,인천광역시 부평구 부일로 69 101동 1.4라인 지하2층 04 기둥우측,에버온
EV006302,인천부평 부개역푸르지오아파트 5,37.489334134,126.73862871,부평구,3,0,3,0,3,0,100.0,0.0,인천광역시 부평구 부일로 69 107동 지하2층 11기둥좌측,에버온
EV006303,인천부평 부개역푸르지오아파트 6,37.4893341,126.7386287,부평구,6,0,6,0,6,0,100.0,0.0,"인천광역시 부평구 부일로 69 110동 지하2층 38기둥좌,우측",에버온
EV006304,인천부평 부개역푸르지오아파트 7,37.4893341,126.7386287,부평구,2,0,2,0,2,0,100.0,0.0,인천광역시 부평구 부일로 69 109동 지하2층 18기둥우측,에버온
EV006305,인천부평 부개역푸르지오아파트 8,37.489334134,126.73862871,부평구,2,0,2,0,2,0,100.0,0.0,인천광역시 부평구 부일로 69 104동 지하2층 03기둥우측,에버온
EV006306,인천부평 부개역푸르지오아파트 9,37.489334134,126.73862871,부평구,4,0,4,0,4,0,100.0,0.0,인천광역시 부평구 부일로 69 109동 지하2층 02기둥우측,에버온
EV006359,인천서구 검단2차우방아이유쉘1,37.601592756,126.66331706,서구,2,0,2,0,2,0,100.0,0.0,인천광역시 검단구 완정로 126 104동 1.2라인 지하3층 B30 기둥우측,에버온
EV006360,인천서구 검단2차우방아이유쉘2,37.601171987,126.66246251,서구,2,0,2,0,2,0,100.0,0.0,인천광역시 검단구 완정로 126 102동 1.2라인 지하3층 B14 기둥좌측,에버온
EV006361,인천서구 검단2차우방아이유쉘3,37.601047134,126.66155861,서구,2,0,2,0,2,0,100.0,0.0,인천광역시 검단구 완정로 126 101동 1.2라인 지하3층 R26 기둥우측,에버온
EV006362,인천서구 검단2차우방아이유쉘4,37.600858465,126.66174632,서구,2,0,2,0,2,0,100.0,0.0,"인천광역시 검단구 완정로 126 101동 1.2라인 지하3층 R10 기둥좌,우측",에버온
EV006363,인천서구 검단2차우방아이유쉘5,37.601474029,126.66275705,서구,2,0,2,0,2,0,100.0,0.0,"인천광역시 검단구 완정로 126 103동 1,2라인 지하3층 B16 기둥좌측",에버온
EV006364,인천연수 옥련동현대5차아파트1,37.426907507,126.64724284,연수구,2,0,2,0,2,0,100.0,0.0,인천광역시 연수구 한진로 49 P1 지하3층,에버온
EV006365,인천연수 옥련동현대5차아파트2,37.4269546,126.64647876,연수구,3,0,3,0,3,0,100.0,0.0,인천광역시 연수구 한진로 49 P1 지하1층,에버온
EV006366,인천연수 옥련동현대5차아파트3,37.426938748,126.64645059,연수구,2,0,2,0,2,0,100.0,0.0,인천광역시 연수구 한진로 49 P2 지하2층,에버온
EV006367,인천연수 옥련동현대5차아파트4,37.42710119,126.64653739,연수구,3,0,3,0,3,0,100.0,0.0,인천광역시 연수구 한진로 49 P2 지하1층,에버온
EV006368,인천연수 옥련동현대5차아파트5,37.426907507,126.64724284,연수구,4,0,4,0,4,0,100.0,0.0,"인천광역시 연수구 한진로 49 505동 뒤 7,8라인 1층",에버온
EV006456,인천남동 간석3동행정복지센터,37.466111869,126.71468262,남동구,2,0,2,0,1,1,50.0,0.0,인천광역시 남동구 용천로 186 지하주차장,에버온
EV006486,인천부평 산곡한화2차아파트 1,37.505527237,126.70665816,부평구,2,0,2,0,2,0,100.0,0.0,인천광역시 부평구 원적로 361 210동 쪽 P4 지하1층,에버온
EV006488,인천부평 산곡한화2차아파트 3,37.506476566,126.70435853,부평구,2,0,2,0,2,0,100.0,0.0,인천광역시 부평구 원적로 361 219동 쪽 P5 지하1층,에버온
EV006491,인천부평 산곡한화2차아파트 6,37.505151753,126.70693388,부평구,2,0,2,0,2,0,100.0,0.0,인천광역시 부평구 원적로 361 208동 쪽 P3 지하1층,에버온
EV006492,인천부평 산곡한화2차아파트 7,37.504726152,126.70672926,부평구,2,0,2,0,2,0,100.0,0.0,인천광역시 부평구 원적로 361 202동 쪽 P1 지하1층,에버온
EV006493,인천부평 산곡한화2차아파트 8,37.504533753,126.70570073,부평구,2,0,2,0,2,0,100.0,0.0,"인천광역시 부평구 원적로 361 206동,203동 쪽 P2 지하1층",에버온
EV006543,인천서구 검암2차삼보해피하임아파트,37.567470885,126.68554523,서구,3,0,3,0,3,0,100.0,0.0,인천광역시 서해구 검암로20번길 52 지하1층주차장,에버온
EV006549,인천남동 햇빛마을벽산아파트1,37.464591278,126.72472837,남동구,5,0,5,0,0,5,0.0,0.0,"인천광역시 남동구 호구포로 924 P1 지하1층 12 기둥좌,우측",에버온
EV006550,인천남동 햇빛마을벽산아파트2,37.464668904,126.72444018,남동구,5,0,5,0,0,5,0.0,0.0,"인천광역시 남동구 호구포로 924 P2 지하1층 01 기둥좌,우측",에버온
EV006551,인천남동 햇빛마을벽산아파트3,37.464538575,126.7245763,남동구,2,0,2,0,0,2,0.0,0.0,인천광역시 남동구 호구포로 924 P3 지하1층 09 기둥우측,에버온
EV006552,인천남동 햇빛마을벽산아파트4,37.464408035,126.72462199,남동구,6,0,6,0,0,6,0.0,0.0,인천광역시 남동구 호구포로 924 P4 지하2층 06 기둥 좌우측,에버온
EV006553,인천남동 햇빛마을벽산아파트5,37.464319133,126.72417018,남동구,6,0,6,0,0,6,0.0,0.0,"인천광역시 남동구 호구포로 924 P5 지하1층 10 기둥좌,우측",에버온
EV006554,인천남동 햇빛마을벽산아파트6,37.464236068,126.72428917,남동구,2,0,2,0,0,2,0.0,0.0,인천광역시 남동구 호구포로 924 P6 지하1층 33 기둥좌측,에버온
EV006583,인천서구 마전4차풍림 1,37.614543775,126.65994859,서구,2,0,2,0,1,1,50.0,0.0,인천광역시 검단구 마전로5번길 13 805동 지하1층 09기둥좌측,에버온
EV006584,인천서구 마전4차풍림 2,37.615218533,126.65960856,서구,2,0,2,0,1,1,50.0,0.0,인천광역시 검단구 마전로5번길 13 804동 지하1층 28기둥좌측,에버온
EV006586,인천서구 가좌센트럴시티뷰,37.492787326,126.67996937,서구,2,0,2,0,1,1,50.0,0.0,인천광역시 서해구 원적로 63 지하3층 전기실 입구,에버온
EV006730,인천서구 불로동부아파트 1,37.619648746,126.69183139,서구,2,0,2,0,2,0,100.0,0.0,인천광역시 검단구 검단로 851 3 지하B2주차장,에버온
EV006731,인천서구 불로동부아파트 2,37.619701796,126.69103193,서구,2,0,2,0,2,0,100.0,0.0,인천광역시 검단구 검단로 851 2 지하B2주차장,에버온
EV006732,인천서구 불로동부아파트 3,37.619474793,126.69036175,서구,2,0,2,0,2,0,100.0,0.0,인천광역시 검단구 검단로 851 1 지하B2주차장,에버온
EV006733,인천서구 불로동부아파트 4,37.620345548,126.69085936,서구,4,0,4,0,4,0,100.0,0.0,인천광역시 검단구 검단로 851 107동 뒤 지상 주차장,에버온
EV006734,인천서구 불로동부아파트 5,37.620351525,126.68970397,서구,3,0,3,0,3,0,100.0,0.0,인천광역시 검단구 검단로 851 104동 뒤 지상 주차장,에버온
EV006802,인천연수 송도힐스테이트1,37.396068759,126.64903827,연수구,3,0,3,0,1,2,33.33,0.0,인천광역시 연수구 컨벤시아대로 80 3단지 지하2층 11-3232-2804,에버온
EV006803,인천연수 송도힐스테이트2,37.396113181,126.64885692,연수구,3,0,3,0,1,2,33.33,0.0,인천광역시 연수구 컨벤시아대로 80 4단지 지하2층 11-3232-2181,에버온
EV006804,인천연수 송도힐스테이트3,37.39607133,126.64917615,연수구,3,0,3,0,1,2,33.33,0.0,인천광역시 연수구 컨벤시아대로 80 5단지 지하2층 11-3232-2154,에버온
EV006805,인천연수 송도힐스테이트4,37.396068759,126.64903827,연수구,3,0,3,0,1,2,33.33,0.0,인천광역시 연수구 컨벤시아대로 80 6단지 지하2층 11-3232-2136,에버온
EV006834,인천남동 신영지웰아파트 1,37.4033939,126.7295891,남동구,4,0,4,0,1,3,25.0,0.0,인천광역시 남동구 소래역로 93 4동 지하2층,에버온
EV006835,인천남동 신영지웰아파트 2,37.4037383,126.7305291,남동구,3,0,3,0,1,2,33.33,0.0,인천광역시 남동구 소래역로 93 6동 지하2층,에버온
EV006844,인천서구 검단2차아이파크1,37.598810671,126.66626089,서구,4,0,4,0,1,3,25.0,0.0,인천광역시 검단구 검단로540번길 59 B2F 주차장 28번 기둥열,에버온
EV006845,인천서구 검단2차아이파크2,37.5988106,126.66626089,서구,4,0,4,0,1,3,25.0,0.0,인천광역시 검단구 검단로540번길 59 B3F 주차장 28번 기둥열,에버온
EV006942,인천강화 미래지향아파트,37.741190104,126.48739399,강화군,3,0,3,0,1,2,33.33,0.0,인천광역시 강화군 강화읍 남문로 41 102동 앞 1층 스텐드형,에버온
EV006989,인천남동 논현1단지주공아파트 1,37.409991385,126.71326331,남동구,9,0,9,0,1,8,11.11,0.0,인천광역시 남동구 호구포로 294 P1 지하1층 04기둥우측,에버온
EV006990,인천남동 논현1단지주공아파트 2,37.409969606,126.71357119,남동구,4,0,4,0,1,3,25.0,0.0,"인천광역시 남동구 호구포로 294 p2 지하1층 01 기둥좌,우측",에버온
EV006991,인천남동 논현1단지주공아파트 3,37.409839556,126.71340858,남동구,4,0,4,0,1,3,25.0,0.0,"인천광역시 남동구 호구포로 294 p3 지하1층 02 기둥좌,우측",에버온
EV006992,인천남동 논현1단지주공아파트 4,37.409935791,126.71356002,남동구,2,0,2,0,1,1,50.0,0.0,인천광역시 남동구 호구포로 294 p4 지하1층 01 기둥앞,에버온
EV007002,인천계양 은행마을아주아파트1,37.536829676,126.74325143,계양구,6,0,6,0,6,0,100.0,0.0,인천광역시 계양구 용종로 26 관리동 옆 지상주차장 6대,에버온
EV007003,인천계양 은행마을아주아파트2,37.536623994,126.74284448,계양구,3,0,3,0,3,0,100.0,0.0,인천광역시 계양구 용종로 26 지하1층 1주차장 E1~E2번 기둥 사이 3기,에버온
EV007004,인천계양 은행마을아주아파트3,37.536635078,126.74276241,계양구,4,0,4,0,2,2,50.0,0.0,인천광역시 계양구 용종로 26 지하1층 2주차장 G1번 기둥 인근 4기,에버온
EV007038,인천중구 영종국제도시화성파크드림 1,37.493191893,126.55988497,중구,3,0,3,0,1,2,33.33,0.0,인천광역시 영종구 하늘별빛로 112 지하1층,에버온
EV007039,인천중구 영종국제도시화성파크드림 2,37.493205562,126.55958772,중구,4,0,4,0,1,3,25.0,0.0,인천광역시 영종구 하늘별빛로 112 지하2층,에버온
EV007111,인천부평 한국아파트,37.483784699,126.73074198,부평구,1,0,1,0,1,0,100.0,0.0,인천광역시 부평구 동수로120번길 11 105동 지하1층,에버온
EV007185,인천연수 송도더샵그린애비뉴7단지1,37.400166192,126.64832978,연수구,3,0,3,0,1,2,33.33,0.0,인천광역시 연수구 컨벤시아대로42번길 35 701동 지하2층 f05 기둥좌측,에버온
EV007186,인천연수 송도더샵그린애비뉴7단지2,37.400091354,126.64740404,연수구,4,0,4,0,1,3,25.0,0.0,"인천광역시 연수구 컨벤시아대로42번길 35 710동 지하2층 a13 기둥좌, 우측",에버온
EV007187,인천연수 송도더샵그린애비뉴7단지3,37.399235231,126.64735158,연수구,2,0,2,0,1,1,50.0,0.0,"인천광역시 연수구 컨벤시아대로42번길 35 709동 지하2층 k21 기둥좌,우측",에버온
EV007188,인천부평 대덕리치아노 1,37.507477936,126.73227911,부평구,4,0,4,0,4,0,100.0,0.0,인천광역시 부평구 길주로 623 A코아 5층 22기둥좌측,에버온
EV007189,인천부평 대덕리치아노 2,37.5078882,126.7320538,부평구,3,0,3,0,3,0,100.0,0.0,인천광역시 부평구 길주로 623 B코아 4층 27 기둥우측,에버온
EV007212,인천연수 대우3차아파트1,37.411368632,126.66799949,연수구,6,0,6,0,1,5,16.67,0.0,인천광역시 연수구 동곡재로117번길 22 108동 지하1층 D01 기둥좌측,에버온
EV007240,인천남동 구월테크노밸리,37.4395387,126.7096302,남동구,2,0,2,0,2,0,100.0,0.0,인천광역시 남동구 선수촌공원로 5 지하3층,에버온
EV007246,인천계양 계양1차하우스토리,37.556340676,126.74891057,계양구,4,0,4,0,1,3,25.0,0.0,인천광역시 계양구 서부간선로 290 104동 앞 1층 지상스텐드,에버온
EV007247,인천미추홀 엘에이치미추홀퍼스트1,37.456581951,126.64475386,미추홀구,5,0,5,0,1,4,20.0,0.0,"인천광역시 미추홀구 낙섬동로 135 206동 1.3라인 지하2층 42C 기둥좌,우측",에버온
EV007248,인천미추홀 엘에이치미추홀퍼스트2,37.456581951,126.64475386,미추홀구,5,0,5,0,1,4,20.0,0.0,"인천광역시 미추홀구 낙섬동로 135 201동 1.2라인 지하1층 B01 기둥좌,우측",에버온
EV007249,인천연수 동춘마을아파트,37.409934635,126.67088907,연수구,5,0,5,0,1,4,20.0,0.0,인천광역시 연수구 먼우금로 123 210동 뒤 1층 스텐드형,에버온
EV007321,인천부평 태화아파트2,37.523072203,126.72884675,부평구,3,0,3,0,1,2,33.33,0.0,"인천광역시 부평구 부평북로 313 지하1층 3번기둥 좌측앞 1대, 뒤 1대, 좌측옆 기둥 우측1대",에버온
EV007332,인천서구 검단서해아파트1,37.605376239,126.66100934,서구,2,0,2,0,1,1,50.0,0.0,인천광역시 검단구 검단로487번길 40 3단지 지하1층,에버온
EV007333,인천서구 검단서해아파트2,37.60524044,126.66128481,서구,2,0,2,0,1,1,50.0,0.0,인천광역시 검단구 검단로487번길 40 1단지 지하1층,에버온
EV007334,인천서구 검단서해아파트3,37.605477523,126.6607005,서구,2,0,2,0,1,1,50.0,0.0,인천광역시 검단구 검단로487번길 40 4단지 지하1층,에버온
EV007376,인천중구 창보밀레시티3단지,37.497149917,126.48361963,중구,5,0,5,0,1,4,20.0,0.0,인천광역시 영종구 영종대로27번길 39 지상1층주차장,에버온
EV007377,인천중구 창보밀레시티2단지,37.4972158,126.4833456,중구,3,0,3,0,1,2,33.33,0.0,인천광역시 영종구 신도시북로43번길 32 지상1층주차장,에버온
EV007507,인천남동 간석금호아파트2,37.457531283,126.69969779,남동구,3,0,3,0,1,2,33.33,0.0,인천광역시 남동구 구월로 73 4동 10호라인 뒤 1층 지상스텐드형,에버온
EV007591,인천서구 마전풍림2차아파트,37.612935979,126.66001492,서구,1,0,1,0,1,0,100.0,0.0,인천광역시 검단구 가현로 55 지하1층주차장 11번기둥열,에버온
EV007641,인천남동구 논현주공2-1단지3,37.411473025,126.71119339,남동구,1,0,1,0,1,0,100.0,0.0,인천광역시 남동구 함박뫼로 439 204동 지상1층주차장,에버온
EV007642,인천남동구 논현주공2-1단지4,37.412068683,126.71159775,남동구,2,0,2,0,1,1,50.0,0.0,인천광역시 남동구 함박뫼로 439 206동 지하2층주차장,에버온
EV007643,인천남동구 논현주공2-1단지5,37.411250829,126.71244805,남동구,2,0,2,0,2,0,100.0,0.0,인천광역시 남동구 함박뫼로 439 209동 지하2층주차장,에버온
EV007644,인천남동구 논현주공2-1단지6,37.411101503,126.71217753,남동구,3,0,3,0,1,2,33.33,0.0,인천광역시 남동구 함박뫼로 439 210동 지하1층주차장,에버온
EV007645,인천남동구 논현주공2-1단지7,37.410898336,126.71199758,남동구,2,0,2,0,2,0,100.0,0.0,인천광역시 남동구 함박뫼로 439 210동 지하2층주차장,에버온
EV007646,인천남동구 논현주공2-1단지8,37.410842346,126.7112071,남동구,3,0,3,0,1,2,33.33,0.0,인천광역시 남동구 함박뫼로 439 203동 지하1층주차장,에버온
EV007665,인천중구 영종센트럴푸르지오자이1,37.49113525,126.54910399,중구,3,0,3,0,3,0,100.0,0.0,"인천광역시 영종구 은하수로 412 107동 3.4라인 지하1층 G1 기둥좌,우측",에버온
EV007666,인천중구 영종센트럴푸르지오자이2,37.489801531,126.54727457,중구,3,0,3,0,3,0,100.0,0.0,인천광역시 영종구 은하수로 412 110동 3.4라인 지하1층 P1 기둥좌측,에버온
EV007667,인천중구 영종센트럴푸르지오자이3,37.488852167,126.54758559,중구,3,0,3,0,3,0,100.0,0.0,인천광역시 영종구 은하수로 412 113동 1.2라인 뒤 지하1층 P2 기둥우측,에버온
EV007668,인천중구 영종센트럴푸르지오자이4,37.488821575,126.54901048,중구,7,0,7,0,7,0,100.0,0.0,인천광역시 영종구 은하수로 412 113동 1.2라인 뒤 지하1층 P2 기둥우측,에버온
EV007669,인천중구 영종센트럴푸르지오자이5,37.488760835,126.54962143,중구,2,0,2,0,2,0,100.0,0.0,인천광역시 영종구 은하수로 412 116동 1-3라인 지하1층 J4기둥우측,에버온
EV007797,인천강화 강화2차세광아파트1,37.722622814,126.48230006,강화군,2,0,2,0,1,1,50.0,0.0,인천광역시 강화군 선원면 중앙로 253-1 206동 지하1층 38 기둥우측,에버온
EV007798,인천강화 강화2차세광아파트2,37.722880165,126.4829448,강화군,3,0,3,0,1,2,33.33,0.0,인천광역시 강화군 선원면 중앙로 253-1 208동 지하1층 45 기둥좌측,에버온
EV007799,인천강화 강화2차세광아파트3,37.722917124,126.48264113,강화군,3,0,3,0,1,2,33.33,0.0,"인천광역시 강화군 선원면 중앙로 253-1 205동 지하1층 08 기둥좌,우측",에버온
EV007800,인천강화 강화2차세광아파트4,37.723177734,126.48197577,강화군,2,0,2,0,1,1,50.0,0.0,인천광역시 강화군 선원면 중앙로 253-1 202동 지하1층 43 기둥좌측,에버온
EV007801,인천강화 강화2차세광아파트5,37.724081964,126.48169441,강화군,1,0,1,0,1,0,100.0,0.0,인천광역시 강화군 선원면 중앙로 253-1 201동 1층 지상스텐드,에버온
EV007811,인천서구 드림파크어울림1단지아파트1,37.594348003,126.6386652,서구,3,0,3,0,1,2,33.33,0.0,"인천광역시 검단구 봉화로 18 106동 지하1층 043 기둥좌,우측",에버온
EV007812,인천서구 드림파크어울림1단지아파트2,37.594549022,126.6395814,서구,4,0,4,0,1,3,25.0,0.0,"인천광역시 검단구 봉화로 18 108동 지하1층 24 기둥좌,우측",에버온
EV007813,인천서구 드림파크어울림1단지아파트3,37.595052772,126.63931854,서구,2,0,2,0,1,1,50.0,0.0,인천광역시 검단구 봉화로 18 109동 지하1층 G44 기둥좌측,에버온
EV007814,인천서구 드림파크어울림1단지아파트4,37.595247867,126.6382985,서구,3,0,3,0,1,2,33.33,0.0,"인천광역시 검단구 봉화로 18 111동 지하1층 G08 기둥좌,우측",에버온
EV007815,인천서구 드림파크어울림1단지아파트5,37.594843678,126.63870809,서구,3,0,3,0,1,2,33.33,0.0,인천광역시 검단구 봉화로 18 112동 지하2층 G30 기둥좌측,에버온
EV007853,인천남동구 포레시안아파트1,37.463558965,126.73360105,남동구,2,0,2,0,1,1,50.0,0.0,인천광역시 남동구 만수서로 55 지하3층 26 기둥좌측,에버온
EV007854,인천남동구 포레시안아파트2,37.464158347,126.73361486,남동구,2,0,2,0,1,1,50.0,0.0,인천광역시 남동구 만수서로 55 지하2층 16 기둥우측,에버온
EV007855,인천남동구 포레시안아파트3,37.463775778,126.73377447,남동구,3,0,3,0,1,2,33.33,0.0,인천광역시 남동구 만수서로 55 지하1층 02기둥우측,에버온
EV007856,인천남동구 포레시안아파트4,37.464238079,126.73397337,남동구,2,0,2,0,1,1,50.0,0.0,인천광역시 남동구 만수서로 55 지하2층 131동 앞,에버온
EV007857,인천남동구 포레시안아파트5,37.463553515,126.7331027,남동구,4,0,4,0,1,3,25.0,0.0,인천광역시 남동구 만수서로 55 지하2층 17 기둥 앞,에버온
EV007858,인천남동구 포레시안아파트6,37.463951979,126.73299956,남동구,3,0,3,0,1,2,33.33,0.0,인천광역시 남동구 만수서로 55 138동 1.4라인 지하2층 14기둥우측,에버온
EV007859,인천남동구 포레시안아파트7,37.462432444,126.73141685,남동구,3,0,3,0,1,2,33.33,0.0,인천광역시 남동구 만수서로 55 110동 5.8라인 지하2층 33기둥우측,에버온
EV007860,인천남동구 포레시안아파트8,37.464081555,126.72955717,남동구,6,0,6,0,1,5,16.67,0.0,인천광역시 남동구 만수서로 55 125동 1.2라인 지하2층 48-49기둥,에버온
EV007861,인천남동구 포레시안아파트9,37.46431417,126.72883856,남동구,5,0,5,0,1,4,20.0,0.0,인천광역시 남동구 만수서로 55 126동 지하2층주차장,에버온
EV007967,인천부평 갈산주공1단지아파트1,37.512918416,126.73059697,부평구,5,0,5,0,1,4,20.0,0.0,인천광역시 부평구 굴포로 81-1 107동 뒷편 1층 스텐드형,에버온
EV007968,인천부평 갈산주공1단지아파트2,37.512467828,126.73055901,부평구,5,0,5,0,1,4,20.0,0.0,인천광역시 부평구 굴포로 81 108동 뒷편 1층 스텐드형,에버온
EV007969,인천부평 갈산주공1단지아파트3,37.513423591,126.73086662,부평구,5,0,5,0,1,4,20.0,0.0,인천광역시 부평구 굴포로 81 106동 뒷편 1층 스텐드형,에버온
EV008045,인천미추홀 주안신동아4차아파트,37.442503096,126.67791287,미추홀구,7,0,7,0,1,6,14.29,0.0,인천광역시 미추홀구 학익소로61번길 132 24동뒤(전기실 입구) 1층 지상스텐드형,에버온
EV008049,인천서구 신명아파트1,37.617119954,126.69083307,서구,6,0,6,0,1,5,16.67,0.0,"인천광역시 검단구 검단로 834 107동 지하1층 11기둥좌,우측",에버온
EV008050,인천서구 신명아파트2,37.617683716,126.68936393,서구,6,0,6,0,1,5,16.67,0.0,"인천광역시 검단구 검단로 834 102동 지하1층 5기둥좌,우측",에버온
EV008051,인천미추홀구 동아풍림아파트1,37.441700885,126.6621802,미추홀구,3,0,3,0,1,2,33.33,0.0,"인천광역시 미추홀구 소성로 120 P1 지하3층 13 기둥좌,우측",에버온
EV008052,인천미추홀구 동아풍림아파트2,37.441453293,126.66158376,미추홀구,3,0,3,0,1,2,33.33,0.0,인천광역시 미추홀구 소성로 120 P2 지하2층 18 기둥우측,에버온
EV008053,인천미추홀구 동아풍림아파트3,37.441633809,126.66169313,미추홀구,3,0,3,0,1,2,33.33,0.0,인천광역시 미추홀구 소성로 120 P3 지하2층 18 기둥우측,에버온
EV008054,인천미추홀구 동아풍림아파트4,37.441719323,126.66166449,미추홀구,2,0,2,0,1,1,50.0,0.0,인천광역시 미추홀구 소성로 120 P4 지하2층 63 기둥우측,에버온
EV008055,인천미추홀구 동아풍림아파트5,37.44186605,126.66177401,미추홀구,2,0,2,0,1,1,50.0,0.0,인천광역시 미추홀구 소성로 120 P4 지하2층 03 기둥좌측,에버온
EV008056,인천미추홀구 동아풍림아파트6,37.442053913,126.66208957,미추홀구,3,0,3,0,1,2,33.33,0.0,인천광역시 미추홀구 소성로 120 P5 지하2층 24 기둥우측,에버온
EV008057,인천미추홀구 동아풍림아파트7,37.441971636,126.6621802,미추홀구,3,0,3,0,1,2,33.33,0.0,"인천광역시 미추홀구 소성로 120 P6 지하2층 35 기둥좌,우측",에버온
EV008058,인천미추홀구 동아풍림아파트8,37.441784598,126.66243543,미추홀구,3,0,3,0,1,2,33.33,0.0,인천광역시 미추홀구 소성로 120 P7 지하2층 22 기둥우측,에버온
EV008059,인천미추홀구 동아풍림아파트9,37.441798589,126.66260205,미추홀구,3,0,3,0,1,2,33.33,0.0,인천광역시 미추홀구 소성로 120 P8 지하3층 13 기둥좌측,에버온
EV008060,인천미추홀구 동아풍림아파트10,37.44142833,126.6615189,미추홀구,3,0,3,0,1,2,33.33,0.0,인천광역시 미추홀구 소성로 120 P9 지하2층 21 기둥좌측,에버온
EV008090,인천남동 간석풍림아이원,37.462443597,126.69758274,남동구,5,0,5,0,5,0,100.0,0.0,"인천광역시 남동구 석산로 35 지하1층 B21기둥,B25기둥옆",에버온
EV008091,인천미추홀 주안광해리드빌2차아파트,37.463965891,126.6878616,미추홀구,3,0,3,0,3,0,100.0,0.0,인천광역시 미추홀구 주안로 163 지하1층,에버온
EV008123,인천계양 계산은행마을태평아파트1,37.535614871,126.74284229,계양구,3,0,3,0,3,0,100.0,0.0,인천광역시 계양구 용종로 20 지상 415동 뒤 전기실 입구 우측 3대,에버온
EV008124,인천계양 계산은행마을태평아파트2,37.535593257,126.74326099,계양구,6,0,6,0,6,0,100.0,0.0,인천광역시 계양구 용종로 20 지상 415동 뒤 전기실 입구 좌측 6대,에버온
EV008136,인천강화 강화베이힐2,37.7418801,126.5035031,강화군,2,0,2,0,2,0,100.0,0.0,인천광역시 강화군 강화읍 강화대로 234-12 102동 1층(외부인 사용불가),에버온
EV008144,인천남동 아주2차아파트,37.463808769,126.73671642,남동구,2,0,2,0,2,0,100.0,0.0,인천광역시 남동구 만수로 97 마동 옥외 출입구,에버온
EV008186,인천연수 연수우성2차상가,37.412279283,126.68394208,연수구,5,0,5,0,5,0,100.0,0.0,"인천광역시 연수구 원인재로 180 지하2층, 5대",에버온
EV008267,인천미추홀 도화6-2단지e편한세상아파트,37.475013712,126.66494161,미추홀구,7,0,7,0,1,6,14.29,0.0,"인천광역시 미추홀구 숙골로88번길 56 623동 앞 지하2층 A33 기둥좌,우측 A35 기둥좌,우측",에버온
EV008315,인천부평 부개현대아파트,37.487741786,126.74133009,부평구,2,0,2,0,0,2,0.0,0.0,인천광역시 부평구 경인로1083번길 32 101동 앞 지상주차장 2기,에버온
EV008317,인천미추홀 신동아8차,37.441464923,126.67520281,미추홀구,5,0,5,0,1,4,20.0,0.0,인천광역시 미추홀구 매소홀로475번길 60 102동 뒤 지상주차장,에버온
EV008328,인천연수 한가람빌딩,37.412394757,126.6562875,연수구,1,0,1,0,1,0,100.0,0.0,인천광역시 연수구 앵고개로 96 지하1층 주차장,에버온
EV008410,인천서구 당하3차풍림아이원아파트1,37.595428697,126.67572125,서구,4,0,4,0,4,0,100.0,0.0,인천광역시 검단구 원당대로685번길 23 202동 밑 1주차장 01기둥 좌측1대 우측3대,에버온
EV008411,인천서구 당하3차풍림아이원아파트2,37.595039304,126.67582485,서구,4,0,4,0,4,0,100.0,0.0,인천광역시 검단구 원당대로685번길 23 203 옆 3주차장 06기둥 좌측 1대 우측 3대,에버온
EV008412,인천서구 당하3차풍림아이원아파트3,37.594855611,126.67701459,서구,4,0,4,0,4,0,100.0,0.0,인천광역시 검단구 원당대로685번길 23 207동 옆 2주차장 33기둥 좌측 2대 우측 2대,에버온
EV008422,인천서구 불로삼보해피하임1단지1,37.611528111,126.68525562,서구,3,0,3,0,3,0,100.0,0.0,인천광역시 검단구 검단로744번3길 7 지하1층 303동 계단입구 2번기둥 좌측3대,에버온
EV008423,인천서구 불로삼보해피하임1단지2,37.611121496,126.68589803,서구,6,0,6,0,6,0,100.0,0.0,"인천광역시 검단구 검단로744번3길 7 지하2층 303동 계단입구 2번기둥 좌측5대,우측1대",에버온
EV008527,인천부평 이클래스,37.484167633,126.70963028,부평구,1,0,1,0,0,1,0.0,0.0,인천광역시 부평구 동수북로 10 지하주차장,에버온
EV008550,인천서구 청라더샵레이크파크아파트1,37.530861075,126.63814342,서구,6,0,6,0,6,0,100.0,0.0,인천광역시 서해구 크리스탈로74번길 26 B1주차장 q05~q07기둥 사이,에버온
EV008551,인천서구 청라더샵레이크파크아파트2,37.531110856,126.63980204,서구,3,0,3,0,3,0,100.0,0.0,"인천광역시 서해구 크리스탈로74번길 26 B1주차장 m37, n37 기둥사이",에버온
EV008552,인천서구 청라더샵레이크파크아파트3,37.531281187,126.64025942,서구,3,0,3,0,3,0,100.0,0.0,"인천광역시 서해구 크리스탈로74번길 26 B1주차장 e37, f37 기둥 사이",에버온
EV008586,인천서구 가좌시범공단,37.488208549,126.65988968,서구,2,0,2,0,1,1,50.0,0.0,인천광역시 서해구 봉수대로 141 지하1층 A동 주차램프 앞 2대,에버온
EV008647,인천남동 남동구청 모내래시장공영주차장,37.4547876,126.7198708,남동구,2,0,2,0,2,0,100.0,0.0,인천광역시 남동구 구월로276번길 45 지상 3층 주차장 2대,에버온
EV008674,인천미추홀구 티에스굿모닝아파트,37.470037129,126.66814715,미추홀구,3,0,3,0,0,3,0.0,0.0,인천광역시 미추홀구 장고개로36번길 36 지하1층 전기실 옆 주차장,에버온
EV008687,인천중구 대성목재공업,37.483430094,126.60923853,중구,4,0,4,0,4,0,100.0,0.0,인천광역시 제물포구 월미로 164 지상주차장 입구 4대,에버온
EV008843,인천부평 민방위교육장,37.5109879,126.7333177,부평구,2,0,2,0,2,0,100.0,0.0,인천광역시 부평구 굴포로 110 지하1층 램프 맞은편,에버온
EV008845,인천미추홀 도화신동아파밀리에아파트1,37.476904793,126.65401665,미추홀구,3,0,3,0,3,0,100.0,0.0,인천광역시 미추홀구 송림로 194 1주차장 101동 앞 02번기둥 옆,에버온
EV008846,인천미추홀 도화신동아파밀리에아파트2,37.476369808,126.65310564,미추홀구,2,0,2,0,2,0,100.0,0.0,인천광역시 미추홀구 송림로 194 2주차장 104동 앞 09번기둥 옆,에버온
EV008848,인천연수 무지개마을아파트,37.401284996,126.6700271,연수구,6,0,6,0,1,5,16.67,0.0,인천광역시 연수구 원인재로 14 관리사무소 뒤편 6대,에버온
EV008861,인천남동 힐스테이트롯데캐슬골드1단지 1,37.4535821,126.713145,남동구,2,0,2,0,1,1,50.0,0.0,"인천광역시 남동구 구월로 192 지하2층 1111동 3,4입구 다-24번 기둥 우측 2대",에버온
EV008862,인천남동 힐스테이트롯데캐슬골드1단지 2,37.4537987,126.7095728,남동구,2,0,2,0,2,0,100.0,0.0,"인천광역시 남동구 구월로 192 지하2층 1208동 3,4입구 라-33번 기둥 좌측 2대",에버온
EV008863,인천남동 힐스테이트롯데캐슬골드1단지 3,37.4550716,126.7105963,남동구,3,0,3,0,3,0,100.0,0.0,"인천광역시 남동구 구월로 192 지하2층 1308동 1,2입구 다-9번~다-10번 기둥 사이 3대",에버온
EV009011,인천서구 당하동태평아파트1,37.585039867,126.67849509,서구,5,0,5,0,5,0,100.0,0.0,인천광역시 검단구 독정로25번길 26-6 지하1주차장,에버온
EV009012,인천서구 당하동태평아파트2,37.585039867,126.67849509,서구,2,0,2,0,2,0,100.0,0.0,인천광역시 검단구 독정로25번길 26-6 지하2주차장,에버온
EV009013,인천서구 당하동태평아파트3,37.585039867,126.67849509,서구,4,0,4,0,4,0,100.0,0.0,인천광역시 검단구 독정로25번길 26-6 지하3주차장,에버온
EV010174,인천부평 부개대진아파트,37.506521271,126.7351255,부평구,3,0,3,0,1,2,33.33,0.0,인천광역시 부평구 길주로 654 지상주차장 다동 12-13라인,에버온
EV010175,인천계양 귤현아이파크아파트,37.569561023,126.74927743,계양구,2,0,2,0,0,2,0.0,0.0,인천광역시 계양구 장군봉길 12 지하주차장 19번기둥우측,에버온
EV010302,인천부평 재활공학연구소,37.482101997,126.7548814,부평구,1,0,1,0,1,0,100.0,0.0,인천광역시 부평구 경인로10번길 26 본관 옥외주차장,에버온
EV010329,인천부평 인천병원 1,37.476346333,126.75313555,부평구,4,0,4,0,1,3,25.0,0.0,인천광역시 부평구 무네미로 446 병원 정문 앞 지상 주차장,에버온
EV010330,인천부평 인천병원 2,37.475972993,126.7540178,부평구,2,0,2,0,2,0,100.0,0.0,인천광역시 부평구 무네미로 446 병원 정문 앞 지하 1층 주차장 출입로,에버온
EV010493,인천서구 에이스하이테크시티청라1,37.524521715,126.65033611,서구,6,0,6,0,6,0,100.0,0.0,"인천광역시 서해구 파랑로 495 2동 지하2층 C18기둥좌,우측 C19기둥좌,우측",에버온
EV010515,인천미추홀 용현대우아파트3,37.45818782,126.63819109,미추홀구,3,0,3,0,0,3,0.0,0.0,인천광역시 미추홀구 아암대로29번길 13 105동 지상1층,에버온
EV010516,인천미추홀 용현대우아파트4,37.459189549,126.63871749,미추홀구,2,0,2,0,0,2,0.0,0.0,인천광역시 미추홀구 아암대로29번길 13 107동 지상1층,에버온
EV010576,인천부평 태화아파트,37.523000042,126.72838026,부평구,3,0,3,0,2,1,66.67,0.0,인천광역시 부평구 부평북로 313 지상주차장 전기실출입구앞,에버온
EV010723,인천서구 주안DH비즈타워1차,37.4766102,126.6844496,서구,5,0,5,0,0,5,0.0,0.0,인천광역시 서해구 가재울로 109 지상 주차장,에버온
EV010790,인천서구 당하kcc스위첸아파트,37.588425296,126.67904393,서구,3,0,3,0,3,0,100.0,0.0,"인천광역시 검단구 청마로 124 지하1층 507동 A38 기둥 좌측 2대, 우측 1대",에버온
EV010795,인천연수 송도풍림아이원4단지아파트1,37.393053505,126.6564332,연수구,1,0,1,0,0,1,0.0,0.0,인천광역시 연수구 신송로82번길 6 지하주차장 49번 기둥,에버온
EV010796,인천연수 송도풍림아이원4단지아파트2,37.393540148,126.65786371,연수구,1,0,1,0,0,1,0.0,0.0,인천광역시 연수구 신송로82번길 6 지하주차장 62번 기둥,에버온
EV010813,인천서구 청라아리스타관리단,37.533324568,126.63922943,서구,2,0,2,0,1,1,50.0,0.0,인천광역시 서해구 크리스탈로102번길 8-24 지하2층주차장 B-06기둥,에버온
EV010868,인천계양 작전현대아파트,37.53162212,126.73354617,계양구,5,0,5,0,5,0,100.0,0.0,인천광역시 계양구 봉오대로743번길 8 전기실 입구 좌측 지상주차장,에버온
EV010873,인천남동 구월테크노밸리B동,37.439877213,126.7096398,남동구,2,0,2,0,2,0,100.0,0.0,인천광역시 남동구 선수촌공원로 9 지하2층 주차램프 뒤 2대,에버온
EV010879,인천서구 연희극동늘푸른아파트,37.5408517,126.67319033,서구,3,0,3,0,0,3,0.0,0.0,"인천광역시 서해구 승학로 198 108동 7,8라인 앞 지상주차장",에버온
EV011084,인천서구 루원시티센트럴타운아파트3,37.520427239,126.66664019,서구,6,0,6,0,1,5,16.67,0.0,인천광역시 서해구 봉오재1로 36 지하1층 904동 옆 A33번 기둥 좌측 6기,에버온
EV011085,인천서구 루원시티센트럴타운아파트4,37.520482003,126.66682569,서구,3,0,3,0,1,2,33.33,0.0,인천광역시 서해구 봉오재1로 36 지하1층 관리동 옆 A13번 우측기둥 우측 3기,에버온
EV011090,인천남동구 만수대성유니드아파트(지상1),37.462997179,126.72467498,남동구,6,0,6,0,6,0,100.0,0.0,인천광역시 남동구 서판로 30 106동 지상1층 1.2.3라인앞,에버온
EV011192,인천부평 산곡5차현대아파트4(B1),37.505810436,126.71189914,부평구,3,0,3,0,1,2,33.33,0.0,인천광역시 부평구 안남로 260 B주차장 지하1층 B8기둥,에버온
EV011193,인천부평 산곡5차현대아파트3(B1),37.505837232,126.7118029,부평구,2,0,2,0,1,1,50.0,0.0,인천광역시 부평구 안남로 260 A주차장 지하1층 A3기둥,에버온
EV011194,인천부평 산곡5차현대아파트2(B1),37.505842953,126.71137876,부평구,3,0,3,0,1,2,33.33,0.0,인천광역시 부평구 안남로 260 A주차장 지하1층 A8기둥,에버온
EV011195,인천부평 산곡5차현대아파트1(B1),37.505802961,126.71160511,부평구,3,0,3,0,1,2,33.33,0.0,인천광역시 부평구 안남로 260 C주차장 지하1층 C21기둥,에버온
EV011207,인천부평 청천중학교(10kW),37.5117326,126.704543,부평구,3,0,3,0,3,0,100.0,0.0,"인천광역시 부평구 마장로364번길 23 1거점-10kw 1층 지상벽부형, 1대",에버온
EV011216,인천연수 옥련태평아파트 1,37.425973254,126.65512334,연수구,4,0,4,0,0,4,0.0,0.0,인천광역시 연수구 한나루로193번길 16 지하2층 전기실 앞 R5기둥,에버온
EV011217,인천연수 옥련태평아파트 2,37.426305982,126.65490151,연수구,2,0,2,0,0,2,0.0,0.0,인천광역시 연수구 한나루로193번길 16 지하1층 D2 기둥 좌측 2대,에버온
EV011243,인천남동구 유호앤시티,37.401147637,126.73840934,남동구,10,0,10,0,0,10,0.0,0.0,인천광역시 남동구 포구로 35 지하4층 104동 출입구 좌측,에버온
EV011304,인천연수 연수주공2단지아파트 1,37.421332368,126.69243062,연수구,4,0,4,0,0,4,0.0,0.0,인천광역시 연수구 원인재로 315 관리사무실 앞,에버온
EV011305,인천연수 연수주공2단지아파트 2,37.420123631,126.69190178,연수구,4,0,4,0,0,4,0.0,0.0,인천광역시 연수구 원인재로 315 204동 앞 주차장,에버온
EV011360,인천부평 코오롱하늘채4 (10kW),37.496136641,126.73632275,부평구,3,0,3,0,3,0,100.0,0.0,인천광역시 부평구 동수천로 117 104동4.5라인 지하2층 B63,에버온
EV011361,인천부평 코오롱하늘채5 (10kW),37.497236186,126.7364659,부평구,3,0,3,0,3,0,100.0,0.0,인천광역시 부평구 동수천로 117 106동1.2.3라인 지하2층 B78,에버온
EV011362,인천부평 코오롱하늘채6 (10kW),37.49728165,126.73616685,부평구,3,0,3,0,3,0,100.0,0.0,인천광역시 부평구 동수천로 117 107동 지하2층  B87,에버온
EV011393,인천연수 송도더샵하버뷰14단지,37.397000131,126.64589199,연수구,5,0,5,0,2,3,40.0,0.0,인천광역시 연수구 아트센터대로97번길 76 지하2층 배기휀룸 옆,에버온
EV011447,인천서구 당하2차풍림아이원아파트 1,37.59686849,126.67589052,서구,2,0,2,0,0,2,0.0,0.0,인천광역시 검단구 원당대로685번길 30 108동 지상1층 주차램프 입구 좌측,에버온
EV011448,인천서구 당하2차풍림아이원아파트 2,37.596957461,126.67616914,서구,2,0,2,0,0,2,0.0,0.0,인천광역시 검단구 원당대로685번길 30 105동 뒤편 전기실 입구 좌측,에버온
EV011473,인천서구 퀸스타운 동성아파트 1,37.615808497,126.68806636,서구,3,0,3,0,0,3,0.0,0.0,인천광역시 검단구 검단로 788 전기실 입구 지상 1층 옆,에버온
EV011474,인천서구 퀸스타운 동성아파트 2,37.615604984,126.68861937,서구,4,0,4,0,0,4,0.0,0.0,인천광역시 검단구 검단로 788 지하2층 주차장 203동,에버온
EV011475,인천서구 퀸스타운 동성아파트 3,37.615135235,126.68815129,서구,4,0,4,0,0,4,0.0,0.0,인천광역시 검단구 검단로 788 지하2층 주차장 206동,에버온
EV011525,인천서구 루원시티센트럴타운아파트 1,37.52224434,126.66720338,서구,6,0,6,0,5,1,83.33,0.0,인천광역시 서해구 봉오재1로 36 지하1층 901동 옆 주차램프 우측 6기,에버온
EV011526,인천서구 루원시티센트럴타운아파트 2,37.520465739,126.66671355,서구,2,0,2,0,1,1,50.0,0.0,인천광역시 서해구 봉오재1로 36 지하1층 904동 옆 A33번 기둥 우측 2기,에버온
EV011550,인천미추홀 더리치타운2차,37.4358324,126.6798672,미추홀구,2,0,2,0,2,0,100.0,0.0,인천광역시 미추홀구 소성로294번길 41 주차장 출입구 좌측 기둥,에버온
EV011551,인천남동 간석풍림아이원아파트 1,37.462719094,126.69718376,남동구,4,0,4,0,0,4,0.0,0.0,인천광역시 남동구 석산로 35 103동 앞 지상주차장,에버온
EV011552,인천남동 간석풍림아이원아파트 2,37.462689902,126.69809944,남동구,5,0,5,0,0,5,0.0,0.0,인천광역시 남동구 석산로 35 106동 앞 지상주차장,에버온
EV011555,인천부평 지웰에스테이트 1,37.5167633,126.72566832,부평구,3,0,3,0,0,3,0.0,0.0,인천광역시 부평구 주부토로249번길 17 지하1층 주차장 전기실 상부,에버온
EV011556,인천부평 지웰에스테이트 2,37.516709205,126.72562893,부평구,4,0,4,0,0,4,0.0,0.0,인천광역시 부평구 주부토로249번길 17 지하2층 주차장 전기실 옆,에버온
EV011557,인천부평 지웰에스테이트 3,37.516770167,126.72569092,부평구,1,0,1,0,0,1,0.0,0.0,인천광역시 부평구 주부토로249번길 17 지하1층 주차장 전기실 상부,에버온
EV011558,인천부평 지웰에스테이트 4,37.516568618,126.72619785,부평구,1,0,1,0,0,1,0.0,0.0,인천광역시 부평구 주부토로249번길 17 근린상가 지하1층 주차장,에버온
EV011603,인천동구 동산휴먼시아2단지아파트 1,37.4729277,126.6514767,동구,5,0,5,0,0,5,0.0,0.0,인천광역시 제물포구 재능로 191 206동 앞 주차램프 건너편 5대,에버온
EV011604,인천동구 동산휴먼시아2단지아파트 2,37.4720803,126.6513167,동구,5,0,5,0,0,5,0.0,0.0,인천광역시 제물포구 재능로 191 205동 앞 주차램프 건너편 5대,에버온
EV011618,인천미추홀 학익신동아6차아파트,37.440842473,126.67358881,미추홀구,4,0,4,0,0,4,0.0,0.0,인천광역시 미추홀구 학익소로63번길 59 정문 입구 우측 지상주차장,에버온
EV011635,인천부평 벽산블루밍아파트 1,37.519472916,126.73848889,부평구,3,0,3,0,0,3,0.0,0.0,인천광역시 부평구 후정동로 12 관리사무소 앞 지상주차장 3대,에버온
EV011636,인천부평 벽산블루밍아파트 2,37.518132587,126.73844832,부평구,3,0,3,0,0,3,0.0,0.0,인천광역시 부평구 후정동로 12 105동 앞 지상주차장 3대,에버온
EV011637,인천부평 벽산블루밍아파트 3,37.517878332,126.73857364,부평구,3,0,3,0,0,3,0.0,0.0,인천광역시 부평구 후정동로 12 106동 앞 지상주차장 3대,에버온
EV011683,인천중구 영종하늘도시한라비발디아파트 2,37.492832664,126.5638448,중구,9,0,9,0,0,9,0.0,0.0,인천광역시 영종구 하늘별빛로 86 지하2층 주차장 005기둥,에버온
EV011684,인천중구 영종하늘도시한라비발디아파트 3,37.491999163,126.56260581,중구,6,0,6,0,0,6,0.0,0.0,인천광역시 영종구 하늘별빛로 86 지하층 231 기둥 좌측,에버온
EV011685,인천중구 영종하늘도시한라비발디아파트 4,37.491730047,126.56414521,중구,9,0,9,0,0,9,0.0,0.0,"인천광역시 영종구 하늘별빛로 86 지하3층 379기둥 좌,우측",에버온
EV011686,인천중구 영종하늘도시한라비발디아파트 5,37.490928962,126.5631435,중구,6,0,6,0,0,6,0.0,0.0,인천광역시 영종구 하늘별빛로 86 지하3층 124기둥 좌측,에버온
EV011688,인천부평 행복한마을서해그랑블아파트 1,37.510187922,126.74045255,부평구,4,0,4,0,0,4,0.0,0.0,인천광역시 부평구 굴포로 158 501동 옆 지상주차장,에버온
EV011689,인천부평 행복한마을서해그랑블아파트 2,37.511466502,126.74006922,부평구,7,0,7,0,0,7,0.0,0.0,인천광역시 부평구 굴포로 158 505동 옆 지상주차장,에버온
EV011690,인천부평 행복한마을서해그랑블아파트 3,37.512110178,126.7398238,부평구,7,0,7,0,0,7,0.0,0.0,인천광역시 부평구 굴포로 158 507동 옆 지상주차장,에버온
EV011691,인천부평 행복한마을서해그랑블아파트 4,37.511412136,126.7378921,부평구,7,0,7,0,0,7,0.0,0.0,인천광역시 부평구 굴포로 158 510동 옆 지상주차장,에버온
EV011692,인천부평 행복한마을서해그랑블아파트 5,37.510746033,126.73818002,부평구,4,0,4,0,0,4,0.0,0.0,인천광역시 부평구 굴포로 158 512동 옆 지상주차장,에버온
EV011693,인천남동 영풍2단지아파트,37.461583943,126.72197984,남동구,4,0,4,0,0,4,0.0,0.0,인천광역시 남동구 백범로248번길 20 지상 주차장 지하주차장 램프 입구,에버온
EV011701,인천계양 학마을영남탑스빌아파트 1,37.545365034,126.73935748,계양구,4,0,4,0,0,4,0.0,0.0,인천광역시 계양구 장제로 878 1지하주차장 입구 옆 지상주차장,에버온
EV011702,인천계양 학마을영남탑스빌아파트 2,37.544250905,126.73872486,계양구,4,0,4,0,0,4,0.0,0.0,인천광역시 계양구 장제로 878 2지하주차장 입구 옆 지상주차장,에버온
EV011703,인천계양 학마을영남탑스빌아파트 3,37.54518836,126.74095928,계양구,5,0,5,0,0,5,0.0,0.0,인천광역시 계양구 장제로 878 지상주차장 118동 측면,에버온
EV011704,인천계양 학마을영남탑스빌아파트 4,37.543496777,126.73995239,계양구,6,0,6,0,0,6,0.0,0.0,인천광역시 계양구 장제로 878 4지하주차장 입구 옆 지상주차장,에버온
EV011711,인천남동 산호마을아파트,37.462547034,126.72397933,남동구,4,0,3,1,0,4,0.0,0.0,"인천광역시 남동구 서판로 22 101동 3,4라인 앞 4대",에버온
EV011712,인천연수 힐스테이트송도더테라스 1,37.4108764,126.6269414,연수구,3,0,3,0,3,0,100.0,0.0,인천광역시 연수구 센트럴로 415 지상3층 상가 주차장 주차램프 앞 3대,에버온
EV011713,인천연수 힐스테이트송도더테라스 2,37.4108764,126.6269414,연수구,5,0,5,0,5,0,100.0,0.0,인천광역시 연수구 센트럴로 415 지하4층 103동 입구 L07~L09번 기둥 사이 5대,에버온
EV011714,인천연수 힐스테이트송도더테라스 3,37.4108764,126.6269414,연수구,5,0,5,0,5,0,100.0,0.0,인천광역시 연수구 센트럴로 415 지하4층 103동 입구 L11번 기둥 우측 5대,에버온
EV011715,인천연수 힐스테이트송도더테라스 4,37.4108764,126.6269414,연수구,6,0,6,0,6,0,100.0,0.0,"인천광역시 연수구 센트럴로 415 지하4층 103동 입구 L10번 기둥 좌측 3대, 우측 3대",에버온
EV011716,인천연수 힐스테이트송도더테라스 5,37.4108764,126.6269414,연수구,9,0,9,0,9,0,100.0,0.0,"인천광역시 연수구 센트럴로 415 지하4층 103동 입구 L08번 기둥 좌측 3대, 우측 6대",에버온
EV011717,인천연수 힐스테이트송도더테라스 6,37.4108764,126.6269414,연수구,5,0,5,0,5,0,100.0,0.0,"인천광역시 연수구 센트럴로 415 지하4층 108동 입구 K78번 기둥 우측 2대, K66번 기둥 좌측 3대",에버온
EV011718,인천연수 힐스테이트송도더테라스 7,37.4108764,126.6269414,연수구,6,0,6,0,6,0,100.0,0.0,"인천광역시 연수구 센트럴로 415 지하4층 108동 입구 K66번 기둥 우측 2대, K63번 기둥 우측 4대",에버온
EV011719,인천연수 힐스테이트송도더테라스 8,37.4108764,126.6269414,연수구,8,0,8,0,8,0,100.0,0.0,"인천광역시 연수구 센트럴로 415 지하4층 108동 입구 K62번 기둥 좌측 1대, 우측 7대",에버온
EV011720,인천연수 힐스테이트송도더테라스 9,37.4108764,126.6269414,연수구,6,0,6,0,6,0,100.0,0.0,인천광역시 연수구 센트럴로 415 지하4층 108동 입구 K57번 기둥 좌측 6대,에버온
EV011758,인천계양 동남롯데아파트 1,37.532380388,126.74082822,계양구,6,0,6,0,0,6,0.0,0.0,인천광역시 계양구 도두리로 62 관리사무소 옆 지상주차장 1-1,에버온
EV011759,인천계양 동남롯데아파트 2,37.532551167,126.74064,계양구,7,0,7,0,0,7,0.0,0.0,인천광역시 계양구 도두리로 62 관리사무소 옆 지상주차장 1-2,에버온
EV011760,인천계양 동남롯데아파트 3,37.532551167,126.740702,계양구,7,0,7,0,0,7,0.0,0.0,인천광역시 계양구 도두리로 62 514동 앞 지상주차장 2-1,에버온
EV011761,인천계양 동남롯데아파트 4,37.531736502,126.74097752,계양구,7,0,7,0,0,7,0.0,0.0,인천광역시 계양구 도두리로 62 514동 앞 지상주차장 2-1,에버온
EV011764,인천서구 동남아파트 1,37.604253596,126.65038079,서구,4,0,4,0,0,4,0.0,0.0,인천광역시 검단구 완정로 242 전기실 입구 지상주차장,에버온
EV011765,인천서구 동남아파트 2,37.604291002,126.65084209,서구,4,0,4,0,0,4,0.0,0.0,인천광역시 검단구 완정로 242 지하1층 주차장 50번기둥,에버온
EV011766,인천부평 갈산한국아파트,37.510567156,126.73075246,부평구,2,0,2,0,0,2,0.0,0.0,인천광역시 부평구 갈월동로 40 102동 뒤편 지상주차장,에버온
EV011796,인천서구 가좌진주2단지아파트 1,37.510968219,126.68480806,서구,5,0,5,0,0,5,0.0,0.0,인천광역시 서해구 가좌동 30-4 진주아파트 210동 뒤 지상주차장 5대 102동 뒤편 지상주차장,에버온
EV011797,인천서구 가좌진주2단지아파트 2,37.491980467,126.68388087,서구,4,0,4,0,0,4,0.0,0.0,인천광역시 서해구 가좌동 30-4 진주아파트 207동 뒤 지상주차장 4대,에버온
EV011825,인천동구 화도진그린빌,37.4816082,126.6275019,동구,3,0,3,0,0,3,0.0,0.0,"인천광역시 제물포구 화도진로 113 (화수동, 화도진그린빌 주공아파트) 지하1층 102동 39번 기둥 우측 1대, 104동 9번 기둥 우측2대",에버온
EV011878,인천부평 서희스타힐스아파트 1,37.4790946,126.7003089,부평구,3,0,3,0,0,3,0.0,0.0,"인천광역시 부평구 상정로 41 (십정동, 서희스타힐스 부평센트럴) 105동 지하2층 주차장",에버온
EV011879,인천부평 서희스타힐스아파트 2,37.4790946,126.7003089,부평구,3,0,3,0,0,3,0.0,0.0,"인천광역시 부평구 상정로 41 (십정동, 서희스타힐스 부평센트럴) 102동 앞 지상주차장",에버온
EV011880,인천부평 서희스타힐스아파트 3,37.4790946,126.7003089,부평구,7,0,7,0,0,7,0.0,0.0,"인천광역시 부평구 상정로 41 (십정동, 서희스타힐스 부평센트럴) 103동 앞 지상주차장",에버온
EV011894,인천연수 연수1차대림아파트 1,37.4194471,126.694224,연수구,4,0,4,0,0,4,0.0,0.0,"인천광역시 연수구 원인재로 300 (연수동, 대림아파트) 104동 옆 1층 지상스탠드폴형",에버온
EV011895,인천연수 연수1차대림아파트 2,37.420475095,126.69540522,연수구,3,0,3,0,0,3,0.0,0.0,인천광역시 연수구 원인재로 300 107동 7.8라인 뒤 1층 스탠드폴형,에버온
EV011896,인천연수 연수1차대림아파트 3,37.419447141,126.69422401,연수구,3,0,3,0,0,3,0.0,0.0,인천광역시 연수구 원인재로 300 106동 1.2라인 뒤 1층 스탠드폴형,에버온
EV011916,인천서구 금곡하나아파트 1,37.603789723,126.65277619,서구,3,0,3,0,0,3,0.0,0.0,인천광역시 검단구 완정로216번길 5 2동 정화조입구 지상주차장,에버온
EV011917,인천서구 금곡하나아파트 2,37.603789723,126.65277619,서구,3,0,3,0,0,3,0.0,0.0,인천광역시 검단구 완정로216번길 5 지하1층 계단옆 주차장,에버온
EV011918,인천부평 금호이수마운트밸리 1,37.503992286,126.70394795,부평구,3,0,3,0,0,3,0.0,0.0,인천광역시 부평구 원적로 344 지하2층 A06기둥 옆,에버온
EV011919,인천부평 금호이수마운트밸리 2,37.503992286,126.70394795,부평구,3,0,3,0,0,3,0.0,0.0,인천광역시 부평구 원적로 344 지하2층 A40기둥 옆,에버온
EV011920,인천부평 금호이수마운트밸리 3,37.503992286,126.70394795,부평구,3,0,3,0,0,3,0.0,0.0,인천광역시 부평구 원적로 344 지하2층 A71 기둥 옆,에버온
EV011921,인천부평 금호이수마운트밸리 4,37.503992286,126.70394795,부평구,3,0,3,0,0,3,0.0,0.0,인천광역시 부평구 원적로 344 지하2층 B32 기둥 옆,에버온
EV011922,인천부평 금호이수마운트밸리 5,37.503992286,126.70394795,부평구,3,0,3,0,0,3,0.0,0.0,인천광역시 부평구 원적로 344 지하2층 B76 기둥 옆,에버온
EV011923,인천부평 금호이수마운트밸리 6,37.503992286,126.70394795,부평구,3,0,3,0,0,3,0.0,0.0,인천광역시 부평구 원적로 344 지하2층 B116 기둥 옆,에버온
EV011924,인천부평 금호이수마운트밸리 7,37.503992286,126.70394795,부평구,4,0,4,0,0,4,0.0,0.0,인천광역시 부평구 원적로 344 지하2층 C25 기둥 옆,에버온
EV011939,인천부평 동아2단지아파트 1,37.496840492,126.71858625,부평구,3,0,3,0,0,3,0.0,0.0,인천광역시 부평구 부흥로 246 28동 뒤 지상1층 좌측 3대,에버온
EV011940,인천부평 동아2단지아파트 2,37.496840492,126.71858625,부평구,3,0,3,0,0,3,0.0,0.0,인천광역시 부평구 부흥로 246 34동 중앙기계실 입구 앞,에버온
EV011941,인천부평 동아2단지아파트 3,37.496840492,126.71858625,부평구,3,0,3,0,0,3,0.0,0.0,인천광역시 부평구 부흥로 246 20동 앞 주차장 3대,에버온
EV011942,인천부평 동아2단지아파트 4,37.496840492,126.71858625,부평구,3,0,3,0,0,3,0.0,0.0,인천광역시 부평구 부흥로 246 15동 뒤 주차장 3대,에버온
EV011943,인천연수 태산아파트,37.420704517,126.68126487,연수구,8,0,8,0,0,8,0.0,0.0,"인천광역시 연수구 먼우금로 282 104동 1,2라인 앞",에버온
EV012020,인천서구 청라한양수자인아파트 1,37.5384422,126.6310394,서구,3,0,3,0,3,0,100.0,0.0,"인천광역시 서해구 청라한내로 132 (청라동, 청라국제금융단지한양수자인레이크블루) 641동 A 1.2라인 V01기둥",에버온
EV012021,인천서구 청라한양수자인아파트 2,37.5384422,126.6310394,서구,3,0,3,0,3,0,100.0,0.0,"인천광역시 서해구 청라한내로 132 (청라동, 청라국제금융단지한양수자인레이크블루) 641동 B 1.2라인 V31기둥",에버온
EV012031,인천서구 청라한양수자인아파트 12,37.5384422,126.6310394,서구,3,0,3,0,3,0,100.0,0.0,"인천광역시 서해구 청라한내로 132 (청라동, 청라국제금융단지한양수자인레이크블루) 647동 1.2라인 Y106기둥",에버온
EV012032,인천서구 청라한양수자인아파트 13,37.5384422,126.6310394,서구,3,0,3,0,3,0,100.0,0.0,"인천광역시 서해구 청라한내로 132 (청라동, 청라국제금융단지한양수자인레이크블루) 647동 3.4라인 G93기둥",에버온
EV012033,인천서구 청라한양수자인아파트 14,37.5384422,126.6310394,서구,3,0,3,0,3,0,100.0,0.0,"인천광역시 서해구 청라한내로 132 (청라동, 청라국제금융단지한양수자인레이크블루) 648동 3.4라인 뒷편 G59기둥",에버온
EV012034,인천서구 청라한양수자인아파트 15,37.5384422,126.6310394,서구,3,0,3,0,3,0,100.0,0.0,"인천광역시 서해구 청라한내로 132 (청라동, 청라국제금융단지한양수자인레이크블루) 649동A 1.2라인 G56기둥",에버온
EV012035,인천서구 청라한양수자인아파트 16,37.5384422,126.6310394,서구,3,0,3,0,3,0,100.0,0.0,"인천광역시 서해구 청라한내로 132 (청라동, 청라국제금융단지한양수자인레이크블루) 649동B 3.4라인 G31기둥",에버온
EV012036,인천서구 청라한양수자인아파트 17,37.5384422,126.6310394,서구,1,0,1,0,1,0,100.0,0.0,"인천광역시 서해구 청라한내로 132 (청라동, 청라국제금융단지한양수자인레이크블루) 650동 3.4라인 G01기둥",에버온
EV012037,인천서구 청라한양수자인아파트 18,37.5384422,126.6310394,서구,2,0,2,0,0,2,0.0,0.0,"인천광역시 서해구 청라한내로 132 (청라동, 청라국제금융단지한양수자인레이크블루) 650동 3.4라인 G01기둥",에버온
EV012038,인천서구 청라한양수자인아파트 19,37.5384422,126.6310394,서구,3,0,3,0,0,3,0.0,0.0,"인천광역시 서해구 청라한내로 132 (청라동, 청라국제금융단지한양수자인레이크블루) 651동 1.3라인 y09기둥",에버온
EV012039,인천서구 청라한양수자인아파트 20,37.5384422,126.6310394,서구,3,0,3,0,0,3,0.0,0.0,"인천광역시 서해구 청라한내로 132 (청라동, 청라국제금융단지한양수자인레이크블루) 652A동 1.3라인 o07기둥",에버온
EV012040,인천서구 청라한양수자인아파트 21,37.5384422,126.6310394,서구,3,0,3,0,0,3,0.0,0.0,"인천광역시 서해구 청라한내로 132 (청라동, 청라국제금융단지한양수자인레이크블루) 652B동 1.3라인 o04기둥",에버온
EV012041,인천서구 청라한양수자인아파트 22,37.5384422,126.6310394,서구,4,0,4,0,0,4,0.0,0.0,"인천광역시 서해구 청라한내로 132 (청라동, 청라국제금융단지한양수자인레이크블루) 641동 3.4라인 v18기둥",에버온
EV012042,인천서구 청라한양수자인아파트 23,37.5384422,126.6310394,서구,6,0,6,0,0,6,0.0,0.0,"인천광역시 서해구 청라한내로 132 (청라동, 청라국제금융단지한양수자인레이크블루) 654동 1.3라인 y59기둥",에버온
EV012043,인천서구 청라한양수자인아파트 24,37.5384422,126.6310394,서구,5,0,5,0,0,5,0.0,0.0,"인천광역시 서해구 청라한내로 132 (청라동, 청라국제금융단지한양수자인레이크블루) 649동 1.2라인 g42기둥",에버온
EV012044,인천서구 청라한양수자인아파트 25,37.5384422,126.6310394,서구,8,0,8,0,0,8,0.0,0.0,"인천광역시 서해구 청라한내로 132 (청라동, 청라국제금융단지한양수자인레이크블루) 커뮤니티센터 입구",에버온
EV012063,인천서구 청라한양수자인아파트 3,37.5384422,126.6310394,서구,3,0,3,0,3,0,100.0,0.0,"인천광역시 서해구 청라한내로 132 (청라동, 청라국제금융단지한양수자인레이크블루) 642동 1.2라인 V49기둥",에버온
EV012064,인천서구 청라한양수자인아파트 4,37.5384422,126.6310394,서구,3,0,3,0,3,0,100.0,0.0,"인천광역시 서해구 청라한내로 132 (청라동, 청라국제금융단지한양수자인레이크블루) 643동 1.2 라인 V51기둥",에버온
EV012065,인천서구 청라한양수자인아파트 5,37.5384422,126.6310394,서구,3,0,3,0,3,0,100.0,0.0,"인천광역시 서해구 청라한내로 132 (청라동, 청라국제금융단지한양수자인레이크블루) 644동A 1.2라인 V87기둥",에버온
EV012066,인천서구 청라한양수자인아파트 6,37.5384422,126.6310394,서구,3,0,3,0,3,0,100.0,0.0,"인천광역시 서해구 청라한내로 132 (청라동, 청라국제금융단지한양수자인레이크블루) 644동B 3.4라인 V93기둥",에버온
EV012067,인천서구 청라한양수자인아파트 7,37.5384422,126.6310394,서구,9,0,9,0,9,0,100.0,0.0,"인천광역시 서해구 청라한내로 132 (청라동, 청라국제금융단지한양수자인레이크블루) 653동 전기실 입구 지하 주차장",에버온
EV012068,인천서구 청라한양수자인아파트 8,37.5384422,126.6310394,서구,3,0,3,0,3,0,100.0,0.0,"인천광역시 서해구 청라한내로 132 (청라동, 청라국제금융단지한양수자인레이크블루) 645동 3.4라인 O87기둥",에버온
EV012069,인천서구 청라한양수자인아파트 9,37.5384422,126.6310394,서구,3,0,3,0,3,0,100.0,0.0,"인천광역시 서해구 청라한내로 132 (청라동, 청라국제금융단지한양수자인레이크블루) 646동A 1.2라인",에버온
EV012070,인천서구 청라한양수자인아파트 10,37.5384422,126.6310394,서구,3,0,3,0,3,0,100.0,0.0,"인천광역시 서해구 청라한내로 132 (청라동, 청라국제금융단지한양수자인레이크블루) 646동B 3.4라인 Y114기둥",에버온
EV012071,인천서구 청라한양수자인아파트 11,37.5384422,126.6310394,서구,8,0,8,0,8,0,100.0,0.0,"인천광역시 서해구 청라한내로 132 (청라동, 청라국제금융단지한양수자인레이크블루) 645동 앞 지하 주차장",에버온
EV012072,인천계양 효성하나아파트 1,37.528948913,126.70133406,계양구,2,0,2,0,0,2,0.0,0.0,인천광역시 계양구 봉오대로463번길 12 2동 지하1층 A03 기둥우측 /,에버온
EV012073,인천계양 효성하나아파트 2,37.528863047,126.70122693,계양구,9,0,9,0,0,9,0.0,0.0,인천광역시 계양구 봉오대로463번길 12 2동 뒤  1층 지상스탠드폴형,에버온
EV012111,인천부평 부평종합금융센터,37.4932794,126.72337347,부평구,1,0,1,0,0,1,0.0,0.0,인천광역시 부평구 부평대로 20 지하3층 EPS실 앞 1기,에버온
EV012157,인천부평 더샵부평센트럴시티아파트1,37.4759739,126.6993348,부평구,6,0,6,0,6,0,100.0,0.0,"인천광역시 부평구 열우물로 90 (십정동, 더샵부평센트럴시티) 109동 B1 주차장 F20",에버온
EV012158,인천부평 더샵부평센트럴시티아파트2,37.4769673,126.696708,부평구,5,0,5,0,5,0,100.0,0.0,"인천광역시 부평구 열우물로 90 (십정동, 더샵부평센트럴시티) 122동 B1 주차장 S06",에버온
EV012159,인천부평 더샵부평센트럴시티아파트3,37.4778039,126.6979369,부평구,5,0,5,0,5,0,100.0,0.0,"인천광역시 부평구 열우물로 90 (십정동, 더샵부평센트럴시티) 114동 B2 주차장 G11",에버온
EV012160,인천부평 더샵부평센트럴시티아파트4,37.4772588,126.6979278,부평구,5,0,5,0,5,0,100.0,0.0,"인천광역시 부평구 열우물로 90 (십정동, 더샵부평센트럴시티) 115동 B2 주차장 I13",에버온
EV012161,인천부평 더샵부평센트럴시티아파트5,37.4766639,126.6978397,부평구,6,0,6,0,6,0,100.0,0.0,"인천광역시 부평구 열우물로 90 (십정동, 더샵부평센트럴시티) 116동 B1 주차장 O18",에버온
EV012162,인천부평 더샵부평센트럴시티아파트6,37.4773624,126.7009931,부평구,5,0,5,0,5,0,100.0,0.0,"인천광역시 부평구 열우물로 90 (십정동, 더샵부평센트럴시티) 101동 B2 주차장 A10-11",에버온
EV012163,인천부평 더샵부평센트럴시티아파트7,37.4771942,126.7008675,부평구,3,0,3,0,3,0,100.0,0.0,"인천광역시 부평구 열우물로 90 (십정동, 더샵부평센트럴시티) 101동 B2 주차장 A11",에버온
EV012164,인천부평 더샵부평센트럴시티아파트8,37.4775501,126.6991137,부평구,4,0,4,0,4,0,100.0,0.0,"인천광역시 부평구 열우물로 90 (십정동, 더샵부평센트럴시티) 106동 B1 주차장 K03",에버온
EV012165,인천부평 더샵부평센트럴시티아파트9,37.4776499,126.6993959,부평구,4,0,4,0,4,0,100.0,0.0,"인천광역시 부평구 열우물로 90 (십정동, 더샵부평센트럴시티) 106동 B2 주차장 K05",에버온
EV012166,인천부평 더샵부평센트럴시티아파트10,37.4770094,126.6990706,부평구,6,0,6,0,6,0,100.0,0.0,"인천광역시 부평구 열우물로 90 (십정동, 더샵부평센트럴시티) 107동 B1 주차장 N07",에버온
EV012167,인천부평 더샵부평센트럴시티아파트11,37.4745962,126.6996682,부평구,6,0,6,0,6,0,100.0,0.0,"인천광역시 부평구 열우물로 90 (십정동, 더샵부평센트럴시티) 111동 B1 주차장 P22",에버온
EV012168,인천부평 더샵부평센트럴시티아파트12,37.4753788,126.6991676,부평구,4,0,4,0,4,0,100.0,0.0,"인천광역시 부평구 열우물로 90 (십정동, 더샵부평센트럴시티) 110동 B1 주차장 N21",에버온
EV012169,인천부평 더샵부평센트럴시티아파트13,37.4758477,126.699324,부평구,3,0,3,0,3,0,100.0,0.0,"인천광역시 부평구 열우물로 90 (십정동, 더샵부평센트럴시티) 109동 B1 주차장 K16",에버온
EV012170,인천부평 더샵부평센트럴시티아파트14,37.4761232,126.6977967,부평구,3,0,3,0,3,0,100.0,0.0,"인천광역시 부평구 열우물로 90 (십정동, 더샵부평센트럴시티) 117동 B1 주차장 O12",에버온
EV012171,인천부평 더샵부평센트럴시티아파트15,37.4779499,126.6968962,부평구,3,0,3,0,3,0,100.0,0.0,"인천광역시 부평구 열우물로 90 (십정동, 더샵부평센트럴시티) 120동 B1 주차장 H09",에버온
EV012172,인천부평 더샵부평센트럴시티아파트16,37.4771512,126.694627,부평구,3,0,3,0,3,0,100.0,0.0,"인천광역시 부평구 열우물로 90 (십정동, 더샵부평센트럴시티) 128동 B1 주차장 U02",에버온
EV012173,인천부평 더샵부평센트럴시티아파트17,37.477253,126.695678,부평구,3,0,3,0,3,0,100.0,0.0,"인천광역시 부평구 열우물로 90 (십정동, 더샵부평센트럴시티) 126동 B2 주차장 V6",에버온
EV012174,인천부평 더샵부평센트럴시티아파트18,37.4763548,126.696767,부평구,5,0,5,0,5,0,100.0,0.0,"인천광역시 부평구 열우물로 90 (십정동, 더샵부평센트럴시티) 123동 B2 주차장 N2-3",에버온
EV012175,인천부평 더샵부평센트럴시티아파트19,37.4764356,126.7001922,부평구,5,0,5,0,5,0,100.0,0.0,"인천광역시 부평구 열우물로 90 (십정동, 더샵부평센트럴시티) 105동 B2 주차장 A14",에버온
EV012176,인천부평 더샵부평센트럴시티아파트20,37.4773996,126.6966384,부평구,4,0,4,0,4,0,100.0,0.0,"인천광역시 부평구 열우물로 90 (십정동, 더샵부평센트럴시티) 121동 B2 주차장 O09",에버온
EV012177,인천부평 더샵부평센트럴시티아파트21,37.4759738,126.6992896,부평구,3,0,3,0,3,0,100.0,0.0,"인천광역시 부평구 열우물로 90 (십정동, 더샵부평센트럴시티) 109동 B2 주차장 F10",에버온
EV012178,인천부평 더샵부평센트럴시티아파트22,37.4746412,126.6996454,부평구,5,0,5,0,5,0,100.0,0.0,"인천광역시 부평구 열우물로 90 (십정동, 더샵부평센트럴시티) 111동 B2 주차장 I15",에버온
EV012179,인천부평 더샵부평센트럴시티아파트23,37.4763724,126.7001472,부평구,4,0,4,0,4,0,100.0,0.0,"인천광역시 부평구 열우물로 90 (십정동, 더샵부평센트럴시티) 105동 B2 주차장 C17",에버온
EV012180,인천서구 마전풍림아이원3차아파트 2,37.612799264,126.65813147,서구,4,0,4,0,4,0,100.0,0.0,인천광역시 검단구 가현로42번길 49 지상주차장 아파트 주출입구 우측 4기,에버온
EV012181,인천서구 마전영진아파트,37.6048187,126.66210561,서구,2,0,2,0,2,0,100.0,0.0,인천광역시 검단구 가현로 168 지하1층 관리동 주차램프 앞 2기,에버온
EV012187,인천연수 송도금호어울림아파트 1,37.390491902,126.6563375,연수구,8,0,8,0,0,8,0.0,0.0,인천광역시 연수구 해돋이로84번길 30 103동 지상주차장,에버온
EV012188,인천연수 송도금호어울림아파트 2,37.390491902,126.6563375,연수구,2,0,2,0,0,2,0.0,0.0,인천광역시 연수구 해돋이로84번길 30 104동 지상주차장,에버온
EV012189,인천연수 송도금호어울림아파트 3,37.390491902,126.6563375,연수구,2,0,2,0,0,2,0.0,0.0,인천광역시 연수구 해돋이로84번길 30 106동 지상주차장,에버온
EV012190,인천연수 송도금호어울림아파트 4,37.390491902,126.6563375,연수구,2,0,2,0,0,2,0.0,0.0,인천광역시 연수구 해돋이로84번길 30 107동 지상주차장,에버온
EV012191,인천연수 송도금호어울림아파트 5,37.390491902,126.6563375,연수구,2,0,2,0,0,2,0.0,0.0,인천광역시 연수구 해돋이로84번길 30 108동 지상주차장,에버온
EV012193,인천서구 라이프진주4단지아파트 1,37.491059785,126.68242257,서구,3,0,3,0,0,3,0.0,0.0,인천광역시 서해구 장고개로309번길 19 405동 6라인 지상주차장,에버온
EV012194,인천서구 라이프진주4단지아파트 2,37.491059785,126.68242257,서구,3,0,3,0,0,3,0.0,0.0,"인천광역시 서해구 장고개로309번길 19 402동 3,5라인 지상주차장",에버온
EV012197,인천남동 신원아침도시에이,37.469424,126.6911719,남동구,6,0,6,0,6,0,100.0,0.0,인천광역시 남동구 경원대로 972 램프옆 지상주차장,에버온
EV012203,인천연수 대우삼환아파트 1,37.406047315,126.67912574,연수구,6,0,6,0,6,0,100.0,0.0,인천광역시 연수구 원인재로 88 107동 앞 지상주차장,에버
EV012204,인천연수 대우삼환아파트 2,37.40561621,126.678805,연수구,6,0,6,0,6,0,100.0,0.0,인천광역시 연수구 원인재로 88 112동 뒤 지상주차장,에버온
EV012205,인천연수 대우삼환아파트 3,37.407062216,126.681256,연수구,10,0,10,0,10,0,100.0,0.0,인천광역시 연수구 원인재로 88 111동 앞 지상주차장,에버온
EV012206,인천연수 대우삼환아파트 4,37.406800489,126.67777278,연수구,10,0,10,0,10,0,100.0,0.0,인천광역시 연수구 원인재로 88 110동 뒤 지상주차장,에버온
EV012207,인천연수 대우삼환아파트 5,37.406857285,126.678777,연수구,10,0,10,0,10,0,100.0,0.0,인천광역시 연수구 원인재로 88 108동 앞 지상주차장 1,에버온
EV012208,인천연수 대우삼환아파트 6,37.406486283,126.67829426,연수구,7,0,7,0,7,0,100.0,0.0,인천광역시 연수구 원인재로 88 108동 앞 지상주차장 2,에버온
EV012217,인천서구 마전동남아파트,37.6069966,126.6616349,서구,3,0,3,0,3,0,100.0,0.0,인천광역시 검단구 검단로487번안길 11-14 정문입구 101동뒤 지상주차장,에버온
EV012231,인천연수 연수세경아파트 2,37.416311401,126.68242295,연수구,9,0,9,0,0,9,0.0,0.0,인천광역시 연수구 새말로 134 변전실 옆 쪽 지하주차장 9대,에버온
EV012277,인천연수 태수주차장,37.4118668,126.6559451,연수구,1,0,1,0,0,1,0.0,0.0,인천광역시 연수구 능허대로 289번길 11 지상2층 벽부형,에버온
EV012306,인천서구 신명스카이뷰드림아파트 3,37.6025729,126.6531761,서구,6,0,6,0,0,6,0.0,0.0,인천광역시 검단구 봉수대로1440번길 29 지하2층 주차장 전기실옆,에버온
EV012307,인천서구 신명스카이뷰드림아파트 4,37.6025729,126.6531761,서구,6,0,6,0,0,6,0.0,0.0,인천광역시 검단구 봉수대로1440번길 29 지하2층 주차장 전기실옆,에버온
EV012313,인천남동 신원아침도시비,37.4688086,126.6907663,남동구,6,0,6,0,6,0,100.0,0.0,인천광역시 남동구 경원대로 962 램프옆 지상주차장,에버온
EV012385,인천중구 인스파이어 주차타워 옥상(급속),37.464166966,126.38890983,중구,7,7,0,0,0,7,0.0,100.0,인천광역시 영종구 공항문화로 127 (운서동) E주차장쪽 주차타워 옥상 급속 7기,에버온
EV012386,인천중구 인스파이어 주차타워1F(완속),37.46374983,126.38926362,중구,1,0,1,0,0,1,0.0,0.0,인천광역시 영종구 공항문화로 127 (운서동) E주차장쪽 주차타워 1층 완속 1기,에버온
EV012387,인천중구 인스파이어 주차타워1F(급속),37.464121929,126.3893482,중구,7,7,0,0,0,7,0.0,100.0,인천광역시 영종구 공항문화로 127 (운서동) E주차장쪽 주차타워 1층 급속 7기,에버온
EV012388,인천중구 인스파이어 주차타워2F,37.4639868,126.3889226,중구,14,0,14,0,0,14,0.0,0.0,인천광역시 영종구 공항문화로 127 (운서동) E주차장쪽 주차타워 2층 완속 14기,에버온
EV012389,인천중구 인스파이어 주차타워3F,37.463938536,126.38916601,중구,14,0,14,0,0,14,0.0,0.0,인천광역시 영종구 공항문화로 127 (운서동) E주차장쪽 주차타워 3층 완속 14기,에버온
EV012394,인천연수 연수경남아파트 1,37.4194314,126.69426282,연수구,6,0,6,0,0,6,0.0,0.0,인천광역시 연수구 원인재로 312 104동 1.2라인 앞 1층,에버온
EV012395,인천연수 연수경남아파트 2,37.42240829,126.69560639,연수구,6,0,6,0,0,6,0.0,0.0,인천광역시 연수구 원인재로 312 104동 1.2라인 앞 1층,에버온
EV012396,인천연수 연수경남아파트 3,37.421323932,126.69603182,연수구,1,0,1,0,0,1,0.0,0.0,인천광역시 연수구 원인재로 312 104동 1.2라인 앞 1층,에버온
EV012447,인천동구 동산휴먼시아1단지아파트,37.475153916,126.64859813,동구,4,0,4,0,0,4,0.0,0.0,인천광역시 제물포구 재능로 191 지하2층 램프입구 우측,에버온
EV012514,인천부평 더샵부평센트럴시티아파트 24,37.4773624,126.7009931,부평구,3,0,3,0,3,0,100.0,0.0,"인천광역시 부평구 열우물로 90 (십정동, 더샵부평센트럴시티) 117동 B1 주차장 O11",에버온
EV012515,인천부평 더샵부평센트럴시티아파트 25,37.4773624,126.7009931,부평구,3,0,3,0,3,0,100.0,0.0,"인천광역시 부평구 열우물로 90 (십정동, 더샵부평센트럴시티) 102동 B2 주차장 H11",에버온
EV012516,인천부평 더샵부평센트럴시티아파트 26,37.4773624,126.7009931,부평구,3,0,3,0,3,0,100.0,0.0,"인천광역시 부평구 열우물로 90 (십정동, 더샵부평센트럴시티) 107동 B2 주차장 N04",에버온
EV012517,인천부평 더샵부평센트럴시티아파트 27,37.4773624,126.7009931,부평구,3,0,3,0,3,0,100.0,0.0,"인천광역시 부평구 열우물로 90 (십정동, 더샵부평센트럴시티) 114동 B1 주차장 C12",에버온
EV012518,인천부평 더샵부평센트럴시티아파트 28,37.4773624,126.7009931,부평구,3,0,3,0,3,0,100.0,0.0,"인천광역시 부평구 열우물로 90 (십정동, 더샵부평센트럴시티) 120동 B1 주차장 K06",에버온
EV012519,인천부평 더샵부평센트럴시티아파트 29,37.4773624,126.7009931,부평구,3,0,3,0,3,0,100.0,0.0,"인천광역시 부평구 열우물로 90 (십정동, 더샵부평센트럴시티) 125동 B1 주차장 T03",에버온
EV012520,인천부평 더샵부평센트럴시티아파트 30,37.4773624,126.7009931,부평구,3,0,3,0,3,0,100.0,0.0,"인천광역시 부평구 열우물로 90 (십정동, 더샵부평센트럴시티) 122동 B2 주차장 S10",에버온
EV012521,인천부평 더샵부평센트럴시티아파트 31,37.4773624,126.7009931,부평구,3,0,3,0,3,0,100.0,0.0,"인천광역시 부평구 열우물로 90 (십정동, 더샵부평센트럴시티) 122동 B1 주차장 O14",에버온
EV012522,인천부평 더샵부평센트럴시티아파트 32,37.4773624,126.7009931,부평구,3,0,3,0,3,0,100.0,0.0,"인천광역시 부평구 열우물로 90 (십정동, 더샵부평센트럴시티) 115동 B2 주차장 H18",에버온
EV012586,인천남동 논현꿈에그린아파트 1,37.4010473,126.7203597,남동구,3,0,3,0,0,3,0.0,0.0,"인천광역시 남동구 논현로 106 (논현동, 어진마을 한화 꿈에그린) 601동 지하1층 A45 기둥",에버온
EV012587,인천남동 논현꿈에그린아파트 2,37.4010473,126.7203597,남동구,3,0,3,0,0,3,0.0,0.0,"인천광역시 남동구 논현로 106 (논현동, 어진마을 한화 꿈에그린) 608동 지하1층 C08기둥",에버온
EV012588,인천남동 논현꿈에그린아파트 3,37.4010473,126.7203597,남동구,3,0,3,0,0,3,0.0,0.0,"인천광역시 남동구 논현로 106 (논현동, 어진마을 한화 꿈에그린) 611동 지하1층 D01기둥",에버온
EV012589,인천남동 논현꿈에그린아파트 4,37.4010473,126.7203597,남동구,3,0,3,0,0,3,0.0,0.0,"인천광역시 남동구 논현로 106 (논현동, 어진마을 한화 꿈에그린) 612동 뒤편 지하1층 D16기둥",에버온
EV012590,인천남동 논현꿈에그린아파트 5,37.4010473,126.7203597,남동구,3,0,3,0,0,3,0.0,0.0,"인천광역시 남동구 논현로 106 (논현동, 어진마을 한화 꿈에그린) 605동 지하1층 B42기둥",에버온
EV012591,인천남동 논현꿈에그린아파트 6,37.4010473,126.7203597,남동구,3,0,3,0,0,3,0.0,0.0,"인천광역시 남동구 논현로 106 (논현동, 어진마을 한화 꿈에그린) 604동 지하1층 B70 기둥",에버온
EV012592,인천남동 논현꿈에그린아파트 7,37.4010473,126.7203597,남동구,3,0,3,0,0,3,0.0,0.0,"인천광역시 남동구 논현로 106 (논현동, 어진마을 한화 꿈에그린) 604동 뒤편 지하1층 B86기둥",에버온
EV012593,인천남동 논현꿈에그린아파트 8,37.4010473,126.7203597,남동구,2,0,2,0,0,2,0.0,0.0,"인천광역시 남동구 논현로 106 (논현동, 어진마을 한화 꿈에그린) 607동 앞 지하1층 B22기둥",에버온
EV012594,인천남동 논현꿈에그린아파트 9,37.4010473,126.7203597,남동구,2,0,2,0,0,2,0.0,0.0,"인천광역시 남동구 논현로 106 (논현동, 어진마을 한화 꿈에그린) 610동앞 지하1층 C53기둥",에버온
EV012642,인천서구 아시아드대광로제비앙아파트 1,37.5568927,126.6668808,서구,4,0,4,0,0,4,0.0,0.0,"인천광역시 서해구 모월곶로 41 (경서동, 인천 경서 아시아드 대광로제비앙) 103동 지하1층 B64 기둥우측 / 모자분리 / 벽부형",에버온
EV012643,인천서구 아시아드대광로제비앙아파트 2,37.5568927,126.6668808,서구,5,0,5,0,0,5,0.0,0.0,"인천광역시 서해구 모월곶로 41 (경서동, 인천 경서 아시아드 대광로제비앙) 110동 지하1층 A97 기둥우측 /",에버온
EV012644,인천서구 아시아드대광로제비앙아파트 3,37.5568927,126.6668808,서구,5,0,5,0,0,5,0.0,0.0,"인천광역시 서해구 모월곶로 41 (경서동, 인천 경서 아시아드 대광로제비앙) 107동 지하2층 C31 기둥좌측 스",에버온
EV012645,인천서구 아시아드대광로제비앙아파트 4,37.5568927,126.6668808,서구,3,0,3,0,0,3,0.0,0.0,"인천광역시 서해구 모월곶로 41 (경서동, 인천 경서 아시아드 대광로제비앙) 107동 지하2층 C31 기둥우측 스",에버온
EV012646,인천서구 아시아드대광로제비앙아파트 5,37.5568927,126.6668808,서구,6,0,6,0,0,6,0.0,0.0,"인천광역시 서해구 모월곶로 41 (경서동, 인천 경서 아시아드 대광로제비앙) 104동 지하1층 B32 기둥좌,우측",에버온
EV012647,인천서구 아시아드대광로제비앙아파트 6,37.5568927,126.6668808,서구,3,0,3,0,0,3,0.0,0.0,"인천광역시 서해구 모월곶로 41 (경서동, 인천 경서 아시아드 대광로제비앙) 113동 지하1층 A01 기둥우측 /",에버온
EV012648,인천서구 아시아드대광로제비앙아파트 7,37.5568927,126.6668808,서구,3,0,3,0,0,3,0.0,0.0,"인천광역시 서해구 모월곶로 41 (경서동, 인천 경서 아시아드 대광로제비앙) 113동 지하1층 A01 기둥 좌측",에버온
EV012649,인천서구 아시아드대광로제비앙아파트 8,37.5568927,126.6668808,서구,3,0,3,0,0,3,0.0,0.0,"인천광역시 서해구 모월곶로 41 (경서동, 인천 경서 아시아드 대광로제비앙) 111동 지하1층 A71 기둥 좌측",에버온
EV012650,인천서구 아시아드대광로제비앙아파트 9,37.5568927,126.6668808,서구,3,0,3,0,0,3,0.0,0.0,"인천광역시 서해구 모월곶로 41 (경서동, 인천 경서 아시아드 대광로제비앙) 104동 지하1층 B58 기둥우측 /",에버온
EV012667,인천계양 귤현아이파크아파트 1,37.569561,126.7492774,계양구,2,0,2,0,0,2,0.0,0.0,인천광역시 계양구 장군봉길 12 101동 1-2라인앞 지상,에버온
EV012668,인천계양 귤현아이파크아파트 2,37.569561,126.7492774,계양구,4,0,4,0,0,4,0.0,0.0,인천광역시 계양구 장군봉길 12 105동 B1F / 105동앞,에버온
EV012774,인천중구 영종도 하늘체육공원 2,37.4886393,126.5556037,중구,2,2,0,0,1,1,50.0,100.0,인천광역시 영종구 하늘달빛로 108(중산동) 영종1동 행정복지센터 뒤 주차장,에버온
EV012775,인천계양 센트레빌2단지아파트 1,37.566392978,126.7509937,계양구,3,0,3,0,0,3,0.0,0.0,인천광역시 계양구 형제봉길 50 202동 1~2호 앞 21기둥 옆,에버온
EV012776,인천계양 센트레빌2단지아파트 2,37.566392978,126.7509937,계양구,2,0,2,0,0,2,0.0,0.0,인천광역시 계양구 형제봉길 50 203동 1~4호 64기둥 옆,에버온
EV012777,인천서구 가좌진주1단지아파트,37.4935113,126.6829976,서구,9,0,9,0,0,9,0.0,0.0,인천광역시 서해구 원적로 82 1동 뒤 지상 주차장,에버온
EV012816,인천부평 부개역코오롱하늘채아파트 1,37.493031844,126.74029731,부평구,5,0,5,0,0,5,0.0,0.0,인천광역시 부평구 부평문화로 216 104동 앞 지상주차장-01,에버온
EV012817,인천부평 부개역코오롱하늘채아파트 2,37.493031844,126.74029731,부평구,5,0,5,0,0,5,0.0,0.0,인천광역시 부평구 부평문화로 216 104동 앞 지상주차장-02,에버온
EV012825,인천남동 가온우노시티,37.3985892,126.7350866,남동구,6,0,6,0,6,0,100.0,0.0,인천광역시 남동구 소래역남로16번길 29 (논현동) 지하1층 출구 옆 주차장,에버온
EV012859,인천동구 삼두2차아파트,37.480744836,126.63495873,동구,3,0,3,0,0,3,0.0,0.0,인천광역시 제물포구 화수로 21 6동 좌측(남쪽),에버온
EV012870,인천서구 루원지웰푸르시티오아파트 1,37.5217693,126.6745584,서구,6,0,6,0,0,6,0.0,0.0,"인천광역시 서해구 가정로 406 (가정동, 루원지웰시티푸르지오) 103동 앞 지하2층 24기둥우측",에버온
EV012871,인천서구 루원지웰푸르시티오아파트 2,37.5217462,126.6743606,서구,6,0,6,0,0,6,0.0,0.0,"인천광역시 서해구 가정로 406 (가정동, 루원지웰시티푸르지오) 103동 앞 지하2층 25~26기둥",에버온
EV012872,인천서구 루원지웰푸르시티오아파트 3,37.5216793,126.6746154,서구,3,0,3,0,0,3,0.0,0.0,"인천광역시 서해구 가정로 406 (가정동, 루원지웰시티푸르지오) 103동 앞 지하2층 26기둥우측",에버온
EV012873,인천서구 루원지웰푸르시티오아파트 4,37.5219124,126.6741788,서구,4,0,4,0,0,4,0.0,0.0,"인천광역시 서해구 가정로 406 (가정동, 루원지웰시티푸르지오) 103동 앞 지하2층 27기둥좌,우측",에버온
EV012874,인천서구 루원지웰푸르시티오아파트 5,37.5219445,126.6743993,서구,8,0,8,0,0,8,0.0,0.0,"인천광역시 서해구 가정로 406 (가정동, 루원지웰시티푸르지오) 103동 앞 지하2층 27기둥좌측",에버온
EV012969,인천서구 청라썬앤빌에코스타오피스텔 1,37.551682647,126.61834855,서구,6,0,6,0,6,0,100.0,0.0,인천광역시 서해구 미래로 11 B3층 14번기둥 옆 6대,에버온
EV012970,인천서구 청라썬앤빌에코스타오피스텔 2,37.551682647,126.61834855,서구,8,0,8,0,8,0,100.0,0.0,"인천광역시 서해구 미래로 11 B4층 14번기둥 옆 6대, 8번 기둥옆 2대",에버온
EV013014,인천연수 동춘태평2차아파트,37.416828219,126.67030889,연수구,4,0,4,0,0,4,0.0,0.0,인천광역시 연수구 청능대로 38 놀이터 옆,에버온
EV013035,인천서구 동남디아망,37.602565958,126.65019776,서구,1,0,1,0,0,1,0.0,0.0,인천광역시 검단구 봉수대로1440번길 19 지상주차장 203동 뒤 1기,에버온
EV013328,인천계양 휴먼빌아파트 1,37.5631749,126.759233,계양구,3,0,3,0,0,3,0.0,0.0,인천광역시 계양구 당미길 43 104동 주차장,에버온
EV013329,인천계양 휴먼빌아파트 2,37.5633175,126.7581048,계양구,4,0,4,0,0,4,0.0,0.0,인천광역시 계양구 당미길 43 105동 주차장,에버온
EV013418,인천계양 작전뉴서울아파트 1,37.5299696,126.7324816,계양구,3,0,3,0,0,3,0.0,0.0,인천광역시 계양구 봉오대로744번길 7 1동앞 지상주차장,에버온
EV013419,인천계양 작전뉴서울아파트 2,37.5293759,126.7328311,계양구,3,0,3,0,0,3,0.0,0.0,인천광역시 계양구 봉오대로744번길 7 5동옆 지상주차장,에버온
EV013422,인천계양 뉴서울2차아파트 1,37.5334486,126.7109251,계양구,3,0,3,0,0,3,0.0,0.0,"인천광역시 계양구 안남로 560 (효성동, 뉴서울아파트) 212동 1-2라인앞 지상주차장",에버온
EV013423,인천계양 뉴서울2차아파트 2,37.5334586,126.7109351,계양구,3,0,3,0,0,3,0.0,0.0,"인천광역시 계양구 안남로 560 (효성동, 뉴서울아파트) 207동 7-8라인앞 관리동옆 지상주차장",에버온
EV013424,인천계양 뉴서울2차아파트 3,37.5334686,126.7109151,계양구,2,0,2,0,0,2,0.0,0.0,"인천광역시 계양구 안남로 560 (효성동, 뉴서울아파트) 203동 9-10라인앞 지상주차장",에버온
EV013446,인천미추홀 영남들국화아파트,37.438279,126.6734203,미추홀구,4,0,4,0,0,4,0.0,0.0,인천광역시 미추홀구 소성로 240 3동 1.2라인뒤 지상주차장,에버온
EV013484,인천부평 십정한국아파트,37.4809535,126.7025071,부평구,4,0,4,0,0,4,0.0,0.0,인천광역시 부평구 이규보로95번길 24 관리실앞 좌측 지상주차장,에버온
EV013502,인천중구 인스파이어 옥외주차장 2,37.464667531,126.38596685,중구,9,0,9,0,9,0,100.0,0.0,인천광역시 영종구 공항문화로 127 (운서동) 실외A주차장 뒤쪽 완속 9기,에버온
EV013504,인천중구 인스파이어 옥외주차장 1,37.464541346,126.38639176,중구,18,0,18,0,18,0,100.0,0.0,인천광역시 영종구 공항문화로 127 (운서동) 실외A주차장 뒤쪽 완속 18기,에버온
EV013567,인천중구 세인티엔엘,37.4808398,126.4828516,중구,2,0,2,0,2,0,100.0,0.0,인천광역시 영종구 자유무역로 25 (운서동) 세인티엔엘 지상 주차장,에버온
EV013654,인천서구 청라호반베르디움6차아파트 1,37.5370952,126.6250006,서구,4,0,4,0,0,4,0.0,0.0,인천광역시 서해구 청라사파이어로 260 지하1층 램프옆 16번 기둥,에버온
EV013655,인천서구 청라호반베르디움6차아파트 2,37.5370589,126.6257944,서구,4,0,4,0,0,4,0.0,0.0,인천광역시 서해구 청라사파이어로 260 지하1층 램프옆 17번 기둥,에버온
EV013656,인천서구 청라호반베르디움6차아파트 3,37.5375798,126.6252713,서구,4,0,4,0,0,4,0.0,0.0,인천광역시 서해구 청라사파이어로 260 지하1층 램프옆 21번 기둥,에버온
EV013657,인천서구 청라호반베르디움6차아파트 4,37.5375821,126.6259841,서구,4,0,4,0,0,4,0.0,0.0,인천광역시 서해구 청라사파이어로 260 지하1층 램프옆 22번 기둥,에버온
EV013658,인천중구 엔프라니주식회사,37.4410229,126.6283579,중구,3,0,3,0,3,0,100.0,0.0,인천광역시 제물포구 축항대로296번길 88 본관 지상주차장,에버온
EV013665,인천중구 백마종합물류O4O5,37.4878821,126.4710609,중구,2,0,2,0,2,0,100.0,0.0,인천광역시 영종구 자유무역로 254 경비실 옆 지상주차장,에버온
EV013666,인천중구 백마종합물류G6,37.481981,126.4753264,중구,2,0,2,0,2,0,100.0,0.0,인천광역시 영종구 공항동로296번길 97-49 백마종합물류 지상주차장,에버온
EV013668,인천부평 청천우림아파트,37.5106305,126.7071924,부평구,4,0,4,0,0,4,0.0,0.0,인천광역시 부평구 세월천로25번길 43 102동 지상주차장,에버온
EV013673,인천부평 산곡8차한양아파트,37.5019656,126.7032497,부평구,4,0,4,0,0,4,0.0,0.0,인천광역시 부평구 마장로272번길 20 옥외 분리수거장 우측 주차면,에버온
EV013696,인천연수 국민은행 연수중앙지점,37.415317,126.6763683,연수구,1,0,1,0,0,1,0.0,0.0,인천광역시 연수구 먼우금로 201 (청학동) 지하1층 기계실 앞 1기,에버온
EV013698,인천계양 계양코아루센트럴파크 1,37.5420829,126.7382204,계양구,5,0,5,0,0,5,0.0,0.0,인천광역시 계양구 계양문화로 119 106동 지하3층 10번 휀룸 앞,에버온
EV013699,인천계양 계양코아루센트럴파크 2,37.5423268,126.7384911,계양구,5,0,5,0,0,5,0.0,0.0,인천광역시 계양구 계양문화로 119 106동 지하2층 10번 휀룸 앞,에버온
EV013700,인천계양 계양코아루센트럴파크 3,37.5413332,126.7373857,계양구,5,0,5,0,0,5,0.0,0.0,인천광역시 계양구 계양문화로 119 103동 지하2층 2번 휀룸 앞,에버온
EV013701,인천계양 계양코아루센트럴파크 4,37.5415095,126.7376453,계양구,5,0,5,0,0,5,0.0,0.0,인천광역시 계양구 계양문화로 119 103동 지하3층 2번 휀룸 앞,에버온
EV013725,인천남동 남동아파트 1,37.4450513,126.7345009,남동구,4,0,4,0,0,4,0.0,0.0,인천광역시 남동구 장승남로33번길 23 지상1번주차장,에버온
EV013726,인천남동 남동아파트 2,37.4450713,126.7345209,남동구,4,0,4,0,0,4,0.0,0.0,인천광역시 남동구 장승남로33번길 23 지상2번주차장,에버온
EV013727,인천남동 남동아파트 3,37.4450813,126.7345409,남동구,3,0,3,0,0,3,0.0,0.0,인천광역시 남동구 장승남로33번길 23 지상3번주차장,에버온
EV013762,인천계양 작전현대2-1차아파트 1,37.5283169,126.7388116,계양구,7,0,7,0,0,7,0.0,0.0,인천광역시 계양구 효서로 381 205동 뒤-1 지상주차장,에버온
EV013763,인천계양 작전현대2-1차아파트 2,37.5282911,126.7393434,계양구,4,0,4,0,0,4,0.0,0.0,인천광역시 계양구 효서로 381 205동 뒤-2 지상주차장,에버온
EV013775,인천연수 송도풍림아이원4단지아파트,37.3926249,126.6576025,연수구,4,0,4,0,0,4,0.0,0.0,인천광역시 연수구 신송로82번길 6 지상주차장408동 뒤 좌측,에버온
EV013879,인천부평 건영캐스빌아파트 1,37.497516769,126.72624842,부평구,3,0,3,0,0,3,0.0,0.0,인천광역시 부평구 부흥로304번길 17 지하3층 주차장,에버온
EV013880,인천부평 건영캐스빌아파트 2,37.497516769,126.72624842,부평구,4,0,4,0,0,4,0.0,0.0,인천광역시 부평구 부흥로304번길 17 지하2층 주차장,에버온
EV013881,인천부평 건영캐스빌아파트 3,37.497516769,126.72624842,부평구,4,0,4,0,0,4,0.0,0.0,인천광역시 부평구 부흥로304번길 17 지하2층 주차장,에버온
EV013914,인천서구 사회복지법인 백세재단 청라백세마을,37.5291094,126.6100343,서구,3,0,3,0,3,0,100.0,0.0,인천광역시 서해구 로봇랜드로249번길 14 병원출입구 좌측 지상주차장,에버온
EV014037,인천서구 연희극동늘푸른아파트 1,37.5408517,126.6731903,서구,5,0,5,0,0,5,0.0,0.0,"인천광역시 서해구 승학로 198 (심곡동, 극동늘푸른아파트) 104동 1-2라인앞",에버온
EV014038,인천서구 연희극동늘푸른아파트 2,37.5408017,126.6732903,서구,5,0,5,0,0,5,0.0,0.0,"인천광역시 서해구 승학로 198 (심곡동, 극동늘푸른아파트) 108동 5-6라인앞",에버온
EV014087,인천서구 당하케이씨씨스위첸아파트,37.5876716,126.6791629,서구,4,0,4,0,0,4,0.0,0.0,인천광역시 검단구 청마로 124 지상주차장508동 앞,에버온
EV014180,인천서구 청라골드클래스커넬웨이,37.5315866,126.6542869,서구,3,0,3,0,0,3,0.0,0.0,인천광역시 서해구 청라라임로 40 136동 지하1층 F04기둥옆,에버온
EV014213,인천남동 구월팬더아파트 1,37.4472037,126.7097678,남동구,9,0,9,0,0,9,0.0,0.0,인천광역시 남동구 성리로 50 (구월동) 8동옆 관리사무소앞,에버온
EV014214,인천남동 구월팬더아파트 2,37.4488402,126.7102248,남동구,5,0,5,0,0,5,0.0,0.0,인천광역시 남동구 성리로 50 (구월동) 3동 옆 지상1층주차장,에버온
EV014215,인천남동 구월팬더아파트 3,37.4482725,126.7101874,남동구,2,0,2,0,0,2,0.0,0.0,인천광역시 남동구 성리로 50 (구월동) 2동~3동 사이 지상1층주차장,에버온
EV014235,인천계양 초정마을동아아파트 1,37.5389806,126.7410034,계양구,9,0,9,0,0,9,0.0,0.0,인천광역시 계양구 계산새로 109 322동 지상주차장,에버온
EV014236,인천계양 초정마을동아아파트 2,37.5390137,126.7396568,계양구,8,0,8,0,0,8,0.0,0.0,인천광역시 계양구 계산새로 109 323동 지상주차장,에버온
EV014237,인천서구 수도권매립지관리공사 1,37.574430859,126.64583655,서구,7,0,7,0,7,0,100.0,0.0,인천광역시 검단구 자원순환로 170 골프장 지상주차장,에버온
EV014238,인천서구 수도권매립지관리공사 2,37.577425439,126.66076274,서구,7,0,7,0,7,0,100.0,0.0,인천광역시 검단구 자원순환로 170 수영장 지상주차장-1,에버온
EV014239,인천서구 수도권매립지관리공사 3,37.577663669,126.6605777,서구,7,0,7,0,7,0,100.0,0.0,인천광역시 검단구 자원순환로 170 수영장 지상주차장-2,에버온
EV014240,인천서구 수도권매립지관리공사 4,37.57888898,126.64825507,서구,5,0,5,0,5,0,100.0,0.0,인천광역시 검단구 자원순환로 170 승마장 지상주차장,에버온
EV014246,인천미추홀 관교동아아파트 1,37.443902,126.6938695,미추홀구,2,0,2,0,0,2,0.0,0.0,인천광역시 미추홀구 인하로430번길 15 1동 뒷편 지상주차장,에버온
EV014247,인천미추홀 관교동아아파트 2,37.4449765,126.6947522,미추홀구,5,0,5,0,0,5,0.0,0.0,인천광역시 미추홀구 인하로430번길 15 정문 우측 분리수거장 양옆 지상주차장,에버온
EV014306,인천계양 작전신진아파트,37.5286525,126.7331578,계양구,3,0,3,0,0,3,0.0,0.0,인천광역시 계양구 봉오대로744번길 17 전기실 옆 지하2층 주차장,에버온
EV014314,인천연수 선광신컨테이너터미널 1,37.3469145,126.6359607,연수구,6,0,6,0,6,0,100.0,0.0,인천광역시 연수구 인천신항대로 707 지상주차장 도로측 출입구 우측 6기(스탠드),에버온
EV014315,인천연수 선광신컨테이너터미널 2,37.3463156,126.6363628,연수구,1,0,1,0,1,0,100.0,0.0,인천광역시 연수구 인천신항대로 707 정비센터내 1기(벽부),에버온
EV014344,인천계양 계양코아루센트럴파크 상가,37.5417361,126.7388564,계양구,5,0,5,0,5,0,100.0,0.0,인천광역시 계양구 계양문화로 119 지하1층 15번 기둥,에버온
EV014401,인천연수 HM플렉스,37.4002028,126.6609364,연수구,2,0,2,0,2,0,100.0,0.0,인천광역시 연수구 송도힐즈로10길 8 실내지상주차장 3F,에버온
EV014409,인천미추홀 신비마을아파트(101~110동) 1,37.445052,126.6857509,미추홀구,8,0,8,0,0,8,0.0,0.0,인천광역시 미추홀구 주승로 148 103동 옆 1층 지상스탠드폴형,에버온
EV014410,인천미추홀 신비마을아파트(101~110동) 2,37.4449592,126.6881357,미추홀구,5,0,5,0,0,5,0.0,0.0,인천광역시 미추홀구 주승로 148 110동 1층 지상스탠드폴형,에버온
EV014411,인천미추홀 신비마을아파트 111동,37.4441717,126.6899647,미추홀구,2,0,2,0,0,2,0.0,0.0,인천광역시 미추홀구 경원대로 689 111동 옆 1층 지상,에버온
EV014412,인천미추홀 신비마을아파트 112동,37.4441717,126.6899647,미추홀구,2,0,2,0,0,2,0.0,0.0,인천광역시 미추홀구 경원대로 627 112동 1층 지상,에버온
EV014446,인천계양 효성2차현대아파트,37.5341811,126.7136746,계양구,5,0,5,0,0,5,0.0,0.0,인천광역시 계양구 길마로 83 202동앞 관리동뒤 지상주차장 _5대,에버온
EV014482,인천계양 전주이씨효령대군파영신군종회 영신빌딩,37.5296271,126.7232062,계양구,1,0,1,0,1,0,100.0,0.0,인천광역시 계양구 봉오대로 668 지하1층 주차장 계단실 앞 1,에버온
EV014514,인천연수 더샵송도센트럴파크3차 1,37.389111,126.6394493,연수구,5,0,5,0,0,5,0.0,0.0,인천광역시 연수구 인천타워대로180번길 11 지하2층 C34번 기둥,에버온
EV014515,인천연수 더샵송도센트럴파크3차 2,37.3894971,126.6390183,연수구,5,0,5,0,0,5,0.0,0.0,인천광역시 연수구 인천타워대로180번길 11 지하2층 C35번 기둥,에버온
EV014516,인천연수 더샵송도센트럴파크3차 3,37.3896221,126.6386338,연수구,8,0,8,0,0,8,0.0,0.0,인천광역시 연수구 인천타워대로180번길 11 지하2층 C37번 기둥,에버온
EV014517,인천연수 더샵송도센트럴파크3차 4,37.3896207,126.638324,연수구,10,0,10,0,0,10,0.0,0.0,인천광역시 연수구 인천타워대로180번길 11 지하2층 C38번 기둥,에버온
EV014524,인천남동 향촌휴먼시아2단지,37.4606038,126.7296206,남동구,8,0,8,0,0,8,0.0,0.0,인천광역시 남동구 만수서로 36 지하1층 202동 18번기둥 좌우8기,에버온
EV014552,인천연수 선학대동아파트 1,37.4243798,126.7020154,연수구,2,0,2,0,0,2,0.0,0.0,인천광역시 연수구 선학로74번길 17 202동 1-2라인앞 지상주차장,에버온
EV014583,인천남동 서창베라체아파트 1,37.419623207,126.75106657,남동구,5,0,5,0,5,0,100.0,0.0,"인천광역시 남동구 서창남로 17 4동 1,2라인앞 지하1층 D041기둥 좌,우측",에버온
EV014584,인천남동 서창베라체아파트 2,37.419623207,126.75106657,남동구,5,0,5,0,5,0,100.0,0.0,"인천광역시 남동구 서창남로 17 10동 3,4라인맞은편 A84기둥 좌,우",에버온
EV014593,인천중구 씨제이제일제당㈜인천1공장,37.4604758,126.6371904,중구,3,0,3,0,3,0,100.0,0.0,인천광역시 제물포구 아암대로 20 정문 우측 지상주차장,에버온
EV014606,인천부평 유진마젤란주상복합,37.4989009,126.7311913,부평구,3,0,3,0,3,0,100.0,0.0,인천광역시 부평구 장제로 150 1층 3.4호앞,에버온
EV014651,인천미추홀 금호어울림4단지아파트 1,37.451514367,126.63944403,미추홀구,2,0,2,0,0,2,0.0,0.0,인천광역시 미추홀구 토금중로 60 B1층 206동 앞,에버온
EV014695,인천연수 시영아파트,37.4150145,126.687503,연수구,3,0,3,0,0,3,0.0,0.0,인천광역시 연수구 원인재로 212 115동 앞 지상주차장,에버온
EV014749,인천남동 대동아파트,37.4622996,126.7370215,남동구,2,0,2,0,0,2,0.0,0.0,인천광역시 남동구 만수로 86 4동~3동사이지상주차장,에버온
EV014757,인천남동 신영지웰아파트 3,37.4037383,126.7305291,남동구,6,0,6,0,0,6,0.0,0.0,인천광역시 남동구 소래역로 93 B2 전기실 앞 6기,에버온
EV014758,인천남동 신영지웰아파트 4,37.403813,126.7296666,남동구,3,0,3,0,0,3,0.0,0.0,인천광역시 남동구 소래역로 93 B2 연결통로 옆 3기,에버온
EV014759,인천남동 신영지웰아파트 5,37.4033237,126.7284486,남동구,3,0,3,0,0,3,0.0,0.0,인천광역시 남동구 소래역로 93 B2 907동 옆 3기 (신규위치),에버온
EV014760,인천남동 신영지웰아파트 6,37.4022402,126.7274586,남동구,3,0,3,0,0,3,0.0,0.0,인천광역시 남동구 소래역로 93 B2 901동 옆 3기 (원래위치),에버온
EV014767,인천중구 금광누리에뜰,37.5013003,126.4846679,중구,6,0,6,0,0,6,0.0,0.0,인천광역시 영종구 신도시북로43번길 76 105동 폐기물보관소 옆 지상주차장,에버온
EV014777,인천계양 작전동보아파트 1,37.5262779,126.7275701,계양구,10,0,10,0,0,10,0.0,0.0,인천광역시 계양구 주부토로363번길 27 102동 지상주차장1,에버온
EV014778,인천계양 작전동보아파트 2,37.5262779,126.7275701,계양구,9,0,9,0,0,9,0.0,0.0,인천광역시 계양구 주부토로363번길 27 102동 지상주차장2,에버온
EV014802,인천부평 산곡신명스카이뷰숲아파트,37.5045895,126.6956865,부평구,2,0,2,0,0,2,0.0,0.0,인천광역시 부평구 원적로 270 지상주차장관리동앞,에버온
EV014841,인천부평 부개주공3단지아파트 1,37.5021387,126.7387831,부평구,6,0,6,0,0,6,0.0,0.0,인천광역시 부평구 길주남로 144 308동 1층,에버온
EV014842,인천부평 부개주공3단지아파트 2,37.5021387,126.7387831,부평구,3,0,3,0,0,3,0.0,0.0,인천광역시 부평구 길주남로 144 304동 1층,에버온
EV014843,인천부평 부개주공3단지아파트 3,37.5021387,126.7387831,부평구,3,0,3,0,0,3,0.0,0.0,인천광역시 부평구 길주남로 144 301동 1층,에버온
EV014844,인천부평 부개주공3단지아파트 4,37.5021387,126.7387831,부평구,2,0,2,0,0,2,0.0,0.0,인천광역시 부평구 길주남로 144 319동 1층,에버온
EV014845,인천부평 부개주공3단지아파트 5,37.5021387,126.7387831,부평구,6,0,6,0,0,6,0.0,0.0,인천광역시 부평구 길주남로 144 309동 1층,에버온
EV014846,인천부평 부개주공3단지아파트 6,37.5021387,126.7387831,부평구,6,0,6,0,0,6,0.0,0.0,인천광역시 부평구 길주남로 144 303동 1층,에버온
EV014920,인천계양 동아아파트,37.5310266,126.7169535,계양구,4,0,4,0,0,4,0.0,0.0,인천광역시 계양구 새벌로 159 2동 옆 지상주차장,에버온
EV014973,인천연수 롯데캐슬 캠퍼스타운아파트 1,37.3892363,126.6651276,연수구,6,0,6,0,0,6,0.0,0.0,"인천광역시 연수구 송도과학로27번길 55 지하2층주차장 51번기둥 좌,우측",에버온
EV014974,인천연수 롯데캐슬 캠퍼스타운아파트 2,37.3892363,126.6651276,연수구,3,0,3,0,0,3,0.0,0.0,인천광역시 연수구 송도과학로27번길 55 지하3층주차장 56번기둥 좌측,에버온
EV014975,인천연수 롯데캐슬 캠퍼스타운아파트 3,37.3892363,126.6651276,연수구,3,0,3,0,0,3,0.0,0.0,인천광역시 연수구 송도과학로27번길 55 지하3층주차장 56번기둥 우측,에버온
EV014976,인천연수 롯데캐슬 캠퍼스타운아파트 4,37.3892363,126.6651276,연수구,3,0,3,0,0,3,0.0,0.0,인천광역시 연수구 송도과학로27번길 55 지하3층주차장 13번기둥 우측,에버온
EV015004,인천계양 우남푸르미아아파트 1,37.5621868,126.7571547,계양구,4,0,4,0,0,4,0.0,0.0,인천광역시 계양구 당미5길 7 102~103동 사이 지상주차장,에버온
EV015005,인천계양 우남푸르미아아파트 2,37.5621868,126.7571547,계양구,1,0,1,0,0,1,0.0,0.0,인천광역시 계양구 당미5길 7 지하1층주차장 02~03기둥사이,에버온
EV015048,인천연수 연수아주아파트 1,37.4042416,126.6696052,연수구,2,0,2,0,0,2,0.0,0.0,인천광역시 연수구 먼우금로63번길 13 관리소 앞 지상주차장,에버온
EV015049,인천연수 연수아주아파트 2,37.4042416,126.6696052,연수구,5,0,5,0,0,5,0.0,0.0,인천광역시 연수구 먼우금로63번길 13 4동 앞 지상주차장,에버온
EV015062,인천남동 만수금호타운 3,37.4411077,126.7393282,남동구,4,0,4,0,0,4,0.0,0.0,인천광역시 남동구 담방로 22-16 상가 옆쪽,에버온
EV015063,인천남동 만수금호타운 4,37.4411077,126.7393282,남동구,3,0,3,0,0,3,0.0,0.0,인천광역시 남동구 담방로 22-16 관리실 옆,에버온
EV015064,인천남동 삼익세라믹아파트 1,37.4424535,126.7389978,남동구,4,0,4,0,0,4,0.0,0.0,인천광역시 남동구 장승남로 70-30 102동 앞,에버온
EV015065,인천남동 삼익세라믹아파트 2,37.4424535,126.7389978,남동구,3,0,3,0,0,3,0.0,0.0,인천광역시 남동구 장승남로 70-30 B1 주차장,에버온
EV015164,인천남동 인천제일교회,37.4034616,126.7079372,남동구,2,0,2,0,2,0,100.0,0.0,인천광역시 남동구 논현로 12 (논현동) 지상주차장,에버온
EV015192,인천부평 부평현대1단지아파트 1,37.490536926,126.70660236,부평구,3,0,3,0,0,3,0.0,0.0,인천광역시 부평구 경원대로 1269 116동 뒷편 지상주차장,에버온
EV015193,인천부평 부평현대1단지아파트 2,37.490536926,126.70660236,부평구,3,0,3,0,0,3,0.0,0.0,인천광역시 부평구 경원대로 1269 117동 지상주차장,에버온
EV015194,인천부평 부평현대1단지아파트 3,37.490536926,126.70660236,부평구,6,0,6,0,0,6,0.0,0.0,인천광역시 부평구 경원대로 1269 123동 지상 주차장,에버온
EV015195,인천부평 부평현대1단지아파트 4,37.490536926,126.70660236,부평구,6,0,6,0,0,6,0.0,0.0,인천광역시 부평구 경원대로 1269 106동 지상 주차장,에버온
EV015196,인천부평 부평현대1단지아파트 5,37.490536926,126.70660236,부평구,6,0,6,0,0,6,0.0,0.0,인천광역시 부평구 경원대로 1269 111동 지상 주차장,에버온
EV015197,인천부평 부평현대1단지아파트 6,37.490536926,126.70660236,부평구,2,0,2,0,0,2,0.0,0.0,인천광역시 부평구 경원대로 1269 119동 114동 사이 기계실 옆라인 지상 주차장,에버온
EV015218,인천중구 덕교감리교회,37.4392496,126.4164499,중구,1,0,1,0,1,0,100.0,0.0,인천광역시 영종구 마시란로170번길 46 (덕교동) 교회앞 주차장,에버온
EV015226,인천계양 우남푸르미아아파트 3,37.5621868,126.7571547,계양구,2,0,2,0,0,2,0.0,0.0,"인천광역시 계양구 당미5길 7 (동양동, 우남푸르미아) B1층 02~03기둥사이",에버온
EV015227,인천계양 우남푸르미아아파트 4,37.5621868,126.7571547,계양구,2,0,2,0,0,2,0.0,0.0,"인천광역시 계양구 당미5길 7 (동양동, 우남푸르미아) B1층 045좌측 주차면",에버온
EV015270,인천서구 메가타워 1,37.5928046,126.7102074,서구,4,0,4,0,4,0,100.0,0.0,인천광역시 검단구 발산로 17 (원당동) 지하1층 램프옆 주차장,에버온
EV015312,인천부평 청천쌍용아파트 1,37.5068394,126.7163505,부평구,3,0,3,0,0,3,0.0,0.0,"인천광역시 부평구 길주로494번길 12 (청천동, 쌍용아파트) 1동 1,5호라인 지상주차장",에버온
EV015313,인천부평 청천쌍용아파트 2,37.5068394,126.7163505,부평구,4,0,4,0,0,4,0.0,0.0,"인천광역시 부평구 길주로494번길 12 (청천동, 쌍용아파트) 2동 10,11호라인 지상주차장",에버온
EV015375,인천중구 오션솔레뷰 1,37.4945145,126.5793655,중구,1,0,1,0,1,0,100.0,0.0,인천광역시 영종구 영종진광장로 32 (중산동) 지하1층 09~10 벽기둥 사이,에버온
EV015376,인천중구 오션솔레뷰 2,37.4945145,126.5793655,중구,1,0,1,0,1,0,100.0,0.0,인천광역시 영종구 영종진광장로 32 (중산동) 지하2층 14 벽기둥,에버온
EV015377,인천중구 오션솔레뷰 3,37.4945145,126.5793655,중구,1,0,1,0,1,0,100.0,0.0,인천광역시 영종구 영종진광장로 32 (중산동) 지하3층 09 벽기둥,에버온
EV015378,인천계양 서운동경남아너스빌아파트 2,37.5376151,126.7451541,계양구,3,0,3,0,3,0,100.0,0.0,인천광역시 계양구 살라리로 21 지상1층 105동 앞,에버온
EV015386,인천남동 골든프라자,37.3988885,126.7256446,남동구,1,0,1,0,1,0,100.0,0.0,인천광역시 남동구 논고개로 85 (논현동) 지하1층 램프 옆 주차장,에버온
EV015394,인천미추홀 삼환1단지아파트 1,37.4433906,126.6961002,미추홀구,5,0,5,0,0,5,0.0,0.0,"인천광역시 미추홀구 주승로 223 (관교동, 삼환1차아파트) 102동 앞 경비실 옆 주차장",에버온
EV015395,인천미추홀 삼환1단지아파트 2,37.4433906,126.6961002,미추홀구,4,0,4,0,0,4,0.0,0.0,"인천광역시 미추홀구 주승로 223 (관교동, 삼환1차아파트) 101동 5,6라인 앞 주차장",에버온
EV015439,인천부평 부개지구보람아파트4,37.5045626,126.7403985,부평구,3,0,3,0,0,3,0.0,0.0,"인천광역시 부평구 길주남로 175(부개동, 상우신명보람아파트) 103동 3,4라인 지상주차장",에버온
EV015440,인천부평 부개지구보람아파트5,37.5045626,126.7403985,부평구,4,0,4,0,0,4,0.0,0.0,"인천광역시 부평구 길주남로 175(부개동, 상우신명보람아파트) 201동 1,2라인 지상주차장",에버온
EV015441,인천부평 부개지구보람아파트6,37.5045626,126.7403985,부평구,3,0,3,0,0,3,0.0,0.0,"인천광역시 부평구 길주남로 175(부개동, 상우신명보람아파트) 204동 3,4라인 지상주차장",에버온
EV015442,인천부평 부개지구보람아파트7,37.5045626,126.7403985,부평구,3,0,3,0,0,3,0.0,0.0,"인천광역시 부평구 길주남로 175(부개동, 상우신명보람아파트) 205동 3,4라인 지상주차장",에버온
EV015443,인천부평 부개주공3단지아파트 7,37.5021387,126.7387831,부평구,2,0,2,0,0,2,0.0,0.0,"인천광역시 부평구 길주남로 144 (부개동, 부개주공아파트(3단지)) 314동 1층 스탠드폴형",에버온
EV015479,인천서구 대우자동차사원아파트,37.524954,126.6861437,서구,3,0,3,0,0,3,0.0,0.0,"인천광역시 서해구 봉오대로318번길 6 (가정동, 대우자동차사원아파트) 101동 뒤 지상주차장",에버온
EV015557,인천남동 논현꿈에그린아파트 10,37.4010473,126.7203597,남동구,3,0,3,0,0,3,0.0,0.0,"인천광역시 남동구 논현로 106 (논현동, 어진마을 한화 꿈에그린) 지하2층 602동 A28기둥 좌측",에버온
EV015558,인천남동 논현꿈에그린아파트 11,37.4010473,126.7203597,남동구,2,0,2,0,0,2,0.0,0.0,"인천광역시 남동구 논현로 106 (논현동, 어진마을 한화 꿈에그린) 지하2층 602동 A34기둥 좌측",에버온
EV015559,인천남동 논현꿈에그린아파트 12,37.4010473,126.7203597,남동구,2,0,2,0,0,2,0.0,0.0,"인천광역시 남동구 논현로 106 (논현동, 어진마을 한화 꿈에그린) 지하2층 603동 B33기둥 좌측",에버온
EV015560,인천남동 논현꿈에그린아파트 13,37.4010473,126.7203597,남동구,3,0,3,0,0,3,0.0,0.0,"인천광역시 남동구 논현로 106 (논현동, 어진마을 한화 꿈에그린) 지하2층 603동 B25기둥 우측",에버온
EV015581,인천계양 계양그대가 1,37.5281593,126.7433179,계양구,5,0,5,0,0,5,0.0,0.0,"인천광역시 계양구 효서로 417 (서운동, 계양임광그대가) 103동 B1F A73기둥",에버온
EV015582,인천계양 계양그대가 2,37.5281593,126.7433179,계양구,5,0,5,0,0,5,0.0,0.0,"인천광역시 계양구 효서로 417 (서운동, 계양임광그대가) 104동 B1F B12기둥",에버온
EV015583,인천계양 계양그대가 3,37.5281593,126.7433179,계양구,3,0,3,0,0,3,0.0,0.0,"인천광역시 계양구 효서로 417 (서운동, 계양임광그대가) 102~104동사이 지상",에버온
EV015668,인천서구 타워팰리스6차,37.600448,126.6598364,서구,5,0,5,0,5,0,100.0,0.0,인천광역시 검단구 완정로133번길 10 (왕길동) 지상1층 주차장,에버온
EV015728,인천서구 청라푸르지오아파트 1,37.5350913,126.6370084,서구,3,0,3,0,0,3,0.0,0.0,"인천광역시 서해구 크리스탈로102번길 25 (청라동, 청라푸르지오아파트) 363동 지하주차장 31번기둥",에버온
EV015729,인천서구 청라푸르지오아파트 2,37.5350913,126.6370084,서구,3,0,3,0,0,3,0.0,0.0,"인천광역시 서해구 크리스탈로102번길 25 (청라동, 청라푸르지오아파트) 364동 지하주차장 30번기둥맞은편",에버온
EV015750,인천서구 탑스빌아파트 1,37.5920016,126.6755322,서구,2,0,2,0,0,2,0.0,0.0,인천광역시 검단구 서곶로 818 (당하동) 105동 뒤 지상1층 주차장,에버온
EV015751,인천서구 탑스빌아파트 2,37.5920016,126.6755322,서구,2,0,2,0,0,2,0.0,0.0,인천광역시 검단구 서곶로 818 (당하동) 102동 앞 지상1층 주차장,에버온
EV015752,인천서구 탑스빌아파트 3,37.5920016,126.6755322,서구,5,0,5,0,0,5,0.0,0.0,인천광역시 검단구 서곶로 818 (당하동) 102동 앞 1~2라인 뒤 지상1층 주차장,에버온
EV015753,인천서구 탑스빌아파트 4,37.5920016,126.6755322,서구,2,0,2,0,0,2,0.0,0.0,인천광역시 검단구 서곶로 818 (당하동) 105동 앞 지상1층 주차장,에버온
EV015754,인천서구 탑스빌아파트 5,37.5920016,126.6755322,서구,4,0,4,0,0,4,0.0,0.0,인천광역시 검단구 서곶로 818 (당하동) 104동 3~4라인 우측 지상1층 주차장,에버온
EV015755,인천서구 탑스빌아파트 6,37.5920016,126.6755322,서구,9,0,9,0,0,9,0.0,0.0,인천광역시 검단구 서곶로 818 (당하동) 109동 뒤 지상1층 주차장,에버온
EV015756,인천서구 탑스빌아파트 7,37.5920016,126.6755322,서구,3,0,3,0,0,3,0.0,0.0,인천광역시 검단구 서곶로 818 (당하동) 12동 뒤쪽 지상1층 스탠드폴형,에버온
EV015757,인천서구 탑스빌아파트 8,37.5920016,126.6755322,서구,3,0,3,0,0,3,0.0,0.0,인천광역시 검단구 서곶로 818 (당하동) 112동 앞쪽 지상1층 스탠드폴형 14동 앞쪽 지상1층 스탠드폴형,에버온
EV015758,인천서구 탑스빌아파트 9,37.5920016,126.6755322,서구,5,0,5,0,0,5,0.0,0.0,인천광역시 검단구 서곶로 818 (당하동) 17동 뒤쪽 지상1층 스탠드폴형,에버온
EV015759,인천서구 탑스빌아파트 10,37.5920016,126.6755322,서구,5,0,5,0,0,5,0.0,0.0,인천광역시 검단구 서곶로 818 (당하동) 20동 앞쪽 지상1층 스탠드폴형,에버온
EV015767,인천중구 내트럭하우스 인천사업소 1,37.4316956,126.6238205,중구,6,4,2,0,0,6,0.0,66.67,인천광역시 제물포구 축항대로296번길 183 (신흥동3가) 지상1층 주차장,에버온
EV015768,인천중구 내트럭하우스 인천사업소 2,37.4316956,126.6238205,중구,2,0,2,0,2,0,100.0,0.0,인천광역시 제물포구 축항대로296번길 183 (신흥동3가) 지상1층 주차장,에버온
EV015813,인천서구 연희광명17차 3,37.5427737,126.6715307,서구,5,0,5,0,0,5,0.0,0.0,"인천광역시 서해구 심곡로 11 (심곡동, 광명아파트) 운동장 옆 지상주차장",에버온
EV015814,인천서구 연희광명17차 4,37.5427737,126.6715307,서구,3,0,3,0,0,3,0.0,0.0,"인천광역시 서해구 심곡로 11 (심곡동, 광명아파트) 101동 뒤 지상주차장",에버온
EV015882,인천서구 청라빌딩,37.5333949,126.6568249,서구,3,0,3,0,3,0,100.0,0.0,인천광역시 서해구 청라에메랄드로 94 (청라동) B3 주차장,에버온
EV015910,인천서구 당하푸르지오 3,37.5926375,126.6787166,서구,5,0,5,0,0,5,0.0,0.0,"인천광역시 검단구 청마로 170 (당하동, 당하푸르지오) 301동 3,4라인 지상주차장",에버온
EV015911,인천서구 당하푸르지오 4,37.5926375,126.6787166,서구,3,0,3,0,0,3,0.0,0.0,"인천광역시 검단구 청마로 170 (당하동, 당하푸르지오) 303동 1,2라인 지상주차장",에버온
EV015912,인천서구 당하푸르지오 5,37.5926375,126.6787166,서구,3,0,3,0,0,3,0.0,0.0,"인천광역시 검단구 청마로 170 (당하동, 당하푸르지오) 303동 304동 사이 뒤쪽 지상주차장",에버온
EV015913,인천서구 당하푸르지오 6,37.5926375,126.6787166,서구,3,0,3,0,0,3,0.0,0.0,"인천광역시 검단구 청마로 170 (당하동, 당하푸르지오) 304동 1,2라인 지상주차장",에버온
EV015914,인천서구 당하푸르지오 7,37.5926375,126.6787166,서구,2,0,2,0,0,2,0.0,0.0,"인천광역시 검단구 청마로 170 (당하동, 당하푸르지오) 309동 1,2라인 앞 지상주차장",에버온
EV015915,인천서구 당하푸르지오 8,37.5926375,126.6787166,서구,2,0,2,0,0,2,0.0,0.0,"인천광역시 검단구 청마로 170 (당하동, 당하푸르지오) 311동 1,2라인 앞 지상주차장",에버온
EV015925,인천서구 마전현대아파트 1,37.5986647,126.6747014,서구,2,0,2,0,0,2,0.0,0.0,"인천광역시 검단구 완정로34번길 47 (마전동, 현대아파트) 103동 앞 지상주차장",에버온
EV015926,인천서구 마전현대아파트 2,37.5986647,126.6747014,서구,3,0,3,0,0,3,0.0,0.0,"인천광역시 검단구 완정로34번길 47 (마전동, 현대아파트) 102동 앞 지상주차장",에버온
EV015927,인천서구 마전현대아파트 3,37.5986647,126.6747014,서구,2,0,2,0,0,2,0.0,0.0,"인천광역시 검단구 완정로34번길 47 (마전동, 현대아파트) B1 주차장",에버온
EV015928,인천서구 마전현대아파트 4,37.5986647,126.6747014,서구,2,0,2,0,0,2,0.0,0.0,"인천광역시 검단구 완정로34번길 47 (마전동, 현대아파트) B2 주차장",에버온
EV016016,인천계양 작전한일아파트,37.5361379,126.7237228,계양구,3,0,3,0,0,3,0.0,0.0,"인천광역시 계양구 계산로108번길 20 (작전동, 한일아파트) 입구 옆 지상주차장",에버온
EV016058,인천계양 ㈜리치코스 1,37.5310019,126.7583238,계양구,1,0,1,0,1,0,100.0,0.0,인천광역시 계양구 서운산업로 62 (서운동) 1층건물앞 지상주차장,에버온
EV016059,인천계양 ㈜리치코스 2,37.5310019,126.7583238,계양구,2,0,2,0,2,0,100.0,0.0,인천광역시 계양구 서운산업로 62 (서운동) 옥상 하단뒤쪽,에버온
EV016066,인천강화 강화현대아파트,37.737902,126.5075096,강화군,4,0,4,0,0,4,0.0,0.0,인천광역시 강화군 강화읍 강화대로 191-14 (강화현대아파트) 102동 지상주차장,에버온
EV016078,인천부평 삼산미래타운1단지아파트 1,37.5223373,126.7422322,부평구,5,0,5,0,0,5,0.0,0.0,"인천광역시 부평구 부평북로 431 (삼산동, 삼산주공미래타운아파트) 104동 앞 지상주차장",에버온
EV016079,인천부평 삼산미래타운1단지아파트 2,37.5223373,126.7422322,부평구,5,0,5,0,0,5,0.0,0.0,"인천광역시 부평구 부평북로 431 (삼산동, 삼산주공미래타운아파트) 107동 뒤 지상주차장",에버온
EV016111,인천부평 더샵부평센트럴시티아파트 33,37.4773624,126.7009931,부평구,6,0,6,0,0,6,0.0,0.0,"인천광역시 부평구 열우물로 90 (십정동, 더샵부평센트럴시티) 113동 지하2층 23번 휀룸 옆",에버온
EV016112,인천부평 더샵부평센트럴시티아파트 34,37.4773624,126.7009931,부평구,6,0,6,0,0,6,0.0,0.0,"인천광역시 부평구 열우물로 90 (십정동, 더샵부평센트럴시티) 113동 지하2층 24번 휀룸 옆",에버온
EV016113,인천부평 더샵부평센트럴시티아파트 35,37.4773624,126.7009931,부평구,8,0,8,0,0,8,0.0,0.0,"인천광역시 부평구 열우물로 90 (십정동, 더샵부평센트럴시티) 123동 지하2층 M03번 기둥~O04번 기둥",에버온
EV016114,인천부평 더샵부평센트럴시티아파트 36,37.4773624,126.7009931,부평구,8,0,8,0,0,8,0.0,0.0,"인천광역시 부평구 열우물로 90 (십정동, 더샵부평센트럴시티) 123동 지하2층 39번 휀룸 옆",에버온
EV016115,인천부평 더샵부평센트럴시티아파트 37,37.4773624,126.7009931,부평구,8,0,8,0,0,8,0.0,0.0,"인천광역시 부평구 열우물로 90 (십정동, 더샵부평센트럴시티) 123동 지하2층 39번 휀룸 앞",에버온
EV016116,인천부평 더샵부평센트럴시티아파트 38,37.4773624,126.7009931,부평구,8,0,8,0,0,8,0.0,0.0,"인천광역시 부평구 열우물로 90 (십정동, 더샵부평센트럴시티) 105동 지하2층 B13번 기둥~B17번 기둥",에버온
EV016117,인천부평 더샵부평센트럴시티아파트 39,37.4773624,126.7009931,부평구,8,0,8,0,0,8,0.0,0.0,"인천광역시 부평구 열우물로 90 (십정동, 더샵부평센트럴시티) 105동 지하2층 B15번 기둥 옆~C16번 기둥 옆",에버온
EV016118,인천부평 더샵부평센트럴시티아파트 40,37.4773624,126.7009931,부평구,6,0,6,0,0,6,0.0,0.0,"인천광역시 부평구 열우물로 90 (십정동, 더샵부평센트럴시티) 105동 지하2층 B13번 기둥 옆~C14번 기둥 옆",에버온
EV016119,인천부평 더샵부평센트럴시티아파트 41,37.4773624,126.7009931,부평구,1,0,1,0,0,1,0.0,0.0,"인천광역시 부평구 열우물로 90 (십정동, 더샵부평센트럴시티) 108동 1-2라인 지하1층 08번 기둥",에버온
EV016120,인천부평 더샵부평센트럴시티아파트 42,37.4773624,126.7009931,부평구,1,0,1,0,0,1,0.0,0.0,"인천광역시 부평구 열우물로 90 (십정동, 더샵부평센트럴시티) 117동 지하1층 N18번 기둥",에버온
EV016295,인천서구 검암풍림아이원3차아파트 2,37.5662909,126.6843399,서구,4,0,4,0,0,4,0.0,0.0,인천광역시 서해구 검암로10번길 39 406동 지상주차장 기전실 양쪽 라인,에버온
EV016334,인천계양 작전한신아파트,37.5274418,126.7278655,계양구,4,0,4,0,0,4,0.0,0.0,"인천광역시 계양구 효서로 284 (작전동, 한신아파트) 경로당 옆 지상주차장",에버온
EV016346,인천계양 은행마을태산아파트,37.535537,126.7397462,계양구,7,0,7,0,0,7,0.0,0.0,"인천광역시 계양구 오조산로62번길 10 (계산동, 은행마을 태산아파트) 418동 뒷편 지상주차장",에버온
EV016466,인천서구 마전하나아파트 1,37.6079417,126.6734371,서구,5,0,5,0,0,5,0.0,0.0,"인천광역시 검단구 검단로 622 (마전동, 하나아파트) 104동 3,4라인 앞",에버온
EV016467,인천서구 마전하나아파트 2,37.6079417,126.6734371,서구,5,0,5,0,0,5,0.0,0.0,"인천광역시 검단구 검단로 622 (마전동, 하나아파트) 103동 5,6라인 앞",에버온
EV016473,인천남동 햇빛마을벽산아파트7,37.4645903,126.7247287,남동구,3,0,3,0,0,3,0.0,0.0,"인천광역시 남동구 호구포로 924(만수동, 햇빛마을벽산아파트) 113동 1층 지상스탠드형",에버온
EV016474,인천남동 햇빛마을벽산아파트8,37.4645903,126.7247287,남동구,3,0,3,0,0,3,0.0,0.0,"인천광역시 남동구 호구포로 924(만수동, 햇빛마을벽산아파트) 116동 1층 지상스탠드형",에버온
EV016475,인천남동 햇빛마을벽산아파트9,37.4645903,126.7247287,남동구,3,0,3,0,0,3,0.0,0.0,"인천광역시 남동구 호구포로 924(만수동, 햇빛마을벽산아파트) 103동 1층 지상스탠드형",에버온
EV016476,인천남동 햇빛마을벽산아파트10,37.4645903,126.7247287,남동구,5,0,5,0,0,5,0.0,0.0,"인천광역시 남동구 호구포로 924(만수동, 햇빛마을벽산아파트) 109동 1,2라인 앞 지상스탠드형",에버온
EV016477,인천남동 햇빛마을벽산아파트11,37.4645903,126.7247287,남동구,4,0,4,0,0,4,0.0,0.0,"인천광역시 남동구 호구포로 924(만수동, 햇빛마을벽산아파트) 110동 1,2라인 앞 지상스탠드형",에버온
EV016478,인천남동 햇빛마을벽산아파트12,37.4645903,126.7247287,남동구,2,0,2,0,0,2,0.0,0.0,"인천광역시 남동구 호구포로 924(만수동, 햇빛마을벽산아파트) 112동 1층 지상스탠드형",에버온
EV016486,인천부평 산곡신명스카이뷰숲아파트 2,37.5045895,126.6956865,부평구,2,0,2,0,0,2,0.0,0.0,"인천광역시 부평구 원적로 270 (산곡동, 신명스카이뷰숲) 지상주차장 관리동앞",에버온
EV016488,인천부평 십정백영2차,37.4786023,126.6957742,부평구,3,0,3,0,0,3,0.0,0.0,"인천광역시 부평구 경원대로 1086(십정동, 십정백영2차아파트) 지하주차장 변전실옆",에버온
EV016489,인천서구 가좌현대아파트 1,37.4966636,126.6868556,서구,4,0,4,0,0,4,0.0,0.0,"인천광역시 서해구 원적로124번길 21 (가좌동, 현대아파트) 4동우측끝 지상주차장",에버온
EV016490,인천서구 가좌현대아파트 2,37.4966636,126.6868556,서구,5,0,5,0,0,5,0.0,0.0,"인천광역시 서해구 원적로124번길 21 (가좌동, 현대아파트) 2동앞 지상주차장",에버온
EV016556,인천남동 우리들메디타워,37.3986873,126.7258978,남동구,1,0,1,0,1,0,100.0,0.0,인천광역시 남동구 논고개로 81 (논현동) 지하2층주차장,에버온
EV016582,인천미추홀 도화서희스타힐스 1,37.4719708,126.6636459,미추홀구,6,0,6,0,1,5,16.67,0.0,"인천광역시 미추홀구 숙골로112번길 12 (도화동, 도화서희스타힐스) B1층 15번기둥",에버온
EV016596,인천중구 스카이시티자이 1,37.4921946,126.5589448,중구,9,0,9,0,0,9,0.0,0.0,"인천광역시 영종구 하늘별빛로 111 (중산동, 스카이시티자이) 106동 지상주차장 9면",에버온
EV016597,인천중구 스카이시티자이 2,37.4921946,126.5589448,중구,6,0,6,0,0,6,0.0,0.0,"인천광역시 영종구 하늘별빛로 111 (중산동, 스카이시티자이) 106동 지상주차장 6면",에버온
EV016598,인천중구 스카이시티자이 3,37.4921946,126.5589448,중구,9,0,9,0,0,9,0.0,0.0,"인천광역시 영종구 하늘별빛로 111 (중산동, 스카이시티자이) 109동 지상주차장 9면",에버온
EV016599,인천중구 스카이시티자이 4,37.4921946,126.5589448,중구,6,0,6,0,0,6,0.0,0.0,"인천광역시 영종구 하늘별빛로 111 (중산동, 스카이시티자이) 109동 지상주차장 6면",에버온
EV016633,인천부평 부개주공1단지아파트 1,37.5052707,126.7380133,부평구,4,0,4,0,0,4,0.0,0.0,인천광역시 부평구 길주남로 143 (부개동) 102동 옆 지상주차장,에버온
EV016634,인천부평 부개주공1단지아파트 2,37.5052707,126.7380133,부평구,4,0,4,0,0,4,0.0,0.0,인천광역시 부평구 길주남로 143 (부개동) 상가 옆 지상주차장,에버온
EV016678,인천남동 노빌리안명품,37.4512479,126.7039991,남동구,3,0,3,0,3,0,100.0,0.0,인천광역시 남동구 미래로 13 (구월동) 지하1층주차장,에버온
EV016755,인천부평 미도7차아파트,37.5058391,126.7156305,부평구,4,0,4,0,0,4,0.0,0.0,인천광역시 부평구 원길로24번길 5 3동 옆 분리수거장 앞,에버온
EV016828,인천남동 리더스타워A동,37.4660627,126.7076202,남동구,2,0,2,0,2,0,100.0,0.0,인천광역시 남동구 남동대로 935 A동 B3 주차장,에버온
EV016829,인천남동 리더스타워B동,37.4654803,126.7070585,남동구,3,0,3,0,3,0,100.0,0.0,인천광역시 남동구 경인로 626 B동 6F 주차장,에버온
EV016863,인천서구 불로금호어울림아파트 1,37.6132958,126.6882861,서구,9,0,9,0,0,9,0.0,0.0,인천광역시 검단구 검단로768번길 19 101동 뒤 지상주차장,에버온
EV016864,인천서구 불로금호어울림아파트 2,37.6132958,126.6882861,서구,3,0,3,0,0,3,0.0,0.0,인천광역시 검단구 검단로768번길 19 105동 건너편 지상주차장,에버온
EV016865,인천서구 불로금호어울림아파트 3,37.6132958,126.6882861,서구,3,0,3,0,0,3,0.0,0.0,인천광역시 검단구 검단로768번길 19 106동 건너편 지상주차장,에버온
EV016910,인천계양 작전현대3차아파트,37.5332788,126.7267792,계양구,5,0,5,0,0,5,0.0,0.0,인천광역시 계양구 주부토로413번길 18 301동 지상주차장,에버온
EV016942,인천연수 연세대학교 제약바이오 실용화센터,37.3817663,126.6669192,연수구,6,1,5,0,0,6,0.0,16.67,인천광역시 연수구 송도과학로 85 실용화센터 신축 건물 옆,에버온
EV017032,인천서구 청라국제금융단지한양수자인레이크블루 1,37.5384422,126.6310394,서구,1,0,1,0,0,1,0.0,0.0,인천광역시 서해구 청라한내로 132 653동 B1F 032기둥,에버온
EV017033,인천서구 청라국제금융단지한양수자인레이크블루 2,37.5384422,126.6310394,서구,1,0,1,0,0,1,0.0,0.0,인천광역시 서해구 청라한내로 132 650동 B1F G01기둥,에버온
EV017034,인천서구 청라국제금융단지한양수자인레이크블루 3,37.5384422,126.6310394,서구,1,0,1,0,0,1,0.0,0.0,인천광역시 서해구 청라한내로 132 647동 B1F G101기둥,에버온
EV017110,인천연수 송도더샵마스터뷰3단지,37.3812948,126.6329904,연수구,4,0,4,0,0,4,0.0,0.0,인천광역시 연수구 컨벤시아대로274번길 15 지하2층N17기둥,에버온
EV017424,인천계양 한미삼오아파트,37.5426177,126.725313,계양구,3,0,3,0,0,3,0.0,0.0,인천광역시 계양구 어사대로9번길 5 놀이터 옆 지상주차장,에버온
EV017436,인천부평 대주파크빌,37.4830567,126.7077244,부평구,6,0,6,0,0,6,0.0,0.0,인천광역시 부평구 마장로 49 지하주차장 램프 입구 옆,에버온
EV017438,인천남동 논현한라아파트,37.4045592,126.7374286,남동구,4,0,4,0,0,4,0.0,0.0,인천광역시 남동구 포구로 64-8 경로당 옆,에버온
EV017714,인천서구 청라동양엔파트 2,37.5305188,126.6433896,서구,5,0,5,0,0,5,0.0,0.0,"인천광역시 서해구 청라커낼로 249(청라동, 동양엔파트) 지하 B1 Y 36 기둥",에버온
EV017776,인천남동 논현코아루파크오피스텔 1,37.4014586,126.7103997,남동구,2,0,2,0,2,0,100.0,0.0,인천광역시 남동구 논현로46번길 22 A동 지하2층 출입구 옆 2기,에버온
EV017777,인천남동 논현코아루파크오피스텔 2,37.4014586,126.7103997,남동구,2,0,2,0,2,0,100.0,0.0,인천광역시 남동구 논현로46번길 22 B동 지하2층 출입구 옆 2기,에버온
EV017778,인천남동 논현코아루파크오피스텔 3,37.4014586,126.7103997,남동구,2,0,2,0,2,0,100.0,0.0,인천광역시 남동구 논현로46번길 22 A동 지하3층 출입구 옆 2기,에버온
EV017779,인천남동 논현코아루파크오피스텔 4,37.4014586,126.7103997,남동구,2,0,2,0,2,0,100.0,0.0,인천광역시 남동구 논현로46번길 22 B동 지하3층 출입구 옆 2기,에버온
EV017853,인천중구 선광아파트,37.4774253,126.6176944,중구,2,0,2,0,0,2,0.0,0.0,인천광역시 제물포구 제물량로 288 정문 출입구 옆,에버온
EV017880,인천미추홀 주안현대아파트 2,37.4595937,126.683097,미추홀구,3,0,3,0,0,3,0.0,0.0,인천광역시 미추홀구 경인로 395 2동 뒷편 지상주차장,에버온
EV017958,인천남동 팬더아파트 1,37.4739535,126.710355,남동구,5,0,5,0,0,5,0.0,0.0,인천광역시 남동구 경인로742번길 46 다동 뒤 지상1층주차장 남동구,에버온
EV017969,인천남동 서창베라체아파트 3,37.4196232,126.7510666,남동구,6,0,6,0,0,6,0.0,0.0,"인천광역시 남동구 서창남로 17 (서창동, 서창베라체아파트) 관리소옆 지하1층 B072기둥 좌,우",에버온
EV018027,인천서구 청라디이스트 1,37.5266384,126.6229093,서구,5,0,5,0,0,5,0.0,0.0,인천광역시 서해구 비즈니스로28번길 13 B1F,에버온
EV018028,인천계양 효성풍림아파트 1,37.5273434,126.7163037,계양구,7,0,7,0,0,7,0.0,0.0,인천 계양구 아나지로213번길 22 101동 앞 지상주차장,에버온
EV018033,인천계양 효성대림아파트 1,37.5351651,126.7105262,계양구,3,0,3,0,0,3,0.0,0.0,인천 계양구 안남로 583 102동 앞 지상주차장,에버온
EV018034,인천남동 간석이삭아파트 1,37.4652635,126.7202603,남동구,4,0,4,0,0,4,0.0,0.0,인천 남동구 용천로176번길 109 101동 앞 지상주차장,에버온
EV018049,인천부평 산곡한화2차아파트 11,37.5047262,126.7067293,부평구,2,0,2,0,0,2,0.0,0.0,"인천광역시 부평구 원적로 361(산곡동, 한화아파트) 204동앞 지상주차장",에버온
EV018050,인천부평 산곡한화2차아파트 12,37.5047262,126.7067293,부평구,3,0,3,0,0,3,0.0,0.0,"인천광역시 부평구 원적로 361(산곡동, 한화아파트) 206동앞 지상주차장",에버온
EV018051,인천부평 산곡한화2차아파트 13,37.5047262,126.7067293,부평구,2,0,2,0,0,2,0.0,0.0,"인천광역시 부평구 원적로 361(산곡동, 한화아파트) 209동앞 지상주차장",에버온
EV018052,인천부평 산곡한화2차아파트 14,37.5047262,126.7067293,부평구,3,0,3,0,0,3,0.0,0.0,"인천광역시 부평구 원적로 361(산곡동, 한화아파트) 219동앞 지상주차장",에버온
EV018068,인천남동 구월뷰그리안아파트 1,37.4562346,126.7207745,남동구,5,0,5,0,0,5,0.0,0.0,인천광역시 남동구 구월로265번길 6 지상주차장,에버온
EV018302,인천중구 영종하늘도시 한신더휴2차 1,37.4968158,126.5573779,중구,8,0,8,0,0,8,0.0,0.0,"인천광역시 영종구 은하수로 306 107동 지하1층 G62, 56, 57 기둥",에버온
EV018303,인천중구 영종하늘도시 한신더휴2차 2,37.4968158,126.5573779,중구,7,0,7,0,0,7,0.0,0.0,"인천광역시 영종구 은하수로 306 108동 지하1층 Y25,26기둥",에버온
EV018304,인천중구 영종하늘도시 한신더휴2차 3,37.4968158,126.5573779,중구,7,0,7,0,0,7,0.0,0.0,"인천광역시 영종구 은하수로 306 110동 지하1층 Y54,55,56기둥",에버온
EV018305,인천중구 영종하늘도시 한신더휴2차 4,37.4968158,126.5573779,중구,5,0,5,0,0,5,0.0,0.0,인천광역시 영종구 은하수로 306 103동 지하1층,에버온
EV018306,인천중구 영종하늘도시 한신더휴2차 5,37.4968158,126.5573779,중구,4,0,4,0,0,4,0.0,0.0,인천광역시 영종구 은하수로 306 101동 지하1층,에버온
EV018391,인천서구 연희극동늘푸른아파트 3,37.5408517,126.6731903,서구,4,0,4,0,0,4,0.0,0.0,인천광역시 서해구 승학로 198 104동 5-6라인 앞 지상주차장,주식회사 에버온
EV018392,인천서구 연희극동늘푸른아파트 4,37.5408517,126.6731903,서구,4,0,4,0,0,4,0.0,0.0,인천광역시 서해구 승학로 198 108동 5-6라인뒤지상주차장,주식회사 에버온
EV018394,인천부평 동암신동아아파트 1,37.4775471,126.7043402,부평구,6,0,6,0,0,6,0.0,0.0,"인천 부평구 아트센터로 118 101동 1,2라인 앞",주식회사 에버온
EV018395,인천부평 동암신동아아파트 2,37.4775471,126.7043402,부평구,6,0,6,0,0,6,0.0,0.0,"인천 부평구 아트센터로 118 101동 1,2라인 앞",주식회사 에버온
EV018396,인천부평 동암신동아아파트 3,37.4775471,126.7043402,부평구,6,0,6,0,0,6,0.0,0.0,"인천 부평구 아트센터로 118 101동 1,2라인 앞",주식회사 에버온
EV018397,인천부평 동암신동아아파트 4,37.4775471,126.7043402,부평구,4,0,4,0,0,4,0.0,0.0,"인천 부평구 아트센터로 118 101동 1,2라인 앞",주식회사 에버온
EV018398,인천부평 동암신동아아파트 5,37.4775471,126.7043402,부평구,6,0,6,0,0,6,0.0,0.0,"인천 부평구 아트센터로 118 101동 1,2라인 앞",주식회사 에버온
EV018399,인천부평 동암신동아아파트 6,37.4775471,126.7043402,부평구,6,0,6,0,0,6,0.0,0.0,"인천 부평구 아트센터로 118 101동 1,2라인 앞",주식회사 에버온
EV018400,인천부평 동암신동아아파트 7,37.4775471,126.7043402,부평구,6,0,6,0,0,6,0.0,0.0,"인천 부평구 아트센터로 118 101동 1,2라인 앞",주식회사 에버온
EV018401,인천부평 동암신동아아파트 8,37.4775471,126.7043402,부평구,6,0,6,0,0,6,0.0,0.0,"인천 부평구 아트센터로 118 101동 1,2라인 앞",주식회사 에버온
EV018402,인천부평 동암신동아아파트 9,37.4775471,126.7043402,부평구,6,0,6,0,0,6,0.0,0.0,"인천 부평구 아트센터로 118 101동 1,2라인 앞",주식회사 에버온
EV018403,인천부평 동암신동아아파트 10,37.4775471,126.7043402,부평구,6,0,6,0,0,6,0.0,0.0,"인천 부평구 아트센터로 118 101동 1,2라인 앞",주식회사 에버온
EV018479,인천부평 부평5동행정복지센터 1,37.493596536,126.72833266,부평구,2,0,2,0,1,1,50.0,0.0,인천광역시 부평구 부평문화로106번길 17 출입구 앞,주식회사 에버온
EV018566,인천서구 검단아이파크아파트 1,37.6012252,126.6646683,서구,9,0,9,0,0,9,0.0,0.0,인천광역시 검단구 완정로92번길 28 103동 1~2호 뒤 지상주차장,주식회사 에버온
EV018567,인천서구 검단아이파크아파트 2,37.6012252,126.6646683,서구,4,0,4,0,0,4,0.0,0.0,인천광역시 검단구 완정로92번길 28 105동 5~6호 옆 지상주차장,주식회사 에버온
EV018578,인천계양 계양한양수자인아파트 2,37.5546608,126.7464606,계양구,5,0,5,0,0,5,0.0,0.0,인천광역시 계양구 장제로 1004 102동 앞 지상주차장,주식회사 에버온
EV018597,인천부평 서희스타힐스부평센트럴아파트 1,37.4787435,126.7001113,부평구,1,0,1,0,0,1,0.0,0.0,인천 부평구 상정로 41 경로당 앞 지상주차장,에버온
EV018617,인천부평 부개성일아파트 1,37.4903996,126.741736,부평구,4,0,4,0,0,4,0.0,0.0,인천 부평구 부개동 494 1동 뒤 지상주차장,주식회사 에버온
EV018638,인천연수 연수성일아파트 1,37.4227457,126.6742213,연수구,9,0,9,0,0,9,0.0,0.0,인천 연수구 새말로 20 상가 옆 지상주차장,주식회사 에버온
EV018747,인천미추홀 신동아8차아파트 1,37.4414649,126.6752028,미추홀구,7,0,7,0,0,7,0.0,0.0,인천광역시 미추홀구 매소홀로475번길 60 102동 뒤 지상주차장,주식회사 에버온
EV018748,인천미추홀 신동아8차아파트 2,37.4414649,126.6752028,미추홀구,3,0,3,0,0,3,0.0,0.0,인천광역시 미추홀구 매소홀로475번길 60 105동 앞 지상주차장,주식회사 에버온
EV018757,인천서구 검단오류역우방아이유쉘 1,37.5965255,126.6333011,서구,3,0,3,0,0,3,0.0,0.0,인천광역시 검단구 대촌로 26 B2 기둥번호 G18,에버온
EV018758,인천서구 검단오류역우방아이유쉘 2,37.5965255,126.6333011,서구,3,0,3,0,0,3,0.0,0.0,인천광역시 검단구 대촌로 26 B2 기둥번호 G15,에버온
EV018759,인천서구 검단오류역우방아이유쉘 3,37.5965255,126.6333011,서구,3,0,3,0,0,3,0.0,0.0,인천광역시 검단구 대촌로 26 B2 기둥번호 G12,에버온
EV018760,인천서구 검단오류역우방아이유쉘 4,37.5965255,126.6333011,서구,3,0,3,0,0,3,0.0,0.0,인천광역시 검단구 대촌로 26 B2 기둥번호 G13,에버온
EV018766,인천계양 팬더2차아파트 1,37.5413016,126.7327604,계양구,3,0,3,0,0,3,0.0,0.0,인천광역시 계양구 경명대로1142번길 15 5동 1-2라인 지상주차장,주식회사 에버온
EV018836,인천연수 송도풍림아이원4단지아파트 3,37.3930535,126.6564332,연수구,2,0,2,0,0,2,0.0,0.0,"인천 연수구 신송로82번길 6 402동 1,2라인 뒤 지상주차장",에버온
EV018857,인천미추홀 도화서희스타힐스 2,37.4719708,126.6636459,미추홀구,5,0,5,0,0,5,0.0,0.0,인천광역시 미추홀구 숙골로112번길 12 지하1층 주차장,주식회사 에버온
EV018960,인천부평 서해그랑블아파트 1,37.5179179,126.7472,부평구,2,0,2,0,0,2,0.0,0.0,인천광역시 부평구 영성동로18번길 20 지하주차장 B1 144번 기둥,주식회사 에버온
EV019008,인천남동 서창LH15단지2,37.4295431,126.7468101,남동구,5,0,5,0,0,5,0.0,0.0,인천 남동구 서창남로 109 1501동 전면 지상주차장,주식회사 에버온
EV019009,인천남동 서창LH15단지3,37.4295431,126.7468101,남동구,5,0,5,0,0,5,0.0,0.0,인천 남동구 서창남로 109 1504동 전면 지상주차장,주식회사 에버온
EV019039,인천서구 가정LH3단지아파트 1,37.532337,126.6645242,서구,3,0,3,0,0,3,0.0,0.0,인천광역시 서해구 봉오재3로 14 306동 후면 지상주차장,에버온
EV019040,인천서구 가정LH3단지아파트 2,37.532337,126.6645242,서구,3,0,3,0,0,3,0.0,0.0,인천광역시 서해구 봉오재3로 14 309동 후면 지상주차장,에버온
EV019041,인천서구 가정LH3단지아파트 3,37.532337,126.6645242,서구,4,0,4,0,0,4,0.0,0.0,인천광역시 서해구 봉오재3로 14 312동 전면 지상주차장,에버온
EV019042,인천서구 가정LH3단지아파트 4,37.532337,126.6645242,서구,3,0,3,0,0,3,0.0,0.0,인천광역시 서해구 봉오재3로 14 303동 주변 지하1층 E11 기둥,에버온
EV019043,인천서구 가정LH3단지아파트 5,37.532337,126.6645242,서구,3,0,3,0,0,3,0.0,0.0,인천광역시 서해구 봉오재3로 14 307동 주변 지하1층 C17 기둥,에버온
EV019044,인천서구 가정LH3단지아파트 6,37.532337,126.6645242,서구,3,0,3,0,0,3,0.0,0.0,인천광역시 서해구 봉오재3로 14 312동 주변 지하1층 B56 기둥,에버온
EV019144,인천남동 간석금호어울림아파트1,37.4600402,126.7066985,남동구,5,0,5,0,0,5,0.0,0.0,인천 남동구 석산로 138 제4지하주차장 [기둥20],에버온
EV019145,인천남동 간석금호어울림아파트2,37.4600402,126.7066985,남동구,5,0,5,0,0,5,0.0,0.0,인천 남동구 석산로 138 제5지하주차장 [기둥45],에버온
EV019146,인천남동 간석금호어울림아파트3,37.4600402,126.7066985,남동구,5,0,5,0,0,5,0.0,0.0,인천 남동구 석산로 138 제6지하주차장 [기둥32],에버온
EV019147,인천남동 간석금호어울림아파트4,37.4600402,126.7066985,남동구,5,0,5,0,0,5,0.0,0.0,인천 남동구 석산로 138 제2지하주차장 [기둥43],에버온
EV019156,인천남동 에코메트로한화12단지아파트 1,37.3978773,126.7337011,남동구,6,0,6,0,0,6,0.0,0.0,인천광역시 남동구 논고개로 10 1209동 B1F 03 기둥,주식회사 에버온
EV019157,인천남동 에코메트로한화12단지아파트 2,37.3978773,126.7337011,남동구,6,0,6,0,0,6,0.0,0.0,인천광역시 남동구 논고개로 10 1210동 B1F 003 기둥,주식회사 에버온
EV019158,인천남동 에코메트로한화12단지아파트 3,37.3978773,126.7337011,남동구,9,0,9,0,0,9,0.0,0.0,인천광역시 남동구 논고개로 10 1214동 B1F 004 기둥,주식회사 에버온
EV019159,인천남동 에코메트로한화12단지아파트 4,37.3978773,126.7337011,남동구,8,0,8,0,2,6,25.0,0.0,인천광역시 남동구 논고개로 10 1207동 B2F 038 기둥,주식회사 에버온
EV019160,인천남동 에코메트로한화12단지아파트 5,37.3978773,126.7337011,남동구,8,0,8,0,0,8,0.0,0.0,인천광역시 남동구 논고개로 10 1201동 B2F 002 기둥,주식회사 에버온
EV019164,인천연수 연수서해그랑블1단지 1,37.4091939,126.6658352,연수구,4,0,4,0,0,4,0.0,0.0,"인천 연수구 봉재산로 20 B1층 A05,06 기둥사이",에버온
EV019165,인천연수 연수서해그랑블1단지 2,37.4091939,126.6658352,연수구,3,0,3,0,0,3,0.0,0.0,"인천 연수구 봉재산로 20 B1층 A70,71 기둥사이",에버온
EV019166,인천연수 연수서해그랑블1단지 3,37.4091939,126.6658352,연수구,4,0,4,0,0,4,0.0,0.0,인천 연수구 봉재산로 20 B2층 C53기둥,에버온
EV019167,인천연수 연수서해그랑블1단지 4,37.4091939,126.6658352,연수구,4,0,4,0,0,4,0.0,0.0,"인천 연수구 봉재산로 20 B2층 139,140 기둥사이",에버온
EV019168,인천연수 연수서해그랑블1단지 5,37.4091939,126.6658352,연수구,3,0,3,0,0,3,0.0,0.0,"인천 연수구 봉재산로 20 B2층 177,178 기둥사이",에버온
EV019169,인천연수 연수서해그랑블1단지 6,37.4091939,126.6658352,연수구,3,0,3,0,0,3,0.0,0.0,인천 연수구 봉재산로 20 B2층 174 기둥,에버온
EV019170,인천연수 연수서해그랑블1단지 7,37.4091939,126.6658352,연수구,3,0,3,0,0,3,0.0,0.0,인천 연수구 봉재산로 20 B2층 C36 기둥,에버온
EV019171,인천연수 연수서해그랑블1단지 8,37.4091939,126.6658352,연수구,3,0,3,0,0,3,0.0,0.0,인천 연수구 봉재산로 20 B2층 C22 기둥,에버온
EV019183,인천남동 논현유승한내들 1,37.3845771,126.7179867,남동구,8,0,8,0,0,8,0.0,0.0,인천 남동구 에코중앙로66번길 6 커뮤니티센터 지하1층 35번,에버온
EV019195,인천계양 은행마을 아주아파트4,37.5368297,126.7432514,계양구,7,0,7,0,0,7,0.0,0.0,인천광역시 계양구 용종로 26 관리동 앞 지상주차장,주식회사 에버온
EV019241,인천서구 검단힐스테이트2차아파트 1,37.5996194,126.6633828,서구,5,0,5,0,0,5,0.0,0.0,인천광역시 검단구 완정로92번길 41 지하주차장 B1 B29 기둥,에버온
EV019298,인천계양 힐스테이트자이계양아파트 1,37.531112,126.718044,계양구,6,0,6,0,0,6,0.0,0.0,인천 계양구 봉오대로651번길 9 힐스테이트자이계양 지하 2층 104동,에버온
EV019299,인천계양 힐스테이트자이계양아파트 2,37.531112,126.718044,계양구,6,0,6,0,0,6,0.0,0.0,인천 계양구 봉오대로651번길 9 힐스테이트자이계양 지하 2층 104동,에버온
EV019300,인천계양 힐스테이트자이계양아파트 3,37.531112,126.718044,계양구,8,0,8,0,0,8,0.0,0.0,인천 계양구 봉오대로651번길 9 힐스테이트자이계양 지하 2층 104동,에버온
EV019301,인천계양 힐스테이트자이계양아파트 4,37.531112,126.718044,계양구,6,0,6,0,0,6,0.0,0.0,인천 계양구 봉오대로651번길 9 힐스테이트자이계양 지하2층 103동,에버온
EV019302,인천계양 힐스테이트자이계양아파트 5,37.531112,126.718044,계양구,6,0,6,0,0,6,0.0,0.0,인천 계양구 봉오대로651번길 9 힐스테이트자이계양 지하2층 103동,에버온
EV019303,인천계양 힐스테이트자이계양아파트 6,37.531112,126.718044,계양구,4,0,4,0,0,4,0.0,0.0,인천 계양구 봉오대로651번길 9 힐스테이트자이계양 P2 지하 2층 105동,에버온
EV019304,인천계양 힐스테이트자이계양아파트 7,37.531112,126.718044,계양구,8,0,8,0,0,8,0.0,0.0,인천 계양구 봉오대로651번길 9 힐스테이트자이계양 P2 지하 2층 105동,에버온
EV019305,인천계양 힐스테이트자이계양아파트 8,37.531112,126.718044,계양구,8,0,8,0,0,8,0.0,0.0,인천 계양구 봉오대로651번길 9 힐스테이트자이계양 P2 지하 2층 105동,에버온
EV019306,인천계양 힐스테이트자이계양아파트 9,37.531112,126.718044,계양구,3,0,3,0,0,3,0.0,0.0,인천 계양구 봉오대로651번길 9 힐스테이트자이계양 P4 지히 2층 113동,에버온
EV019307,인천계양 힐스테이트자이계양아파트 10,37.531112,126.718044,계양구,6,0,6,0,0,6,0.0,0.0,인천 계양구 봉오대로651번길 9 힐스테이트자이계양 P4 지히 2층 113동,에버온
EV019308,인천계양 힐스테이트자이계양아파트 11,37.531112,126.718044,계양구,8,0,8,0,0,8,0.0,0.0,인천 계양구 봉오대로651번길 9 힐스테이트자이계양 P3 지하 1층 110동,에버온
EV019402,인천서구 삼보해피하임1단지 1,37.6108457,126.6847202,서구,9,0,9,0,0,9,0.0,0.0,인천 검단구 검단로744번3길 7 관리동 옆 지상주차장,주식회사 에버온
EV019438,인천남동 광명14차아파트 1,37.4418411,126.7368045,남동구,3,0,3,0,0,3,0.0,0.0,"인천광역시 남동구 담방로21번길 24 (만수동, 광명아파트) 102동 지하1층 우측",에버온
EV019439,인천남동 광명14차아파트 2,37.4418411,126.7368045,남동구,3,0,3,0,0,3,0.0,0.0,"인천광역시 남동구 담방로21번길 24 (만수동, 광명아파트) 102동 지하1층 좌측",에버온
EV019531,인천계양 계양2차하우스토리아파트 2,37.5546269,126.7434969,계양구,5,0,5,0,0,5,0.0,0.0,인천 계양구 장제로995번길 18 202동 뒤 지하주차장 입구,에버온
EV019583,인천서 검단힐스테이트5차아파트 1,37.5913414,126.6692947,서구,6,0,6,0,0,6,0.0,0.0,인천광역시 검단구 청마로34번길 6 지하 주차장 B1 78기둥,에버온
EV019584,인천서 검단힐스테이트5차아파트 2,37.5913414,126.6692947,서구,3,0,3,0,0,3,0.0,0.0,인천광역시 검단구 청마로34번길 6 지하 주차장 B1 15기둥,에버온
EV019585,인천서 검단힐스테이트5차아파트 3,37.5913414,126.6692947,서구,4,0,4,0,0,4,0.0,0.0,인천광역시 검단구 청마로34번길 6 지하 주차장 B1 23기둥 좌측,에버온
EV019586,인천서 검단힐스테이트5차아파트 4,37.5913414,126.6692947,서구,3,0,3,0,0,3,0.0,0.0,인천광역시 검단구 청마로34번길 6 지하 주차장 B1 23 기둥 우측,에버온
EV019704,인천서구 마전금호아파트 1,37.6147019,126.658615,서구,3,0,3,0,0,3,0.0,0.0,"인천광역시 검단구 가현로 33 903동 3,4라인 앞 지상주차장",주식회사 에버온
EV019867,인천부평 산곡5차현대아파트 1,37.5050835,126.709377,부평구,5,0,5,0,0,5,0.0,0.0,인천 부평구 안남로 260 502동 지상주차장,에버온
EV019868,인천부평 산곡5차현대아파트 2,37.5052241,126.7107082,부평구,5,0,5,0,0,5,0.0,0.0,인천 부평구 안남로 260 504동 지상주차장,에버온
EV019869,인천부평 산곡5차현대아파트 3,37.5066183,126.7115907,부평구,5,0,5,0,0,5,0.0,0.0,인천 부평구 안남로 260 505동 지상주차장,에버온
EV019870,인천부평 산곡5차현대아파트 4,37.5048776,126.7117953,부평구,5,0,5,0,0,5,0.0,0.0,인천 부평구 안남로 260 507동 지상주차장,에버온
EV019871,인천부평 산곡5차현대아파트 5,37.5056207,126.7126237,부평구,5,0,5,0,0,5,0.0,0.0,인천 부평구 안남로 260 509동 지상주차장,에버온
EV019897,인천연수 송도해모로아파트 1,37.3890326,126.6587442,연수구,3,0,3,0,0,3,0.0,0.0,인천광역시 연수구 해돋이로 6번길 33 109동 1-2라인 지상주차장,주식회사 에버온
EV019898,인천연수 송도해모로아파트 2,37.3890326,126.6587442,연수구,6,0,6,0,0,6,0.0,0.0,인천광역시 연수구 해돋이로 6번길 33 110동 1-2라인 지상주차장,주식회사 에버온
EV019899,인천연수 송도해모로아파트 3,37.3890326,126.6587442,연수구,3,0,3,0,0,3,0.0,0.0,인천광역시 연수구 해돋이로 6번길 33 111동 1-2라인 앞 지상주차장,주식회사 에버온
EV019900,인천연수 송도해모로아파트 4,37.3890326,126.6587442,연수구,5,0,5,0,0,5,0.0,0.0,인천광역시 연수구 해돋이로 6번길 33 112동 뒷편 지상주차장,주식회사 에버온
EV019901,인천연수 송도해모로아파트 5,37.3890326,126.6587442,연수구,2,0,2,0,0,2,0.0,0.0,인천광역시 연수구 해돋이로 6번길 33 112동 뒷편 중앙주차장,주식회사 에버온
EV019902,인천연수 송도해모로아파트 6,37.3890326,126.6587442,연수구,2,0,2,0,0,2,0.0,0.0,인천광역시 연수구 해돋이로 6번길 33 101동 뒷편 지상주차장,주식회사 에버온
EV019905,인천서구 검단2차아이파크 1,37.5986279,126.6662633,서구,6,0,6,0,0,6,0.0,0.0,인천광역시 검단구 검단로540번길 59 지하1층주차장 202동 뒷편,주식회사 에버온
EV019906,인천서구 검단2차아이파크 2,37.598753,126.6659117,서구,3,0,3,0,0,3,0.0,0.0,인천광역시 검단구 검단로540번길 59 지하1층주차장 202동 뒷편,주식회사 에버온
EV019969,인천서구 드림파크어울림2단지 1,37.5963381,126.6418615,서구,2,0,2,0,0,2,0.0,0.0,인천광역시 검단구 오동로 40 지하1층주차장 B3 램프 앞,에버온
EV019972,인천부평 SK VIEW 해모로 아파트 1,37.4920223,126.7336911,부평구,6,0,6,0,0,6,0.0,0.0,인천 부평구 동수천로 71 지하 1층 106동 옆 기둥 29기둥,주식회사 에버온
EV019973,인천부평 SK VIEW 해모로 아파트 2,37.4920223,126.7336911,부평구,2,0,2,0,0,2,0.0,0.0,인천 부평구 동수천로 71 지하 1층 106동 옆 기둥 27기둥,주식회사 에버온
EV019974,인천부평 SK VIEW 해모로 아파트 3,37.4920223,126.7336911,부평구,3,0,3,0,0,3,0.0,0.0,인천 부평구 동수천로 71 지하 2층 110동 기둥37 앞,주식회사 에버온
EV019975,인천부평 SK VIEW 해모로 아파트 4,37.4920223,126.7336911,부평구,5,0,5,0,0,5,0.0,0.0,인천 부평구 동수천로 71 지하 2층 108동 앞 기둥13,주식회사 에버온
EV019976,인천부평 SK VIEW 해모로 아파트 5,37.4920223,126.7336911,부평구,5,0,5,0,0,5,0.0,0.0,인천 부평구 동수천로 71 지하 2층 106동 앞 기둥29,주식회사 에버온
EV019977,인천부평 SK VIEW 해모로 아파트 6,37.4920223,126.7336911,부평구,3,0,3,0,0,3,0.0,0.0,"인천 부평구 동수천로 71 지하 2층 107동 앞 기둥7,11",주식회사 에버온
EV019978,인천부평 SK VIEW 해모로 아파트 7,37.4920223,126.7336911,부평구,4,0,4,0,0,4,0.0,0.0,인천 부평구 동수천로 71 지하 2층 116동 앞 기둥48,주식회사 에버온
EV020171,인천연수 더샵송도센트럴파크3차 5(급속),37.3896207,126.638324,연수구,1,1,0,0,0,1,0.0,100.0,인천광역시 연수구 인천타워대로180번길 11 C34 기둥 지하주차장,에버온
EV020242,인천부평 주공뜨란채아파트 1,37.4788858,126.7026527,부평구,5,0,5,0,0,5,0.0,0.0,인천 부평구 이규보로 79 103동 앞 지상주차장,주식회사 에버온
EV020243,인천부평 주공뜨란채아파트 2,37.4788022,126.7016553,부평구,4,0,4,0,0,4,0.0,0.0,인천 부평구 이규보로 79 106동 앞 지상주차장,주식회사 에버온
EV020244,인천부평 주공뜨란채아파트 3,37.4802322,126.7024156,부평구,6,0,6,0,0,6,0.0,0.0,인천 부평구 이규보로 79 110동 앞 지상주차장,주식회사 에버온
EV020245,인천부평 주공뜨란채아파트 4,37.4796965,126.7024676,부평구,5,0,5,0,0,5,0.0,0.0,인천 부평구 이규보로 79 112동 앞 지상주차장,주식회사 에버온
EV020288,인천미추홀 더샵인천스카이타워2단지 1,37.4694746,126.6632619,미추홀구,5,0,5,0,0,5,0.0,0.0,인천 미추홀구 숙골로87번길 5 지하2층 G03기둥,주식회사 에버온
EV020289,인천미추홀 더샵인천스카이타워2단지 2,37.4694746,126.6632619,미추홀구,5,0,5,0,0,5,0.0,0.0,인천 미추홀구 숙골로87번길 5 지하2층 201동 옆,주식회사 에버온
EV020324,인천남동 힐스테이트롯데캐슬골드1단지 4,37.4541514,126.7119646,남동구,15,0,15,0,0,15,0.0,0.0,인천 남동구 구월로 192 1100분기 지상주차장-1,에버온
EV020325,인천남동 힐스테이트롯데캐슬골드1단지 5,37.4539587,126.712375,남동구,15,0,15,0,0,15,0.0,0.0,인천 남동구 구월로 192 1100분기 지상주차장-2,에버온
EV020326,인천남동 힐스테이트롯데캐슬골드1단지 6,37.453873,126.7123302,남동구,15,0,15,0,0,15,0.0,0.0,인천 남동구 구월로 192 1100분기 지상주차장-3,에버온
EV020327,인천남동 힐스테이트롯데캐슬골드1단지 7,37.4541689,126.7117357,남동구,15,0,15,0,0,15,0.0,0.0,인천 남동구 구월로 192 1100분기 지상주차장-4,에버온
EV020460,인천미추홀 학익풍림아이원 1,37.4411105,126.6586363,미추홀구,4,0,4,0,0,4,0.0,0.0,인천광역시 미추홀구 매소홀로 340 105동 앞 지상주차장,주식회사 에버온
EV020461,인천미추홀 학익풍림아이원 2,37.4411105,126.6586363,미추홀구,6,0,6,0,0,6,0.0,0.0,인천광역시 미추홀구 매소홀로 340 106동 앞 지상주차장,주식회사 에버온
EV020462,인천미추홀 학익풍림아이원 3,37.4411105,126.6586363,미추홀구,6,0,6,0,0,6,0.0,0.0,인천광역시 미추홀구 매소홀로 340 108동 앞 지상주차장,주식회사 에버온
EV020463,인천미추홀 학익풍림아이원 4,37.4411105,126.6586363,미추홀구,3,0,3,0,0,3,0.0,0.0,인천광역시 미추홀구 매소홀로 340 110동 앞 지상주차장,주식회사 에버온
EV020464,인천미추홀 학익풍림아이원 5,37.4411105,126.6586363,미추홀구,6,0,6,0,0,6,0.0,0.0,인천광역시 미추홀구 매소홀로 340 111동 앞 지상주차장,주식회사 에버온
EV020465,인천미추홀 학익풍림아이원 6,37.4411105,126.6586363,미추홀구,6,0,6,0,0,6,0.0,0.0,인천광역시 미추홀구 매소홀로 340 114동 앞 지상주차장,주식회사 에버온
EV020466,인천미추홀 학익풍림아이원 7,37.4411105,126.6586363,미추홀구,6,0,6,0,0,6,0.0,0.0,인천광역시 미추홀구 매소홀로 340 120동 앞 지상주차장,주식회사 에버온
EV020467,인천미추홀 학익풍림아이원 8,37.4411105,126.6586363,미추홀구,6,0,6,0,0,6,0.0,0.0,인천광역시 미추홀구 매소홀로 340 121동 앞 지상주차장,주식회사 에버온
EV020468,인천미추홀 학익풍림아이원 9,37.4411105,126.6586363,미추홀구,5,0,5,0,0,5,0.0,0.0,인천광역시 미추홀구 매소홀로 340 125동 앞 지상주차장,주식회사 에버온
EV020505,인천남동 만수주공7단지아파트 1,37.4489543,126.7398958,남동구,7,0,7,0,0,7,0.0,0.0,인천 남동구 담방로 105 703동 측면 지상주차장,에버온
EV020506,인천남동 서창LH1단지 6,37.4307331,126.7438399,남동구,3,0,3,0,0,3,0.0,0.0,인천 남동구 서창남순환로 124-14 102동 후면 지상주차장,에버온
EV020507,인천남동 서창LH1단지 7,37.4313648,126.7432558,남동구,3,0,3,0,0,3,0.0,0.0,인천 남동구 서창남순환로 124-14 103동 전면 지상주차장,에버온
EV020508,인천남동 서창LH1단지 8,37.4318407,126.7424831,남동구,3,0,3,0,0,3,0.0,0.0,인천 남동구 서창남순환로 124-14 104동 전면 지상주차장,에버온
EV020509,인천남동 서창LH1단지 9,37.4315512,126.7419276,남동구,6,0,6,0,0,6,0.0,0.0,인천 남동구 서창남순환로 124-14 104동 후면 지상주차장,에버온
EV020510,인천남동 서창LH1단지 10,37.430424,126.7404938,남동구,6,0,6,0,0,6,0.0,0.0,인천 남동구 서창남순환로 124-14 107동 후면 지상주차장,에버온
EV020511,인천남동 서창LH1단지 11,37.4300129,126.7399698,남동구,6,0,6,0,0,6,0.0,0.0,인천 남동구 서창남순환로 124-14 108동 후면 지상주차장,에버온
EV020512,인천남동 서창LH1단지 12,37.4300817,126.7436246,남동구,3,0,3,0,0,3,0.0,0.0,인천 남동구 서창남순환로 124-14 116동 전면 지상주차장,에버온
EV020514,인천중구 영종LH2단지아파트 2,37.4889952,126.5024888,중구,6,0,6,0,0,6,0.0,0.0,인천광역시 영종구 영종대로252번길 12 203동 측면 지상주차장,에버온
EV020515,인천중구 영종LH2단지아파트 3,37.4888311,126.5025577,중구,8,0,8,0,0,8,0.0,0.0,인천광역시 영종구 영종대로252번길 12 203동 측면 지상주차장,에버온
EV020520,인천중구 솔리움센텀스카이 1,37.4930661,126.4970729,중구,8,0,8,0,0,8,0.0,0.0,인천광역시 영종구 영종대로 166 지하1층 출입구쪽 01~05기둥,주식회사 에버온
EV020613,인천미추홀 학익태산아파트 1,37.4385362,126.6592127,미추홀구,7,0,7,0,0,7,0.0,0.0,인천광역시 미추홀구 한나루로357번길 63-19 2동 앞 지상주차장,주식회사 에버온
EV020796,인천서구 신검단중앙역풍경채어바니티 1,37.6059016,126.7009077,서구,6,0,6,0,0,6,0.0,0.0,인천광역시 검단구 금정로 12 지하1층 4011동 앞,주식회사 에버온
EV020797,인천서구 신검단중앙역풍경채어바니티 2,37.6064266,126.7018683,서구,6,0,6,0,0,6,0.0,0.0,인천광역시 검단구 금정로 12 지하1층 4008동 앞,주식회사 에버온
EV020798,인천서구 신검단중앙역풍경채어바니티 3,37.6056263,126.7024943,서구,6,0,6,0,0,6,0.0,0.0,인천광역시 검단구 금정로 12 지하1층 4007동 측면,주식회사 에버온
EV020799,인천서구 신검단중앙역풍경채어바니티 4,37.6056655,126.7001726,서구,5,0,5,0,0,5,0.0,0.0,인천광역시 검단구 금정로 12 지하1층 4012동 앞,주식회사 에버온
EV020800,인천서구 신검단중앙역풍경채어바니티 5,37.6052024,126.7023261,서구,3,0,3,0,0,3,0.0,0.0,인천광역시 검단구 금정로 12 지하1층 4006동 앞,주식회사 에버온
EV020801,인천서구 신검단중앙역풍경채어바니티 6,37.6044346,126.7015252,서구,6,0,6,0,0,6,0.0,0.0,인천광역시 검단구 금정로 12 지하1층 4004동 앞,주식회사 에버온
EV020802,인천서구 신검단중앙역풍경채어바니티 7,37.6044149,126.7008571,서구,6,0,6,0,0,6,0.0,0.0,인천광역시 검단구 금정로 12 지하1층 4003동 앞,주식회사 에버온
EV020803,인천서구 신검단중앙역풍경채어바니티 8,37.6064627,126.7019021,서구,6,0,6,0,0,6,0.0,0.0,인천광역시 검단구 금정로 12 지하2층 4008동 앞,주식회사 에버온
EV020804,인천서구 신검단중앙역풍경채어바니티 9,37.6055392,126.7001165,서구,6,0,6,0,0,6,0.0,0.0,인천광역시 검단구 금정로 12 지하2층 4012동 앞,주식회사 에버온
EV020805,인천서구 신검단중앙역풍경채어바니티 10,37.6058675,126.701678,서구,6,0,6,0,0,6,0.0,0.0,인천광역시 검단구 금정로 12 지하2층 4009동 앞,주식회사 에버온
EV020806,인천서구 신검단중앙역풍경채어바니티 11,37.6051727,126.7012731,서구,6,0,6,0,0,6,0.0,0.0,인천광역시 검단구 금정로 12 지하2층 4010동 앞,주식회사 에버온
EV020807,인천서구 신검단중앙역풍경채어바니티 12,37.6044075,126.7015139,서구,6,0,6,0,0,6,0.0,0.0,인천광역시 검단구 금정로 12 지하2층 4004동 앞,주식회사 에버온
EV020808,인천서구 신검단중앙역풍경채어바니티 13,37.6043698,126.7008686,서구,6,0,6,0,0,6,0.0,0.0,인천광역시 검단구 금정로 12 지하2층 4003동 앞,주식회사 에버온
EV020809,인천서구 신검단중앙역풍경채어바니티 14,37.6057754,126.7008856,서구,6,0,6,0,0,6,0.0,0.0,인천광역시 검단구 금정로 12 지하3층 4011동 앞,주식회사 에버온
EV020810,인천서구 신검단중앙역풍경채어바니티 15,37.6049532,126.6999829,서구,6,0,6,0,0,6,0.0,0.0,인천광역시 검단구 금정로 12 지하3층 4014동  앞 지하3층4014동 앞,주식회사 에버온
EV020811,인천서구 신검단중앙역풍경채어바니티 16,37.6055755,126.7002069,서구,4,0,4,0,0,4,0.0,0.0,인천광역시 검단구 금정로 12 지하3층 4012동 앞,주식회사 에버온
EV020812,인천서구 신검단중앙역풍경채어바니티 17,37.6050289,126.7014095,서구,5,0,5,0,0,5,0.0,0.0,인천광역시 검단구 금정로 12 지하3층 4010동 앞,주식회사 에버온
EV020813,인천서구 신검단중앙역풍경채어바니티 18,37.6043316,126.6999967,서구,6,0,6,0,0,6,0.0,0.0,인천광역시 검단구 금정로 12 지하3층 4002동 앞,주식회사 에버온
EV020814,인천서구 신검단중앙역풍경채어바니티 19,37.6043788,126.7008685,서구,6,0,6,0,0,6,0.0,0.0,인천광역시 검단구 금정로 12 지하3층 4003동 앞,주식회사 에버온
EV020815,인천남동 인천소래휴먼시아1단지아파트 1,37.3972493,126.722927,남동구,16,0,16,0,0,16,0.0,0.0,인천 남동구 앵고개로815번길 70 B2 주차장 02 기둥,에버온
EV020965,인천연수 더샵송도아크베이아파트 1,37.3992289,126.6287273,연수구,5,0,5,0,0,5,0.0,0.0,인천 연수구 워터프런트로 150 아파트 B3 M18 기둥,주식회사 에버온
EV020967,인천연수 더샵송도아크베이아파트 3,37.3992289,126.6287273,연수구,4,0,4,0,0,4,0.0,0.0,인천 연수구 워터프런트로 150 지하 1층 O24기둥,주식회사 에버온
EV020968,인천연수 더샵송도아크베이아파트 4,37.3992289,126.6287273,연수구,2,0,2,0,0,2,0.0,0.0,인천 연수구 워터프런트로 150 지하 1층 K14기둥,주식회사 에버온
EV020969,인천연수 더샵송도아크베이아파트 5,37.3992289,126.6287273,연수구,6,0,6,0,0,6,0.0,0.0,인천 연수구 워터프런트로 150 지하 1층 K14기둥,주식회사 에버온
EZ000246,포시즌,37.688647,126.3898723,강화군,1,0,1,0,1,0,100.0,0.0,인천광역시 영종구 을왕로40번길 10 옥외 주차면,(주)차지인
EZ000268,호반써밋1차아파트입주자대표회의,37.59628,126.708134,서구,19,0,19,0,0,19,0.0,0.0,"인천광역시 검단구 이음5로 15 주차장 쪽 B1주차장,B2주차장 A구역,B2주차장 B구역,",차지인
EZ000505,옛날에금잔디,37.7161209,126.3892378,강화군,1,0,1,0,1,0,100.0,0.0,인천광역시 강화군 내가면 강화서로225번길 18-1 농업전기 간이 전주 부근,(주)차지인
EZ000506,토가,37.6085187,126.4175499,강화군,1,0,1,0,1,0,100.0,0.0,인천광역시 강화군 화도면 해안남로 1912 화장실 부근,(주)차지인
EZ000507,행복한소풍캠핑장,37.6389876,126.4008375,강화군,1,0,1,0,1,0,100.0,0.0,인천광역시 강화군 화도면 마니산로 902-15 주차장 입구 부근,(주)차지인
EZ000834,(주)진솔인더스트리,37.5185932,126.6306846,서구,2,0,2,0,2,0,100.0,0.0,인천광역시 서해구 첨단기술로 67 (주)진솔인더스트리 노상주차장,(주)차지인
EZ000849,소래몰상가,37.4000798,126.7333597,남동구,4,0,4,0,4,0,100.0,0.0,인천광역시 남동구 소래역남로16번길 75 더타워상가(소래몰) 101동B1,(주)차지인
EZ000854,에코메트로 더타워 오피스텔 (A구역),37.3998875,126.7325785,남동구,3,0,3,0,3,0,100.0,0.0,인천광역시 남동구 소래역남로 40 에코메트로 3차 더타워 오피스텔 101동B2(A구역),(주)차지인
EZ000855,에코메트로 더타워 오피스텔 (B구역),37.3998875,126.7325785,남동구,3,0,3,0,3,0,100.0,0.0,인천광역시 남동구 소래역남로 40 에코메트로 3차 더타워 오피스텔 101동B2(C구역),(주)차지인
EZ000856,에코메트로 더타워 오피스텔 (C-1구역),37.3998875,126.7325785,남동구,2,0,2,0,2,0,100.0,0.0,인천광역시 남동구 소래역남로 40 에코메트로 3차 더타워 오피스텔 101동B2(C-1구역),(주)차지인
EZ001033,펜션썸,37.6021158,126.3993219,강화군,1,0,1,0,1,0,100.0,0.0,인천광역시 강화군 화도면 해안남로 2131 전주 부근,(주)차지인
EZ001034,한울다솜,37.7694196,126.3583946,강화군,1,0,1,0,1,0,100.0,0.0,인천광역시 강화군 하점면 창후로288번길 13 입구 부근,(주)차지인
EZ001777,윈크린,37.5896381,126.6444673,서구,2,0,2,0,2,0,100.0,0.0,인천광역시 검단구 검단로326번길 35-47 입구 우측 주차면,(주)차지인
EZ001837,별장펜션,37.7039442,126.3752456,강화군,1,0,1,0,1,0,100.0,0.0,인천광역시 강화군 내가면 해안서로918번길 9-21 주차장,(주)차지인
EZ001845,강화모또모바베큐하우스,37.7953477,126.4003369,강화군,1,0,1,0,1,0,100.0,0.0,인천광역시 강화군 양사면 전망대로1400번길 37-5 주차장,(주)차지인
EZ002044,은행골드빌3차,37.5794315,126.6621758,서구,1,0,1,0,1,0,100.0,0.0,인천광역시 검단구 한서로 4 주차장,(주)차지인
EZ002045,인천시 수퍼마켓협동조합,37.5794315,126.6621758,서구,1,0,1,0,1,0,100.0,0.0,인천광역시 검단구 한서로 4 주차장,(주)차지인
EZ002133,㈜럭키마트,37.5629409,126.6740217,서구,1,0,1,0,1,0,100.0,0.0,인천광역시 서해구 승학로506번안길 39 주차장,(주)차지인
EZ002301,포도나무펜션,37.6193626,126.4615538,강화군,1,0,1,0,1,0,100.0,0.0,인천광역시 강화군 화도면 해안남로1066번길 10 주차장,(주)차지인
EZ100050,광해리드빌,37.4654545,126.6454031,미추홀구,3,0,3,0,3,0,100.0,0.0,인천광역시 미추홀구 미추로 61 B3주차장,(주)차지인
EZ100056,인청신광2차아파트,37.5108651,126.6636131,서구,3,0,3,0,3,0,100.0,0.0,인천광역시 서해구 율도로16번길 28 B1주차장,(주)차지인
EZ100064,마전하나아파트,37.6076654,126.6733954,서구,2,0,2,0,2,0,100.0,0.0,인천광역시 검단구 검단로 622,(주)차지인
EZ100718,(주)환덕전자,37.4927367,126.6535435,서구,1,0,1,0,1,0,100.0,0.0,인천광역시 서해구 보도진로54번길 18 주차장,차지인
EZ100730,인천시수퍼마켓협동조합,37.5794315,126.6621758,서구,2,2,0,0,2,0,100.0,100.0,인천광역시 검단구 한서로 4 주차장,(주)차지인
EZ200010,논현두손지젤타워/㈜메카,37.401162,126.7085164,남동구,2,0,2,0,2,0,100.0,0.0,인천광역시 남동구 호구포로 201 지하2층,(주)차지인
EZ200209,검단E-편한세상아파트 입주자대표회의(119동),37.6001104,126.6557803,서구,1,0,1,0,0,1,0.0,0.0,인천광역시 검단구 검단로 446,(주)차지인
EZ200210,검단E-편한세상아파트 입주자대표회의(113동),37.599698671,126.65484335,서구,1,0,1,0,0,1,0.0,0.0,인천광역시 검단구 검단로 446,(주)차지인
EZ200211,검단E-편한세상아파트 입주자대표회의(109동),37.60046295,126.65640257,서구,1,0,1,0,0,1,0.0,0.0,인천광역시 검단구 검단로 446,(주)차지인
EZ200212,검단E-편한세상아파트 입주자대표회의(108동),37.60003124,126.65504472,서구,1,0,1,0,0,1,0.0,0.0,인천광역시 검단구 검단로 446,(주)차지인
EZ200213,검단E-편한세상아파트 입주자대표회의(105동),37.600565259,126.65596605,서구,1,0,1,0,0,1,0.0,0.0,인천광역시 검단구 검단로 446,(주)차지인
EZ200229,계양센트레빌1단지 입주자대표회의,37.5681309,126.7510951,계양구,3,0,3,0,3,0,100.0,0.0,인천광역시 계양구 형제봉길 100,(주)차지인
EZ200237,송도더샵퍼스트파크14단지아파트 입주자대표회의,37.3874042,126.6337343,연수구,2,0,2,0,2,0,100.0,0.0,인천광역시 연수구 컨벤시아대로252번길 50,(주)차지인
EZ200246,주안드림시티 입주자대표회의,37.4656942,126.6778077,미추홀구,3,0,3,0,3,0,100.0,0.0,인천광역시 미추홀구 염창로 38,(주)차지인
EZ200258,솔빛마을주공1차아파트,37.4786233,126.6368038,동구,5,0,5,0,5,0,100.0,0.0,인천광역시 제물포구 송현로 50,(주)차지인
EZ200262,주안제이타워2차 관리위원회,37.4744015,126.677486,미추홀구,5,0,5,0,5,0,100.0,0.0,인천광역시 미추홀구 방축로 312,(주)차지인
EZ200265,JK루체스타/㈜원중기업,37.4152599,126.7048395,남동구,4,0,4,0,4,0,100.0,0.0,인천광역시 남동구 남동대로 353,(주)차지인
EZ200283,논현두손지젤타워/㈜메카,37.4013112,126.7081999,남동구,3,0,3,0,3,0,100.0,0.0,인천광역시 남동구 호구포로 201,(주)차지인
EZ210018,계양센트레빌1단지 입주자대표회의 (콘센트),37.566885,126.750165,계양구,8,0,8,0,8,0,100.0,0.0,인천광역시 계양구 형제봉길 100,(주)차지인
EZ210041,만석비치타운주공아파트 입주자대표회의,37.4851371,126.6211773,동구,20,0,20,0,20,0,100.0,0.0,인천광역시 제물포구 화도진로 187,(주)차지인
EZ300076,기업은행 남동사랑점 (공용),37.3977635,126.6890232,남동구,1,0,1,0,1,0,100.0,0.0,인천광역시 남동구 앵고개로 448,(주)차지인
EZ600122,계양센트레빌2단지,37.566555,126.7499847,계양구,21,0,21,0,21,0,100.0,0.0,인천광역시 계양구 형제봉길 50,(주)차지인
GO000058,후이즈스마트타워,37.40004,126.7072,남동구,6,2,4,0,6,0,100.0,33.33,인천광역시 남동구 호구포로 183 후이즈스마트타워,유한회사 골드에너지
GR000064,SK바이오사이언스,37.3778185,126.6605902,연수구,30,0,30,0,4,26,13.33,0.0,인천광역시 연수구 연구단지로 38 주차장,그리드위즈
GS000027,동양7주유소,37.484791,126.745524,부평구,2,2,0,0,2,0,100.0,100.0,인천광역시 부평구 경인로 1130 주유소 안쪽 후면,GS칼텍스
GS000067,오일캠프주유소,37.447646608,126.62659,중구,2,2,0,0,2,0,100.0,100.0,인천광역시 제물포구 축항대로 282 오일캠프주유소,GS칼텍스
GS000078,계산신도시주유소,37.530946,126.754188,계양구,4,4,0,0,4,0,100.0,100.0,인천광역시 계양구 봉오대로 942 계산신도시주유소,GS칼텍스
GS000094,청능대로주유소,37.399699,126.7196382,남동구,2,2,0,0,2,0,100.0,100.0,인천광역시 남동구 청능대로 542 GS칼텍스 청능대로주유소,GS칼텍스
GS000098,논현신도시주유소,37.399289,126.711266,남동구,4,4,0,0,4,0,100.0,100.0,인천광역시 남동구 청능대로 469,GS칼텍스
GS000102,부평충전소,37.5183933,126.7097802,부평구,2,2,0,0,2,0,100.0,100.0,인천광역시 부평구 안남로 399 GS칼텍스 부평LPG충전소,GS칼텍스
GS000123,광역만석주유소,37.4874435,126.622243,동구,2,2,0,0,2,0,100.0,100.0,인천광역시 제물포구 인중로 441 GS칼텍스 광역만석주유소,GS칼텍스
GS000176,대성 인천주유소,37.498145,126.675251,서구,2,2,0,0,2,0,100.0,100.0,인천광역시 서해구 가남로 181 대성 인천주유소,GS칼텍스
GS000511,무진에너지 스카이주유소,37.4435529,126.4302608,중구,2,2,0,0,2,0,100.0,100.0,인천광역시 영종구 공항서로 187 스카이주유소,GS칼텍스
GS000527,보문북항IC주유소,37.507531,126.64117,서구,2,2,0,0,2,0,100.0,100.0,인천광역시 서해구 원석로 133 보문북항IC주유소,GS칼텍스
HD000015,송도 현대프리미엄아울렛 E-pit,37.3831247,126.658741,연수구,6,6,0,0,6,0,100.0,100.0,인천광역시 연수구 송도국제대로 123 현대프리미엄 아울렛 송도점 지상 1층 주차장,현대자동차
HD000022,인천 운서역 E-pit,37.4942113,126.493829,중구,6,6,0,0,6,0,100.0,100.0,인천광역시 영종구 흰바위로59번길 32 공영주차장 운서역 공영주차장 1F,현대자동차
HD000041,기아 인천플래그십스토어 E-pit,37.4606463,126.674945,미추홀구,2,2,0,0,2,0,100.0,100.0,인천광역시 미추홀구 경인로 309 기아 인천플래그십스토어 인천플래그십스토어 입구 진입 후 좌측 주차장,현대자동차
HD000073,옹진군청 E-pit,37.4465705,126.6367454,미추홀구,4,4,0,0,4,0,100.0,100.0,인천광역시 미추홀구 매소홀로 120,현대자동차
HD000084,을왕리 해수욕장 E-pit,37.44475944,126.3760481,중구,2,2,0,0,2,0,100.0,100.0,인천광역시 영종구 용유서로 297-3 을왕리공영주차장,현대자동차
HE000073,인하대학교 법학전문대학원,37.448028,126.652444,미추홀구,2,0,2,0,2,0,100.0,0.0,인천광역시 남구 인하로100,한국전기차충전서비스
HE000232,인천교통공사 오류주박기지,37.5984807,126.6208828,서구,1,0,1,0,0,1,0.0,0.0,"인천광역시 검단구 검단로 151 (오류동, 오류주박기지)",한국전기차충전서비스
HE000251,인천경제산업정보테크노파크,37.3817,126.6544,연수구,1,0,1,0,1,0,100.0,0.0,"인천광역시 연수구 갯벌로 12 (송도동, 미추홀타워 별관A동) 지하2층 B18 기둥",한국전기차충전서비스
HE000275,인천대공원사업소,37.4577,126.7499,남동구,2,0,2,0,2,0,100.0,0.0,인천광역시 남동구 무네미로 236,한국전기차충전서비스
HE000582,인천대공원사업소 정문,37.459216,126.750769,남동구,1,0,1,0,1,0,100.0,0.0,"인천광역시 남동구 무네미로 238 (장수동, 인천대공원)",한국전기차충전서비스
HE000653,롯데마트 삼산점,37.507978,126.73177,부평구,1,1,0,0,1,0,100.0,100.0,인천광역시 부평구 길주로 623,한국전기차충전서비스
HE000751,인천교통공사 귤현차량사업소,37.566112,126.744453,계양구,1,0,1,0,1,0,100.0,0.0,인천광역시 계양구 만봉길 65 지상주차장,한국전기차충전서비스
HE000822,LH 소래휴먼시아3단지아파트,37.398617,126.723664,남동구,3,0,3,0,0,3,0.0,0.0,인천광역시 남동구 앵고개로815번길 22 318동 P5 주차장 01번 기둥,한국전기차충전서비스
HE000989,송도 트리플스트리트,37.379029,126.662332,연수구,4,2,2,0,4,0,100.0,50.0,인천광역시 연수구 송도과학로16번길 33-3 D동 지하2층 주차장,한국전기차충전서비스
HE001023,기아자동차 인천서비스센터,37.460096,126.675223,미추홀구,6,6,0,0,0,6,0.0,100.0,인천광역시 미추홀구 경인로 309 지상주차장,한국전기차충전서비스
HE001038,주안1동 제1노외주차장,37.464374,126.677266,미추홀구,1,1,0,0,1,0,100.0,100.0,인천광역시 미추홀구 주안로 69 지상주차장,한국전기차충전서비스
HE001116,인천공항 T1 장기주차장(동측),37.446199,126.453888,중구,2,2,0,0,2,0,100.0,100.0,인천광역시 영종구 공항로 271 동측주차타워 인근,한국전기차충전서비스
HE001117,인천공항 T1 장기주차장(서측),37.445931,126.453416,중구,2,2,0,0,2,0,100.0,100.0,인천광역시 영종구 공항로 271 서측주차타워 인근,한국전기차충전서비스
HE001120,인천공항 화물터미널 주차장(남측),37.463893,126.47116,중구,4,4,0,0,4,0,100.0,100.0,인천광역시 영종구 공항동로193번길 70 남측주차장,한국전기차충전서비스
HE001121,인천공항 화물터미널 주차장(북측),37.471163,126.465396,중구,4,4,0,0,4,0,100.0,100.0,인천광역시 영종구 공항동로295번길 77-11 북측주차장,한국전기차충전서비스
HE001122,인천공항 청사 동관,37.442217,126.461519,중구,4,4,0,0,4,0,100.0,100.0,인천광역시 영종구 운서동 2851-100 인천국제공항공사 동관주차장,한국전기차충전서비스
HE001128,인천공항 주변전소A,37.441066,126.461846,중구,1,1,0,0,0,1,0.0,100.0,인천광역시 영종구 공항동로3길 72 주변전소 A,한국전기차충전서비스
HE001129,인천공항 동력동C,37.441066,126.461846,중구,1,1,0,0,0,1,0.0,100.0,인천광역시 영종구 용유로 557 을왕동 인재개발원,한국전기차충전서비스
HE001130,인천공항 ICT센터,37.441066,126.461846,중구,1,1,0,0,0,1,0.0,100.0,인천광역시 영종구 공항연결로 990 운서동 ICT센터 주차장,한국전기차충전서비스
HE001133,코스트코 송도국제도시점,37.3897,126.6332,연수구,17,4,13,0,17,0,100.0,23.53,인천광역시 연수구 컨벤시아대로230번길 60 지상 4층,한국전기차충전서비스
HE001146,인천공항 행사용 주차장(서측),37.44649,126.44858316,중구,2,2,0,0,0,2,0.0,100.0,인천광역시 영종구 공항로 187 행사용 주차장(서측),한국전기차충전서비스
HE192208,한국생산기술연구원,37.383839,126.65005,연수구,1,0,1,0,1,0,100.0,0.0,인천광역시 연수구 갯벌로 156,한국전기차충전서비스
HE192321,논현주공1단지아파트,37.409869,126.714185,남동구,5,0,5,0,0,5,0.0,0.0,인천광역시 남동구 호구포로 294,한국전기차충전서비스
HE192502,만수현대아파트,37.442469,126.741084,남동구,8,0,8,0,0,8,0.0,0.0,인천광역시 남동구 장승남로 82,한국전기차충전서비스
HE192504,광해리드빌아파트,37.465234,126.645303,미추홀구,2,0,2,0,0,2,0.0,0.0,인천광역시 미추홀구 미추로 61,한국전기차충전서비스
HE192505,경남1차아파트,37.50292,126.710089,부평구,3,0,3,0,0,3,0.0,0.0,인천광역시 부평구 안남로222번길 27,한국전기차충전서비스
HE192508,마천금호어울림아파트,37.614686,126.658142,서구,1,0,1,0,0,1,0.0,0.0,인천광역시 검단구 가현로 33,한국전기차충전서비스
HE192591,포레시안아파트,37.463685,126.731849,남동구,10,0,10,0,0,10,0.0,0.0,인천광역시 남동구 만수서로 55,한국전기차충전서비스
HE212793,인천간석LH1단지아파트,37.463963,126.717254,남동구,5,0,5,0,0,5,0.0,0.0,"인천광역시 남동구 백범로294번길 15 101동 지하1층 26 기둥우측 / 104동 1,2라인 지하3층 13 기둥좌측",한국전기차충전서비스
HE212801,은행마을태평아파트,37.535219,126.742485,계양구,4,0,4,0,0,4,0.0,0.0,인천광역시 계양구 용종로 20 지하1층 주차장 F4좌우,한국전기차충전서비스
HE212853,청라반도유보라아파트,37.525531,126.626921,서구,5,0,5,0,0,5,0.0,0.0,인천광역시 서해구 솔빛로 55,한국전기차충전서비스
HE240063,코스트코 청라점,37.5391679,126.6182567,서구,43,22,21,0,43,0,100.0,51.16,인천광역시 서해구 첨단서로 188 B구역,한국전기차충전서비스
HE240176,기아자동차 인천서비스센터,37.4602561,126.6752324,미추홀구,6,0,6,0,3,3,50.0,0.0,인천광역시 미추홀구 경인로 309,한국전기차충전서비스
HE240324,작전역서해그랑블아파트,37.5276804,126.7202015,계양구,6,0,6,0,0,6,0.0,0.0,"인천광역시 계양구 아나지로247번길 22 102동,103동 102동3대,103동3대",한국전기차충전서비스
HE240333,강화2차세광아파트,37.722197534,126.48286913,강화군,10,0,10,0,0,10,0.0,0.0,"인천광역시 강화군 선원면 중앙로 253-1 경로당 옆 지상주차장,경로당 앞 지상주차장",한국전기차충전서비스(주)
HE240335,용종마을중앙아파트,37.5415027,126.7400185,계양구,8,0,8,0,1,7,12.5,0.0,"인천광역시 계양구 계양문화로 141 관리사무소 옆 지상주차장, 202-203동 사이 지하주차장 출입구 옆 지상주차장",한국전기차충전서비스
HE240337,미래지향아파트,37.741190104,126.48739399,강화군,5,0,5,0,0,5,0.0,0.0,인천광역시 강화군 강화읍 남문로 41 미래지향아파트 101동 뒤 지상주차장,한국전기차충전서비스
HE240372,인천교통공사 운연차량사업소,37.4381097,126.7596794,남동구,1,0,1,0,1,0,100.0,0.0,인천광역시 남동구 운연동 162-1 출입구 오른쪽 주차장,한국전기차충전서비스
HE240374,힐스테이트푸르지오주안아파트1,37.4534301,126.6768057,미추홀구,60,0,60,0,0,60,0.0,0.0,"인천광역시 미추홀구 남주길 150 101동,102동,103동,104동,105동,108동,112동 지하3층 주차장",한국전기차충전서비스
HE240375,힐스테이트푸르지오주안아파트2,37.4534301,126.6768057,미추홀구,31,0,31,0,0,31,0.0,0.0,"인천광역시 미추홀구 남주길 150 112동,113동,119동 지하3층 주차장",한국전기차충전서비스
HE240378,아라마루휴게소,37.572639304,126.7013906,계양구,2,2,0,0,2,0,100.0,100.0,인천광역시 계양구 아라로 228 지상주차장,한국전기차충전서비스
HE240430,송도역 서해그랑블,37.4291091,126.6495583,연수구,11,0,11,0,0,11,0.0,0.0,인천광역시 연수구 한진로 76 지상1층주차장,한국전기차충전서비스
HE240517,마전풍림4차아파트,37.6150469,126.6594593,서구,2,0,2,0,0,2,0.0,0.0,인천광역시 검단구 마전로5번길 13 지상주차장 804동 뒷편주차장,한국전기차충전서비스
HE240524,한국생산기술연구원,37.383882391,126.65055845,연수구,1,0,1,0,1,0,100.0,0.0,인천광역시 연수구 갯벌로 156,한국전기차충전서비스
HE240528,장미아파트,37.445180652,126.65756858,미추홀구,11,0,11,0,0,11,0.0,0.0,"인천광역시 미추홀구 소성로 72 2,5,6동 지상주차장",한국전기차충전서비스(주)
HE240532,불로e편한세상아파트,37.61799849,126.69404239,서구,2,0,2,0,0,2,0.0,0.0,인천광역시 검단구 고산후로 398 지하2층 D8기둥 옆,한국전기차충전서비스
HJ000257,한진인천컨테이너터미널,37.3453407,126.6271181,연수구,5,0,5,0,0,5,0.0,0.0,인천광역시 연수구 인천신항대로 777,㈜한진
HM000002,_송도 센트럴파크,37.3922047,126.6407015,연수구,4,0,4,0,4,0,100.0,0.0,인천광역시 연수구 컨벤시아대로 160 주차장,휴맥스이브이
HM000007,_송도 센트럴파크_급속충전소,37.3919081,126.6407514,연수구,2,2,0,0,2,0,100.0,100.0,인천광역시 연수구 테크노파크로 164 송도중앙공원주차장,휴맥스이브이
HM000070,청라서해그랑블,37.530947728,126.65632852,서구,11,0,11,0,0,11,0.0,0.0,인천광역시 서해구 청라에메랄드로 65 주차장,휴맥스이브이
HM000081,화수영풍아파트,37.482642011,126.62736126,동구,5,0,5,0,0,5,0.0,0.0,인천광역시 제물포구 화도진로 132,HUMAX EV
HM000085,경인센타,37.4739195,126.6887191,부평구,5,0,5,0,5,0,100.0,0.0,인천광역시 부평구 백범로577번길 20,휴맥스이브이
HM000161,송도SK VIEW,37.414430599,126.62639136,연수구,21,0,21,0,0,21,0.0,0.0,인천광역시 연수구 랜드마크로 19,HUMAX EV
HM000184,센트럴파크 푸르지오,37.392331631,126.6437247,연수구,12,0,12,0,0,12,0.0,0.0,인천광역시 연수구 센트럴로 160 주차장,HUMAX EV
HM000185,더샵센트럴파크1,37.396344796,126.63729637,연수구,24,0,24,0,0,24,0.0,0.0,인천광역시 연수구 센트럴로 232 주차장,HUMAX EV
HM000217,효성두산아파트,37.535416239,126.70906761,계양구,10,0,10,0,0,10,0.0,0.0,인천광역시 계양구 안남로573번길 18 주차장,휴맥스이브이
HM000224,한화에코메트로10단지,37.391468121,126.7290899,남동구,25,0,25,0,0,25,0.0,0.0,인천광역시 남동구 아암대로1503번길 21 주차장,HUMAX EV
HM000225,한화에코메트로5단지,37.399053568,126.73256032,남동구,32,0,32,0,0,32,0.0,0.0,인천광역시 남동구 소래역남로 39 주차장,HUMAX EV
HM000226,한화에코메트로3단지더타워,37.399459426,126.73274114,남동구,18,0,18,0,0,18,0.0,0.0,인천광역시 남동구 소래역남로 40 주차장,HUMAX EV
HM000227,_송도IBS타워,37.3980801,126.6342748,연수구,2,2,0,0,2,0,100.0,100.0,인천광역시 연수구 센트럴로 263 주차장,휴맥스이브이
HM000323,학마을영남아파트,37.545264964,126.73915818,계양구,4,0,4,0,0,4,0.0,0.0,인천광역시 계양구 장제로 878 주차장,HUMAX EV
HM000334,부평 경남2차 아파트,37.50241562,126.71027036,부평구,4,0,4,0,0,4,0.0,0.0,인천광역시 부평구 안남로222번길 30 주차장,HUMAX EV
HM000411,뉴서울산곡1차아파트,37.501525442,126.70493813,부평구,2,0,2,0,0,2,0.0,0.0,인천광역시 부평구 마장로264번길 33 주차장,HUMAX EV
HM000426,효성백영아파트,37.534104335,126.70658058,계양구,3,0,3,0,0,3,0.0,0.0,인천광역시 계양구 길마로11번길 3 주차장,HUMAX EV
HM000454,송도더프라우3단지,37.399686301,126.65110036,연수구,6,0,6,0,0,6,0.0,0.0,인천광역시 연수구 컨벤시아대로42번길 20 주차장,HUMAX EV
HM000465,용현성원상떼빌,37.454480505,126.64327447,미추홀구,6,0,6,0,0,6,0.0,0.0,인천광역시 미추홀구 낙섬동로 104 주차장,HUMAX EV
HM000468,청라한양수자인,37.527328316,126.62194973,서구,10,0,10,0,0,10,0.0,0.0,인천광역시 서해구 비즈니스로 41 주차장,HUMAX EV
HM000483,더샵송도트리플타워SM1,37.382462339,126.6606644,연수구,7,0,7,0,0,7,0.0,0.0,인천광역시 연수구 송도과학로28번길 8 주차장,HUMAX EV
HM000484,더샵송도트리플타워SM3,37.379349904,126.65769186,연수구,6,0,6,0,0,6,0.0,0.0,인천광역시 연수구 송도과학로28번길 50 주차장,HUMAX EV
HM000529,송림진로아파트,37.469323546,126.64957296,동구,2,0,2,0,0,2,0.0,0.0,인천광역시 제물포구 새천년로10번길 19 주차장,HUMAX EV
HM000541,청라웰카운티2차,37.528906173,126.65536935,서구,15,0,15,0,0,15,0.0,0.0,인천광역시 서해구 청라에메랄드로41번길 12 주차장,HUMAX EV
HM000542,연수효정아파트,37.424252538,126.67304468,연수구,7,0,7,0,0,7,0.0,0.0,인천광역시 연수구 새말로 6 주차장,휴맥스이브이
HM000544,솔밭마을아파트,37.41628644,126.68777181,연수구,3,0,3,0,0,3,0.0,0.0,인천광역시 연수구 원인재로 232 주차장,HUMAX EV
HM000562,가좌신현대아파트,37.491375603,126.67629961,서구,7,0,7,0,0,7,0.0,0.0,인천광역시 서해구 원적로47번길 35 주차장,HUMAX EV
HM000574,삼산타운7단지,37.508748288,126.73467363,부평구,30,0,30,0,0,30,0.0,0.0,인천광역시 부평구 체육관로 27 주차장,HUMAX EV
HM000575,삼성홈타운,37.513408738,126.72166609,부평구,3,0,3,0,0,3,0.0,0.0,인천광역시 부평구 부평대로246번길 7 주차장,HUMAX EV
HM000600,이화신동아파밀리에,37.580084951,126.73631548,계양구,9,0,9,0,0,9,0.0,0.0,인천광역시 계양구 황어로 139 주차장,HUMAX EV
HM000601,연수대동아파트,37.414413855,126.68357194,연수구,5,0,5,0,0,5,0.0,0.0,인천광역시 연수구 벚꽃로 172 주차장,HUMAX EV
HM000605,부평삼익아파트,37.5061752,126.7182242,부평구,4,0,4,0,0,4,0.0,0.0,인천광역시 부평구 부평대로167번길 43 주차장,휴맥스이브이
HM000607,청라한라비발디,37.539178133,126.63851689,서구,35,0,35,0,0,35,0.0,0.0,인천광역시 서해구 청라한울로 17 주차장,HUMAX EV
HM000633,원당동문굿모닝힐아파트,37.5934849,126.6924027,서구,5,0,5,0,0,5,0.0,0.0,인천광역시 검단구 원당대로820번길 3 주차장,휴맥스이브이
HM000644,영종도 하늘도시 우미린1단지,37.4935319,126.5549795,중구,41,0,41,0,0,41,0.0,0.0,인천광역시 영종구 은하수로 351 (하늘도시우미린1단지) 지하2층 831동,휴맥스이브이
HM000683,_형지글로벌패션센터,37.3783371,126.6444141,연수구,4,0,4,0,4,0,100.0,0.0,인천광역시 연수구 하모니로177번길 49 주차장,휴맥스이브이
HM000686,뉴서울2차아파트,37.500087685,126.70650415,부평구,7,0,7,0,0,7,0.0,0.0,인천광역시 부평구 부흥로123번길 36 주차장,휴맥스이브이
HM000690,신영지웰,37.404215528,126.73072249,남동구,8,0,8,0,0,8,0.0,0.0,인천광역시 남동구 소래역로 93 주차장,휴맥스이브이
HM000701,영종도 하늘도시 우미린2단지,37.488138567,126.55503753,중구,15,0,15,0,0,15,0.0,0.0,인천광역시 영종구 하늘달빛로 113 주차장,휴맥스이브이
HM000754,용담마을아파트,37.420607432,126.67094591,연수구,5,0,5,0,0,5,0.0,0.0,인천광역시 연수구 용담로 25 주차장,휴맥스이브이
HM000786,별빛마을웰카운티,37.4062487,126.7316707,남동구,15,0,15,0,0,15,0.0,0.0,인천광역시 남동구 논현로 235 지하2층주차장  9-092 / A13기둥 / A28기둥,휴맥스이브이
HM000804,시대연수아파트,37.421433433,126.66849387,연수구,12,0,12,0,0,12,0.0,0.0,인천광역시 연수구 용담로 3 주차장,휴맥스이브이
HM000855,에코메트로7단지,37.391935852,126.72606974,남동구,22,0,22,0,0,22,0.0,0.0,인천광역시 남동구 에코중앙로 163 주차장,휴맥스이브이
HM000859,산곡한화1차아파트,37.504358936,126.7064998,부평구,12,0,12,0,0,12,0.0,0.0,인천광역시 부평구 원적로 361 주차장,휴맥스이브이
HM000877,연수영남아파트,37.41959607,126.68282645,연수구,5,0,5,0,0,5,0.0,0.0,인천광역시 연수구 새말로 111 연수영남아파트 109동뒤,휴맥스이브이
HM000922,엔에스파크,37.485700454,126.72247366,부평구,1,0,1,0,0,1,0.0,0.0,인천광역시 부평구 경인로890번길 57,휴맥스이브이
HM001023,심곡한국아파트,37.543496337,126.67774596,서구,7,0,7,0,0,7,0.0,0.0,인천광역시 서해구 탁옥로74번길 3 주차장,휴맥스이브이
HM001026,삼보아파트,37.533061499,126.73262662,계양구,6,0,6,0,0,6,0.0,0.0,인천광역시 계양구 봉오대로743번길 29 주차장,휴맥스이브이
HM001032,연희한국아파트,37.550528589,126.6751172,서구,7,0,7,0,0,7,0.0,0.0,인천광역시 서해구 서곶로369번길 18 주차장,휴맥스이브이
HM001056,해담펜션,37.67257758,126.40936534,강화군,2,0,2,0,2,0,100.0,0.0,인천광역시 강화군 양도면 해안서로 420-48,휴맥스이브이
HM001091,보스코 호텔,37.461974737,126.68226238,미추홀구,1,0,1,0,1,0,100.0,0.0,인천광역시 미추홀구 미추홀대로722번길 33 주차장,휴맥스이브이
HM001261,산곡한신休아파트,37.4995202,126.703647,부평구,15,0,15,0,0,15,0.0,0.0,"인천광역시 부평구 마장로220번길 13 102동 지하2층 27기둥 ？ 6기, 103동 지하2층 60기둥 ？ 2기, 105동앞 지상주차장 ？ 2기, 105동 지하1층 101기둥 ？ 2기, 105동 지하2층 129기둥 -",휴맥스이브이
HM001266,(주) 세니온,37.595239774,126.61950515,서구,3,0,3,0,3,0,100.0,0.0,인천광역시 검단구 검단로114번길 13,휴맥스이브이
HM001291,인천대교,37.470798193,126.51301026,중구,3,0,3,0,3,0,100.0,0.0,인천광역시 영종구 인천대교고속도로 3,휴맥스이브이
HM001347,루원e편한세상하늘채아파트,37.5216791,126.6727509,서구,56,0,56,0,0,56,0.0,0.0,"인천광역시 서해구 가정로 387 101동,109동,110동,118동,119동,121동,122동,124동,125동,133동,129동,128동,115동 지하2층주차장",휴맥스이브이
HM001368,_송영빌딩,37.4769084,126.647211,동구,2,0,2,0,2,0,100.0,0.0,인천광역시 제물포구 송림로 113,휴맥스이브이
HM001376,옥련우성아파트,37.424286077,126.64768851,연수구,10,0,10,0,0,10,0.0,0.0,인천광역시 연수구 독배로40번길 48,휴맥스이브이
HM001415,신명스카이뷰주얼리아파트,37.48551828,126.55587224,중구,22,0,22,0,0,22,0.0,0.0,인천광역시 영종구 하늘달빛로 95,휴맥스이브이
HM001434,경인교대-인천캠퍼스,37.5387449,126.7168528,계양구,8,2,6,0,8,0,100.0,25.0,인천광역시 계양구 계산로 62,휴맥스이브이
HM001455,_삼산동 주차타워,37.5076851,126.7361016,부평구,5,2,3,0,5,0,100.0,40.0,인천광역시 부평구 충선로203번길 4,휴맥스이브이
HM001456,_형지글로벌패션복합센터,37.3782109,126.6445319,연수구,8,3,5,0,8,0,100.0,37.5,인천광역시 연수구 하모니로177번길 49,휴맥스이브이
HM001465,영종우미린2차아파트,37.48703111,126.55368546,중구,14,0,14,0,0,14,0.0,0.0,인천광역시 영종구 하늘달빛로 113,휴맥스이브이
HM001608,인천 세종병원,37.5317753,126.7368366,계양구,9,6,3,0,9,0,100.0,66.67,인천광역시 계양구 계양문화로 20 지상 1층 옥외 주차면(건강검진센터쪽),휴맥스이브이
HM001716,송도건원테크노큐브,37.3810207,126.6608134,연수구,6,1,5,0,6,0,100.0,16.67,"인천광역시 연수구 송도과학로16번길 13-18 지하 2층 출입구 앞,지하 3층 출입구 앞,지하 4층 출입구 앞,지하 5층 출입구 앞, 지하1층 램프 앞",휴맥스이브이
HM001717,연수1차하나아파트,37.4193032,126.6683298,연수구,10,0,10,0,0,10,0.0,0.0,인천광역시 연수구 용담로 14 106동 앞 지상주차장,휴맥스이브이
HM001740,계산한국아파트,37.5420372,126.7289449,계양구,5,0,5,0,0,5,0.0,0.0,인천광역시 계양구 주부토로 538 102동 지상주차장,휴맥스이브이
HM001750,검단 푸르지오 더베뉴아파트,37.5975363,126.7113074,서구,12,1,11,0,0,12,0.0,8.33,"인천광역시 검단구 이음6로 33 B1 (3201,3203,3204,3205,3206,3210,3216)B2(3207,3208,3212,3215)",휴맥스이브이
HM001790,인천아시아드주경기장 P6주차장,37.5446813,126.6688937,서구,33,6,27,0,33,0,100.0,18.18,인천광역시 서해구 봉수대로 806 주경기장 동측 P6 주차장,휴맥스이브이
HM001791,인천아시아드주경기장 B주차장,37.54907233,126.66518888,서구,6,0,6,0,6,0,100.0,0.0,인천광역시 서해구 봉수대로 806 지상 B주차장,휴맥스이브이
HM100130,청라 더리브 티아모,37.5227615,126.6504653,서구,10,2,8,0,10,0,100.0,20.0,인천광역시 서해구 중봉대로 490 청라 더리브 티아모 지상3층/2층/지하1층/지하2층,휴맥스이브이
HM110107,루원시티프라디움,37.5274786,126.6643492,서구,66,0,66,0,0,66,0.0,0.0,"인천광역시 서해구 봉오재3로 66 (가정동, 루원시티프라디움) 지하1층, 지하2층 주차장",휴맥스이브이
HM110119,정부인천지방합동청사_옥외주차장,37.468783373,126.66191548,미추홀구,15,0,15,0,15,0,100.0,0.0,인천광역시 미추홀구 석정로 239 (도화동) 옥외주차장,휴맥스이브이
HM110156,한림병원,37.532247028,126.73433467,계양구,2,0,2,0,2,0,100.0,0.0,인천광역시 계양구 장제로 722 한림병원 지하1층 폐기물 집하장옆,휴맥스이브이
HM110162,_인천금강프라자,37.5151443,126.7258008,부평구,2,0,2,0,2,0,100.0,0.0,인천광역시 부평구 주부토로 223 인천금강프라자 옥내 B2F 주차장,휴맥스이브이
HM110194,_오라카이 송도파크호텔,37.38812606,126.64080182,연수구,3,0,3,0,3,0,100.0,0.0,인천광역시 연수구 테크노파크로 151 오라카이 송도파크호텔 1F 옥외주차장,휴맥스이브이
HM110199,한국교직원공제회 인천회관,37.465299157,126.71078989,남동구,2,0,2,0,2,0,100.0,0.0,인천광역시 남동구 백범로 357 한국교직원공제회 인천회관 지하3층 주차장,휴맥스이브이
HM110216,인천 상상플랫폼,37.47733717,126.61404676,중구,6,1,5,0,6,0,100.0,16.67,인천광역시 제물포구 월미로 33 인천 상상플랫폼 입구쪽 실내 주차장 내,휴맥스이브이
HM110222,(복)신명재단 (온누리 장어마을),37.4761065,126.7091106,부평구,1,0,1,0,1,0,100.0,0.0,인천광역시 부평구 경인로 749 온누리 장어마을 입구 지상 주차장,휴맥스이브이
HM110245,검단호반써밋1차아파트,37.59628481,126.70813155,서구,9,0,9,0,0,9,0.0,0.0,인천광역시 검단구 이음5로 15 호반써밋 1차,휴맥스이브이
HM110256,미추홀구청,37.4634769,126.6499801,미추홀구,3,0,3,0,3,0,100.0,0.0,인천광역시 미추홀구 독정이로 95,휴맥스이브이
HM110260,주안4동 행정복지센터,37.45512738,126.69030253,미추홀구,1,0,1,0,1,0,100.0,0.0,인천광역시 미추홀구 구월남로 5 주안4동 행정복지센터 지상 주차장,휴맥스이브이
HM110266,삼성바이오로직스 ADC,37.3679568,126.6603601,연수구,3,0,3,0,3,0,100.0,0.0,인천광역시 연수구 송도미래로 100 옥외주차장,휴맥스이브이
HM110267,삼성바이오로직스 5공장,37.359592094,126.66158189,연수구,43,10,33,0,43,0,100.0,23.26,인천광역시 연수구 송도바이오대로 365 삼성바이오로직스 5공장 옥외주차장,휴맥스이브이
HM110288,인하공업전문대학 종합실습관,37.446925,126.657779,미추홀구,5,0,5,0,5,0,100.0,0.0,인천광역시 미추홀구 인하로 100 인하공업전문대학 종합실습관,휴맥스이브이
HM110300,센타프라자,37.4784605,126.5040236,중구,7,3,4,0,7,0,100.0,42.86,인천광역시 영종구 흰바위로 258,휴맥스이브이
HM110320,용현3동 행정복지센터,37.4567162,126.6519227,미추홀구,1,0,1,0,1,0,100.0,0.0,인천광역시 미추홀구 인주대로 133,휴맥스이브이
HM110339,청라스포월드,37.5417874,126.6473418,서구,1,1,0,0,1,0,100.0,100.0,인천광역시 서해구 국제대로 237,휴맥스이브이
HM110340,주안1동행정복지센터,37.4637911,126.67658,미추홀구,1,0,1,0,1,0,100.0,0.0,인천광역시 미추홀구 주안서로53번길 22,휴맥스이브이
HM110352,신명여자고등학교,37.4692304,126.7130184,남동구,3,0,3,0,0,3,0.0,0.0,인천광역시 남동구 용천로205번길 42,휴맥스이브이
HRA00006,삼진빌라,37.458704,126.715247,남동구,1,0,1,0,1,0,100.0,0.0,인천광역시 남동구 석산로208번길 46 삼진빌라,한국홈충전기렌탈
HRA00019,엘리야리조트풀빌라,37.636496,126.385519,강화군,2,0,2,0,2,0,100.0,0.0,인천광역시 강화군 화도면 해안남로 2782-22,한국홈충전기렌탈
HRA00055,부띠끄펜션 빠세꼼뽀제,37.28124,126.487296,옹진군,2,0,2,0,2,0,100.0,0.0,인천광역시 옹진군 영흥면 영흥북로 374-24,한국홈충전기렌탈
HRA00072,영종S타워,37.487871,126.557999,중구,2,0,2,0,2,0,100.0,0.0,인천광역시 영종구 하늘중앙로225번길 4,한국홈충전기렌탈
HRA00077,별난해변펜션,37.260696,126.286347,옹진군,1,0,1,0,1,0,100.0,0.0,인천광역시 옹진군 자월면 자월서로359번길 132,한국홈충전기렌탈
HRA00079,가온누리,37.398774,126.734657,남동구,8,0,8,0,8,0,100.0,0.0,인천광역시 남동구 소래역남로16번길 39,한국홈충전
HU320001,만수주공11단지,37.4621916,126.7400557,남동구,11,0,11,0,0,11,0.0,0.0,"인천광역시 남동구 만수서로105번길 40-18 만수주공11단지 1102동, 1104동, 1108동 지상주차장",한솔엠에스
HU320002,주안DH비즈타워2차,37.476244382,126.68502148,서구,6,0,6,0,6,0,100.0,0.0,인천광역시 서해구 가재울로 111 주안DH비즈타워2차,한솔엠에스
HU320003,케이지스틸,37.4844792,126.6705007,서구,7,0,7,0,7,0,100.0,0.0,인천광역시 서해구 백범로 789 케이지스틸 정문 우측 지상주차장 운동장 인근,한솔엠에스
HU320004,가정뉴서울아파트,37.524977,126.6813898,서구,4,0,4,0,0,4,0.0,0.0,인천광역시 서해구 봉오대로283번길 6 가정뉴서울아파트 지상주차장 103동 뒷편출입구,한솔엠에스
HU320006,월미산업개발,37.476253362,126.59921785,중구,2,0,2,0,2,0,100.0,0.0,인천광역시 제물포구 월미로 222 월미산업개발,한솔엠에스
HU320007,아름다운타워,37.3999949,126.7243951,남동구,6,0,6,0,6,0,100.0,0.0,인천광역시 남동구 논고개로 101 아름다운타워,한솔엠에스
HU320008,청라달튼외국인학교,37.5475592,126.6222117,서구,3,0,3,0,3,0,100.0,0.0,인천광역시 서해구 첨단동로 344 청라달튼외국인학교,한솔엠에스
HU320009,더샵센트럴파크1단지 상가,37.3963448,126.6372964,연수구,8,0,8,0,8,0,100.0,0.0,인천광역시 연수구 센트럴로 232 더샵센트럴파크1단지,한솔엠에스
HU320010,인천인재개발원,37.5418313,126.6806305,서구,5,0,5,0,5,0,100.0,0.0,인천광역시 서해구 심곡로 98 인천인재개발원,한솔엠에스
HU320011,용학초등학교,37.4465386,126.6441321,미추홀구,2,0,2,0,2,0,100.0,0.0,인천광역시 미추홀구 용정공원로83번길 9 용학초등학교,한솔엠에스
HU320012,중산초등학교_인천,37.4950835,126.5660245,중구,1,0,1,0,1,0,100.0,0.0,인천광역시 영종구 두미포로 100 중산초등학교_인천,한솔엠에스
HU320013,조동초등학교_인천,37.4602222,126.7395472,남동구,1,0,1,0,1,0,100.0,0.0,인천광역시 남동구 백범로124번길 164 조동초등학교_인천,한솔엠에스
HU320015,주안스마트테크노타워,37.4806258,126.6805198,서구,6,0,6,0,6,0,100.0,0.0,인천광역시 서해구 백범로 681 스마트테크노타워 지상 9층 옥상주차장,한솔엠에스
HU320016,주안제이타워2차,37.4744015,126.677486,미추홀구,7,0,7,0,7,0,100.0,0.0,"인천광역시 미추홀구 방축로 312 주안제이타워2차 B1층, 2층, 3층, 5층, 10층 주차장",한솔엠에스
HU320017,서주빌딩,37.6026005,126.6574269,서구,3,0,3,0,3,0,100.0,0.0,인천광역시 검단구 완정로 172 서주빌딩 지하3층 주차장,한솔엠에스
HU320018,산영유통상가,37.3943314,126.7085959,남동구,2,0,2,0,2,0,100.0,0.0,인천광역시 남동구 논현고잔로109번길 84 산영유통상가 지하1층 주차장,한솔엠에스
HU320019,링크126,37.4451296,126.7008867,남동구,4,0,4,0,4,0,100.0,0.0,인천광역시 남동구 예술로 126 링크126 지하1층 상가쪽 주차장,한솔엠에스
HW001063,인천 서구 쿠팡 인천5 캠프,37.513686,126.6466644,서구,8,8,0,0,0,8,0.0,100.0,인천광역시 서해구 중봉대로393번길 19 쿠팡 인천5 캠프,한화솔루션
HY000006,인천도시공사,37.445833,126.738056,남동구,7,1,6,0,0,7,0.0,14.29,인천광역시 남동구 인주대로914번길 42 야외주차장 인천광역시 남동구 인주대로914번길 42 야외주차장,현대엔지니어링
HY000551,인천 하우스토리 만수,37.4504412,126.7310384,남동구,23,1,22,0,0,23,0.0,4.35,인천광역시 남동구 구월로372번길 90 지상주차장 106동~107동 앞 인천광역시 남동구 구월로372번길 90 지상주차장 106동~107동 앞,현대엔지니어링
HY000631,인천 송현동 솔빛마을주공1차,37.4787864,126.6375473,동구,6,0,6,0,0,6,0.0,0.0,"인천광역시 제물포구 송현로 50 지하3층 , 지하4층",현대엔지니어링
HY000632,인천 송현동 솔빛마을주공1차,37.4788284,126.6377072,동구,6,0,6,0,0,6,0.0,0.0,"인천광역시 제물포구 송현로 50 지하3층,4층",현대엔지니어링
HY000633,인천 송현동 솔빛마을주공1차,37.4789355,126.6373788,동구,3,0,3,0,0,3,0.0,0.0,인천광역시 제물포구 송현로 50 3주차장 지하1층,현대엔지니어링
HY000634,인천 송현동 솔빛마을주공1차,37.4789261,126.6372432,동구,6,0,6,0,0,6,0.0,0.0,인천광역시 제물포구 송현로 50 4주차장 지하1층,현대엔지니어링
HY000635,인천 송현동 솔빛마을주공1차,37.4787206,126.6378095,동구,6,0,6,0,0,6,0.0,0.0,인천광역시 제물포구 송현로 50 5주차장 지하1층,현대엔지니어링
HY000636,인천 송현동 솔빛마을주공1차,37.4789082,126.6372998,동구,6,0,6,0,0,6,0.0,0.0,인천광역시 제물포구 송현로 50 6주차장 지하1층,현대엔지니어링
HY000637,인천 송현동 솔빛마을주공1차,37.479017,126.6375141,동구,6,0,6,0,0,6,0.0,0.0,인천광역시 제물포구 송현로 50 7주차장 지하2층,현대엔지니어링
HY000638,인천 송현동 솔빛마을주공1차,37.478935,126.6372205,동구,11,0,11,0,0,11,0.0,0.0,"인천광역시 제물포구 송현로 50 8주차장 지하2층, 지하3층",현대엔지니어링
HY000727,인천 송도 아트윈푸르지오,37.3928511,126.6316528,연수구,9,1,8,0,0,9,0.0,11.11,인천광역시 연수구 인천타워대로 253-25 지하4층 주차장 64번~65번 기둥 사이,현대엔지니어링
HY000728,인천 송도 아트윈푸르지오,37.3920433,126.6319708,연수구,14,0,14,0,0,14,0.0,0.0,"인천광역시 연수구 인천타워대로 253-25 지하4층 16번 기둥 및 지하5층 21번,22번 기둥 주차장 지하4층 주차장 16번 기둥 및 지하5층 주차장 21번~22번 기둥 사이",현대엔지니어링
HY000759,인천 부평현대더로프트,37.4895204,126.728913,부평구,6,0,6,0,6,0,100.0,0.0,인천광역시 부평구 장제로 45 지하1층 주차장 인천광역시 부평구 장제로 45 지하1층 주차장 102동 지하1층 104 기둥,현대엔지니어링
HY000845,현대자동차 인천서비스센터,37.4813409,126.683583,서구,2,0,2,0,0,2,0.0,0.0,인천광역시 서해구 가좌로83번길 22 옥외주차장 인천광역시 서구 가좌로83번길 22 옥외주차장,현대엔지니어링
HY000865,인천 갈산동이안,37.5169348,126.7224034,부평구,2,0,2,0,0,2,0.0,0.0,인천광역시 부평구 평천로305번길 15 지하1층주차장 101동.102동 출입계단 부근,현대엔지니어링
HY000866,미래에셋 주안사옥,37.4585675,126.685544,미추홀구,2,0,2,0,2,0,100.0,0.0,인천광역시 미추홀구 경인로 407 지하 1층 주차장 인천광역시 미추홀구 경인로 407 지하 1층 주차장,현대엔지니어링
HY000985,현대프리미엄아울렛 송도점,37.3831229,126.6589103,연수구,11,0,11,0,11,0,100.0,0.0,인천광역시 연수구 송도국제대로 123 현대프리미엄아울렛 송도점 실외 지상 주차장1,현대엔지니어링
HY000986,현대프리미엄아울렛 송도점,37.3831058,126.6592266,연수구,11,0,11,0,11,0,100.0,0.0,인천광역시 연수구 송도국제대로 123 현대프리미엄아울렛 송도점 실외 지상 주차장2,현대엔지니어링
HY000987,현대프리미엄아울렛 송도점,37.3830436,126.6595317,연수구,12,0,12,0,12,0,100.0,0.0,인천광역시 연수구 송도국제대로 123 현대프리미엄아울렛 송도점 실외 지상 주차장3,현대엔지니어링
HY001083,인천 덕적면사무소,37.2275001,126.1549778,옹진군,1,1,0,0,1,0,100.0,100.0,인천광역시 옹진군 덕적면 덕적북로 31 면사무소 정면 좌측 지상주차장,현대엔지니어링
HY001180,인천 영종주공스카이빌10단지,37.4915896,126.4887443,중구,8,0,8,0,0,8,0.0,0.0,인천광역시 영종구 흰바위로 34 1009동 지상주차장,현대엔지니어링
HY001191,인천 옥련현대2차,37.4258712,126.6466063,연수구,22,0,22,0,0,22,0.0,0.0,"인천광역시 연수구 독배로 58 207동,208동,209동 뒤 지상주차장 인천광역시 연수구 독배로 58 207동,208동,209동 뒤 지상주차장",현대엔지니어링
HY001207,인천 검단신도시 디에트르더힐,37.6010069,126.7093605,서구,20,0,20,0,0,20,0.0,0.0,"인천광역시 검단구 서로3로 255 B1 24기둥, B2 33, 17기둥, B3 13, 06기둥, 2914동 옆",현대엔지니어링
HY001237,기아 인천 서비스센터,37.4603566,126.6751969,미추홀구,3,0,3,0,3,0,100.0,0.0,인천광역시 미추홀구 경인로 309 실내 주차장,현대엔지니어링
HY001307,인천 삼산타운 주공6단지,37.5093058,126.7380283,부평구,14,0,14,0,0,14,0.0,0.0,인천광역시 부평구 체육관로 57 인천 삼산타운 주공6단지 601동 ~ 609동 지상주차장 앞,현대엔지니어링
HY001310,인천 학익엑슬루타워,37.444295,126.6581689,미추홀구,21,0,21,0,0,21,0.0,0.0,인천광역시 미추홀구 매소홀로309번길 32 실내 주차장,현대엔지니어링
HY001326,인천 이삭베스파트,37.4459998,126.7371067,남동구,12,0,12,0,0,12,0.0,0.0,인천광역시 남동구 담방서로17번길 21 인천 이삭베스파트 이삭아파트 지상주차장,현대엔지니어링
HY001327,인천 금호베스트빌1단지,37.4944252,126.4858113,중구,12,0,12,0,0,12,0.0,0.0,인천광역시 영종구 신도시남로 15 인천 금호베스트빌1단지 지상주차장,현대엔지니어링
HY001328,인천 한양2단지,37.5036058,126.7008096,부평구,12,0,12,0,0,12,0.0,0.0,인천광역시 부평구 마장로 287 지상 주차장 인천광역시 부평구 산곡동 182 산곡동한양아파트 지상 주차장,현대엔지니어링
HY001363,인천 불로월드메르디앙,37.6176461,126.6924032,서구,32,0,32,0,0,32,0.0,0.0,"인천광역시 검단구 검단로 836 122동 3,4라인 앞,  114, 115동 뒤, 116동 1~4라인 앞, 120동 1~4라인 앞, 104동 옆 지상주차장",현대엔지니어링
HY001408,인천 동남아파트,37.4483205,126.7126952,남동구,2,0,2,0,0,2,0.0,0.0,인천광역시 남동구 인주대로676번길 19 경로당 옆 지상주차장,현대엔지니어링
HY001409,인천 만수한국아파트,37.4410513,126.737375,남동구,10,0,10,0,0,10,0.0,0.0,인천광역시 남동구 담방로21번길 23 103동 뒤 지상주차장,현대엔지니어링
HY001451,인천 학마을서해,37.5447935,126.739483,계양구,14,0,14,0,0,14,0.0,0.0,"인천광역시 계양구 장제로 878 인천 학마을 서해아파트 105동, 108동, 109동, 111동 지상주차장",현대엔지니어링
HY001481,석남동 우림필유아파트,37.501868,126.668864,서구,6,0,6,0,0,6,0.0,0.0,인천광역시 서해구 염곡로 198 104동 옆 지상주차장,현대엔지니어링
HY001484,인천 연희대동아파트,37.5452175,126.6807111,서구,22,0,22,0,0,22,0.0,0.0,"인천광역시 서해구 심곡로 135 106,108 지상주차장 인천광역시 서구 심곡동 285 대동아파트 106,108 지상주차장",현대엔지니어링
HY001554,인천 부평중앙하이츠프리미어,37.485786,126.7149202,부평구,7,0,7,0,0,7,0.0,0.0,"인천광역시 부평구 안남로15번길 24 103동 옆 B1 02기둥,   104동 3,4라인 옆 B1 09기둥",현대엔지니어링
HY001582,인천 송도파크자이,37.409967,126.657724,연수구,26,0,26,0,0,26,0.0,0.0,"인천광역시 연수구 앵고개로104번길 22 지하1층 주차창-706동 앞(12기), 706동 옆(6기), 707동 앞(3기), 708동 앞(5기)",현대엔지니어링
HY001614,인천 논현푸르지오시티,37.4002729,126.7251933,남동구,3,0,3,0,3,0,100.0,0.0,인천광역시 남동구 청능대로 596 지상 주차장 4층 A8~A9 기둥,현대엔지니어링
HY001618,인천 효성해링턴타워인하,37.456056,126.653386,미추홀구,4,0,4,0,0,4,0.0,0.0,인천광역시 미추홀구 인주대로 148 지하4층 주차장 지하4층주차장 22기둥,현대엔지니어링
HY001621,인천 송도 아트포레푸르지오시티,37.392651,126.631899,연수구,6,0,6,0,6,0,100.0,0.0,인천광역시 연수구 인천타워대로 257 지하주차장 03기둥 좌우,현대엔지니어링
HY001663,인천 연수 시대아파트,37.4225003,126.6695773,연수구,9,0,9,0,0,9,0.0,0.0,"인천광역시 연수구 용담로 3 102동, 103동, 106동 지상주차장",현대엔지니어링
HY001673,인천 미추홀 윤성아파트,37.4457396,126.6400916,미추홀구,6,0,6,0,0,6,0.0,0.0,인천광역시 미추홀구 매소홀로 143 윤성아파트 지상후문주차장,현대엔지니어링
HY001676,인천 부평욱일아파트,37.5005565,126.7169773,부평구,8,0,8,0,0,8,0.0,0.0,인천광역시 부평구 부흥로243번길 39 관리사무소 앞,현대엔지니어링
HY001702,인천 부평두산위브,37.4913,126.723,부평구,6,0,6,0,0,6,0.0,0.0,"인천광역시 부평구 경원대로1344번길 8 지상주차장 102동, 103동, 104동 지상주차장",현대엔지니어링
HY001763,인천 작전미도아파트,37.5273888,126.7242581,계양구,5,0,5,0,0,5,0.0,0.0,인천광역시 계양구 아나지로299번길 15 4동 앞 지상1층 주차장,현대엔지니어링
HY001768,인천 부평동남아파트,37.510826,126.722721,부평구,5,0,5,0,0,5,0.0,0.0,인천광역시 부평구 갈월서로 27 2동 뒤편 지상주차장,현대엔지니어링
HY001783,인천 영종하늘도시 우미린2단지,37.4867358,126.5543855,중구,5,0,5,0,0,5,0.0,0.0,인천광역시 영종구 하늘달빛로 113 지하1층 P2주차장,현대엔지니어링
HY001787,현대모비스 부품사업소(인천),37.453506,126.618746,중구,1,0,1,0,0,1,0.0,0.0,인천광역시 제물포구 축항대로 195 정문 경비실 우측,현대엔지니어링
HY001795,인천 작전현대1차,37.531563,126.732946,계양구,3,0,3,0,0,3,0.0,0.0,인천광역시 계양구 봉오대로743번길 8 101동 앞 지상주차장,현대엔지니어링
HY001833,인천 마전지구영남탑스빌,37.59831996,126.6676222,서구,30,0,30,0,0,30,0.0,0.0,"인천광역시 검단구 완정로64번길 7 103동 앞 지상주차장, 105동 앞 지상주차장, 106동 앞 지상주차장, 110동 앞 지상주차장, 116동 앞 지상주차장, 관리소 옆 지상주차장",현대엔지니어링
HY001835,인천 용현2단지 금호타운,37.4483908,126.6334283,미추홀구,18,0,18,0,0,18,0.0,0.0,"인천광역시 미추홀구 매소홀로 68 지상1층 201동 앞, 지상1층 213동 앞, 지상1층 215동 앞, 지상1층 212동 뒤, 지상1층 211동 뒤 주차장",현대엔지니어링
HY001880,인천 신한아파트,37.465652,126.7403,남동구,3,0,3,0,0,3,0.0,0.0,인천광역시 남동구 수현로136번길 30 실외주차장 B동 앞 지상주차장,현대엔지니어링
HY001894,인천 대안파크타운D동,37.522723,126.698909,부평구,3,0,3,0,0,3,0.0,0.0,인천광역시 부평구 부평북로 55 1층 지상주차장,현대엔지니어링
HY001914,인천 원당신안실크밸리,37.592499,126.693533,서구,19,0,19,0,0,19,0.0,0.0,인천광역시 검단구 원당대로840번길 22 501동 앞 지상주차장 502동 앞 지상주차장 503동 앞 지상주차장 506동 앞 지상주차장 514동 앞 지상주차장 515동 앞 지상주차장,현대엔지니어링
ICIA0001,인천공항 공항청사 로봇충전소,37.440553,126.462308,중구,6,4,2,0,6,0,100.0,66.67,인천광역시 영종구 공항로424번길 47 공항청사 서관 앞,인천국제공항공사
ICIA0004,인천공항 T1 장기주차장 (P1) 2,37.446206,126.453956,중구,34,12,22,0,34,0,100.0,35.29,인천광역시 영종구 공항로 187 P1 장기주차장 진입 후 왼쪽 끝,인천국제공항공사
ICIA0005,인천공항 T1 장기주차장 (P2) 2,37.445924,126.453304,중구,34,12,22,0,34,0,100.0,35.29,인천광역시 영종구 공항로 423 P2 장기주차장 진입 후 오른쪽 끝,인천국제공항공사
ICIA0006,인천공항 남측 화물터미널 4,37.463785,126.470879,중구,4,4,0,0,4,0,100.0,100.0,인천광역시 영종구 운서동 2851-138 터미널 입구(우측) 중간 지점 현장 / IACT 앞,인천국제공항공사
ICIA0007,인천공항 북측 화물터미널(좌) 4,37.470773,126.46522,중구,4,4,0,0,4,0,100.0,100.0,인천광역시 영종구  운서동 2859-27 인천항공화물터미널 B동 북측주차장3,인천국제공항공사
ICIA0008,인천공항 물류단지 행정지원센터 2,37.47929,126.477066,중구,8,8,0,0,8,0,100.0,100.0,인천광역시 영종구 운서동 3167-1 주차장 진입 후 오른쪽,인천국제공항공사
ICIA0009,인천공항 T1 단기주차장 C구역,37.445844,126.450858,중구,44,16,28,0,44,0,100.0,36.36,인천광역시 영종구 공항로 423 C구역 주차장 진입 후 오른쪽,인천국제공항공사
ICIA0010,인천공항 T1 단기주차장 D구역,37.448124,126.454918,중구,35,14,21,0,35,0,100.0,40.0,인천광역시 영종구 공항로 187 D구역 주차장 진입 후 왼쪽,인천국제공항공사
ICIA0011,인천공항 T1 택시대기장,37.445526,126.460303,중구,24,24,0,0,0,24,0.0,100.0,인천광역시 영종구 운서동 2851 주차장 진입 후 오른쪽,인천국제공항공사
ICIA0012,인천공항 T2 택시대기장,37.486794,126.409702,중구,20,20,0,0,0,20,0.0,100.0,인천광역시 영종구 운서동 3234-1 주차장 진입 후 오른쪽,인천국제공항공사
ICIA0013,인천공항 제2합동청사 B동 서편,37.470286,126.431477,중구,24,6,18,0,24,0,100.0,25.0,인천광역시 영종구 제2터미널대로 444 제2합동청사 지상 내부 주차장(좌측),인천국제공항공사
ICIA0014,인천공항 제2합동청사 B동 동편,37.470828,126.432535,중구,24,6,18,0,24,0,100.0,25.0,인천광역시 영종구 제2터미널대로 444 제2합동청사 지상 내부 주차장(우측),인천국제공항공사
ICIA0015,인천공항 남측 화물터미널 1,37.466396,126.474807,중구,20,6,14,0,20,0,100.0,30.0,인천광역시 영종구 운서동 2842-29 국제우편물류센터 앞 주차장,인천국제공항공사
ICIA0016,인천공항 남측 화물터미널 2,37.463668,126.470661,중구,10,0,10,0,10,0,100.0,0.0,인천광역시 영종구 운서동 2851-138 터미널 입구(우측) 중간 지점 현장 / IACT 앞,인천국제공항공사
ICIA0017,인천공항 남측 화물터미널 3,37.461897,126.467267,중구,18,8,10,0,18,0,100.0,44.44,인천광역시 영종구 운서동 2851-134 대한항공 카고 앞,인천국제공항공사
ICIA0018,인천공항 북측 화물터미널(좌) 1,37.468079,126.460632,중구,12,4,8,0,12,0,100.0,33.33,인천광역시 영종구 운서동 2859-4 인천항공화물터미널 B동 북측주차장2,인천국제공항공사
ICIA0019,인천공항 북측 화물터미널(좌) 2,37.470773,126.46522,중구,6,0,6,0,6,0,100.0,0.0,인천광역시 영종구 운서동 2859-27 인천항공화물터미널 B동 북측주차장3,인천국제공항공사
ICIA0020,인천공항 북측 화물터미널(좌) 3,37.472113,126.46714,중구,14,4,10,0,14,0,100.0,28.57,인천광역시 영종구 운서동 2859-31 인천항공화물터미널 B동 북측주차장4,인천국제공항공사
ICIA0021,인천공항 북측 화물터미널(우) 1,37.470181,126.46155,중구,14,4,10,0,14,0,100.0,28.57,인천광역시 영종구 운서동 3246-32 DHL 창고 앞,인천국제공항공사
ICIA0022,인천공항 북측 화물터미널(우) 2,37.472081,126.464638,중구,12,0,12,0,12,0,100.0,0.0,인천광역시 영종구 운서동 3246-38 AACT 창고 앞,인천국제공항공사
ICIA0023,인천공항 북측 화물터미널(우) 3,37.473022,126.46633,중구,13,4,9,0,13,0,100.0,30.77,인천광역시 영종구 운서동 3246-39 FedEx 창고 앞,인천국제공항공사
ICIA0024,인천공항 북측 화물터미널(우) 4,37.47409,126.468448,중구,20,10,10,0,20,0,100.0,50.0,인천광역시 영종구 운서동 3246-58 FedEx 창고 옆 / 북측화물터미널 입구 오른쪽,인천국제공항공사
ICIA0025,인천공항 T1 행사용주차장 동편,37.449795,126.455045,중구,6,2,4,0,0,6,0.0,33.33,인천광역시 영종구 공항로 271 직원 전용으로 일반인 사용불가,인천국제공항공사
ICIA0026,인천공항 T1 행사용주차장 서편,37.446405,126.448795,중구,4,0,4,0,0,4,0.0,0.0,인천광역시 영종구 공항로 271 직원 전용으로 일반인 사용불가,인천국제공항공사
ICIA0027,인천공항 인재개발원 주차장,37.455178,126.386538,중구,8,4,4,0,8,0,100.0,50.0,인천광역시 영종구 을왕동 835-2 주차장 진입 후 왼쪽,인천국제공항공사
ICIA0028,인천공항 자원회수시설 주차장,37.493071,126.478073,중구,2,0,2,0,2,0,100.0,0.0,인천광역시 영종구 영종해안북로 1050번길 78-19 환경자원회수시설 관리사무실 뒤,인천국제공항공사
ICIA0029,인천공항 화물청사역 주차장,37.459616,126.477992,중구,8,2,6,0,8,0,100.0,25.0,인천광역시 영종구 운서동 2844-4 주차장 초입,인천국제공항공사
ICIA0030,인천공항 지원단지 주차장,37.481004,126.451891,중구,14,4,10,0,14,0,100.0,28.57,인천광역시 영종구 공항동록 465번길 주차장 진입(우측) 후 오른쪽,인천국제공항공사
ICIA0031,인천공항 T1 예약주차장 (P5),37.4421,126.4564,중구,26,8,18,0,26,0,100.0,30.77,인천광역시 영종구 운서동 2851-76 주차장 진입 후 오른쪽 끝,인천국제공항공사
ICIA0032,인천공항 T1 장기주차장 (P1) 3,37.444833,126.455217,중구,47,0,47,0,47,0,100.0,0.0,인천광역시 영종구 공항로 187 T1 장기주차장 동측 위치 / 주차장 진입 후 왼쪽,인천국제공항공사
ICIA0033,인천공항 T1 장기주차장 (P2) 3,37.444517,126.454558,중구,46,0,46,0,46,0,100.0,0.0,인천광역시 영종구 공항로 423 T1 장기주차장 서측 위치 / 주차장 진입 후 오른쪽,인천국제공항공사
ICIA0034,인천공항 T1 장기주차장 (P3),37.443769,126.456223,중구,24,14,10,0,24,0,100.0,58.33,인천광역시 영종구 공항로 187 T1 장기주차장 P3 진입 후 왼쪽 끝,인천국제공항공사
ICIA0035,인천공항 T1 장기주차장 (P4),37.441348,126.452055,중구,20,6,14,0,20,0,100.0,30.0,인천광역시 영종구 공항로 423 T1 장기주차장 P4 진입 후 왼쪽 끝,인천국제공항공사
ICIA0038,인천공항 스카이돔 주차장,37.442864,126.46314,중구,10,0,10,0,10,0,100.0,0.0,인천광역시 영종구 공항로424번길 43 스카이돔 앞,인천국제공항공사
ICIA0044,인천공항 T2 단기주차장 서편 2F,37.468668,126.430951,중구,8,0,8,0,8,0,100.0,0.0,인천광역시 영종구 제2터미널대로 444 T2 단기주차장(서편) 2층 149번 기둥,인천국제공항공사
ICIA0045,인천공항 T2 단기주차장 서편 3F,37.468468,126.431092,중구,8,0,8,0,8,0,100.0,0.0,인천광역시 영종구 제2터미널대로 444 T2 단기주차장(서편) 3층 158번 기둥,인천국제공항공사
ICIA0047,인천공항 T2 장기주차빌딩 (P1) 2F,37.483377,126.413162,중구,10,0,10,0,10,0,100.0,0.0,인천광역시 영종구 제2터미널대로 332 P1장기주차빌딩 2층 329번 기둥,인천국제공항공사
ICIA0048,인천공항 T2 장기주차빌딩 (P1) 3F,37.48349,126.413524,중구,10,0,10,0,10,0,100.0,0.0,인천광역시 영종구 제2터미널대로 332 P1장기주차빌딩 3층 339번 기둥,인천국제공항공사
ICIA0049,인천공항 T2 장기주차빌딩 (P1) 4F,37.483674,126.413774,중구,10,0,10,0,10,0,100.0,0.0,인천광역시 영종구 제2터미널대로 332 P1장기주차빌딩 4층 349번 기둥,인천국제공항공사
ICIA0050,인천공항 T2 장기주차빌딩 (P2) 2F,37.483966,126.414164,중구,10,0,10,0,10,0,100.0,0.0,인천광역시 영종구 제2터미널대로 332 P2장기주차빌딩 2층 429번 기둥,인천국제공항공사
ICIA0051,인천공항 T2 장기주차빌딩 (P2) 3F,37.484093,126.41458,중구,10,0,10,0,10,0,100.0,0.0,인천광역시 영종구 제2터미널대로 332 P2장기주차빌딩 3층 439번 기둥,인천국제공항공사
ICIA0052,인천공항 T2 장기주차빌딩 (P2) 4F,37.484259,126.4149,중구,10,0,10,0,10,0,100.0,0.0,인천광역시 영종구 제2터미널대로 332 P2장기주차빌딩 4층 449번 기둥,인천국제공항공사
ICIA0059,인천공항 물류단지 공원주차장,37.48258,126.474452,중구,4,0,4,0,4,0,100.0,0.0,인천광역시 영종구 운서동 3177-3,인천국제공항공사
ICIA0060,인천공항 주변전소C (A/S),37.473861,126.426927,중구,2,0,2,0,0,2,0.0,0.0,인천광역시 영종구 운서동 3233-73 직원 전용으로 일반인 사용불가,인천국제공항공사
ICIA0062,인천공항 신불 관제송신소,37.454931,126.481905,중구,4,0,4,0,4,0,100.0,0.0,인천광역시 영종구 운서동 3245-3,인천국제공항공사
ICIA0063,인천공항 T2 중수도시설 주차장 (A/S),37.4879553,126.4121595,중구,1,1,0,0,0,1,0.0,100.0,인천광역시 영종구 제2터미널대로 256 주차장 진입 후 왼쪽,인천국제공항공사
ICIA0064,인천공항 중수도시설 주차장,37.43998,126.465827,중구,2,0,2,0,0,2,0.0,0.0,인천광역시 영종구 공항로424번길 86-27 태양광패널 좌측 주차장,인천국제공항공사
ICIA0065,인천공항 조업장비 정비시설A (A/S),37.4766044,126.452908,중구,2,0,2,0,0,2,0.0,0.0,인천광역시 영종구 운서동 2840-11 한국공항 정비고 앞,인천국제공항공사
ICIA0066,인천공항 기내식시설A 부설주차장,37.482375,126.448608,중구,22,1,21,0,0,22,0.0,4.55,인천광역시 영종구 공항동로465번길 130 주차장 진입 후 왼쪽,인천국제공항공사
ICIA0067,클럽72 하늘코스 주차장,37.44685,126.48235,중구,6,0,6,0,0,6,0.0,0.0,인천광역시 영종구 공항동로135번길 267 주차장 진입 후 건물 오른쪽,인천국제공항공사
ICIA0068,클럽72 드림골프레인지 주차장,37.495352,126.460132,중구,12,0,12,0,0,12,0.0,0.0,인천광역시 영종구 운서동 3196-3 주차장 진입 후 정면 끝,인천국제공항공사
ICIA0069,클럽72 바다코스 제1주차장,37.482973,126.466524,중구,2,0,2,0,0,2,0.0,0.0,인천광역시 영종구 공항동로 392 P1 장기주차장 진입 후 왼쪽 끝,인천국제공항공사
ICIA0070,클럽72 바다코스 제2주차장,37.483769,126.4337589,중구,16,0,16,0,0,16,0.0,0.0,인천광역시 영종구 공항동로 392 2주차장(서울),인천국제공항공사
ICIA0071,인천공항 T2 장기주차장 B110구역,37.478307,126.417797,중구,20,0,20,0,20,0,100.0,0.0,인천광역시 영종구 제2터미널대로 334 T2 장기주차장(야외) B110구역,인천국제공항공사
ICIA0072,인천공항 T2 예약주차장,37.478444,126.418139,중구,36,8,28,0,36,0,100.0,22.22,인천광역시 영종구 제2터미널대로 332 T2 예약주차장 진입 후 끝,인천국제공항공사
ICIA0073,인천공항 T2 주차대행 주차장 2,37.48513,126.40823,중구,31,0,31,0,31,0,100.0,0.0,인천광역시 영종구 운서동 3233-53 주차장 진입 후 왼쪽,인천국제공항공사
ICIA0075,인천공항 공항경비대본부 주차장,37.48221,126.454306,중구,4,0,4,0,0,4,0.0,0.0,인천광역시 영종구 공항동로2길 45-20 주차장 진입 후 오른쪽,인천국제공항공사
ICIA0076,인천공항 ICT센터 주차장,37.48635,126.414986,중구,2,0,2,0,2,0,100.0,0.0,인천광역시 영종구 운서동 3234-15 주차장 진입 후 오른쪽,인천국제공항공사
ICIA0077,인천공항 소방대본부 주차장,37.485185,126.445484,중구,2,0,2,0,2,0,100.0,0.0,인천광역시 영종구 공항로 272 주차장 진입 후 오른쪽,인천국제공항공사
ICIA0078,인천공항 동력동A 주차장,37.44792,126.46137,중구,2,0,2,0,0,2,0.0,0.0,인천광역시 영종구 운서동 2851-208 주차장 진입 후 오른쪽,인천국제공항공사
ICIA0079,인천공항 제3배전변전소 주차장,37.44149,126.4489,중구,4,2,2,0,0,4,0.0,50.0,인천광역시 영종구 운서동 2851-54 주차장 진입 후 오른쪽,인천국제공항공사
ICIA0080,인천공항 기내식시설B 부설주차장,37.482954,126.44893,중구,5,0,5,0,5,0,100.0,0.0,인천광역시 영종구 공항동로 465번길 108 주차장 진입 후 오른쪽,인천국제공항공사
ICIA0081,인천공항 AICC (A/S) 2,37.4812331,126.4549629,중구,4,2,2,0,0,4,0.0,50.0,인천광역시 영종구 운서동 2858-4 A구역,인천국제공항공사
ICIA0082,인천공항 물류단지 행정지원센터 3,37.479586,126.476789,중구,14,4,10,0,14,0,100.0,28.57,인천광역시 영종구 운서동 3167-9 주차장 진입 후 왼쪽,인천국제공항공사
ICIA0083,인천공항 주변전소A (A/S),37.4786869,126.4515219,중구,2,0,2,0,0,2,0.0,0.0,인천광역시 영종구 운서동 2864-52 주차장 진입 후 오른쪽,인천국제공항공사
ICIA0084,인천공항 주변전소B (A/S),37.43938,126.464699,중구,3,0,3,0,0,3,0.0,0.0,인천광역시 영종구 공항로424번길 86-25 진입 후 안쪽 보안구역,인천국제공항공사
ICIA0085,인천공항 T2 GSE 253 (A/S),37.4678108,126.4374152,중구,2,0,2,0,0,2,0.0,0.0,인천광역시 영종구 제2터미널대로 446 브릿지 하단,인천국제공항공사
ICIA0086,인천공항 T2 GSE 231 (A/S),37.4659129,126.4335451,중구,2,0,2,0,0,2,0.0,0.0,인천광역시 영종구 제2터미널대로 446 브릿지 하단,인천국제공항공사
ICIA0087,인천공항 T2 GSE 248 (A/S),37.4651526,126.4315562,중구,2,0,2,0,0,2,0.0,0.0,인천광역시 영종구 제2터미널대로 446 브릿지 하단,인천국제공항공사
ICIA0088,인천공항 T1 GSE 28 (A/S),37.4499894,126.4497443,중구,2,0,2,0,0,2,0.0,0.0,인천광역시 영종구 공항로 272 브릿지 하단,인천국제공항공사
ICIA0089,인천공항 T1 GSE 11 (A/S),37.4509572,126.4539208,중구,2,0,2,0,0,2,0.0,0.0,인천광역시 영종구 공항로 272 브릿지 하단,인천국제공항공사
ICIA0090,인천공항 T1 GSE 45 (A/S),37.4470521,126.4474041,중구,2,0,2,0,0,2,0.0,0.0,인천광역시 영종구 공항로 272 브릿지 하단,인천국제공항공사
ICIA0091,인천공항 탑승동 GSE 112 (A/S),37.458247,126.446363,중구,2,0,2,0,0,2,0.0,0.0,인천광역시 영종구 공항로 272 브릿지 하단,인천국제공항공사
ICIA0092,인천공항 탑승동 GSE 122 (A/S),37.456386,126.44237,중구,2,0,2,0,0,2,0.0,0.0,인천광역시 영종구 공항로 272 브릿지 하단,인천국제공항공사
IM000024,삼성바이오로직스 드림파크 어린이집,37.367429495,126.66288737,연수구,6,2,4,0,3,3,50.0,33.33,인천광역시 연수구 송도바이오대로 300 삼성바이오로직스 드림파크 어린이집 야외 주차장,아이마켓코리아
IM000025,삼성이앤에이 송도현장사무실,37.3600543,126.6564762,연수구,8,2,6,0,4,4,50.0,25.0,인천광역시 연수구 송도동 430-5 삼성바이로직스 5공장부지 삼성엔지니어링 송도현장사무실,아이마켓코리아
IM000122,삼성바이오로직스 P4 주차타워 1,37.366102,126.660769,연수구,8,8,0,0,0,8,0.0,100.0,인천광역시 연수구 송도바이오대로 300 P4주차타워,아이마켓코리아
IM000341,간석래미안자이아파트A,37.46428,126.708654,남동구,9,0,9,0,0,9,0.0,0.0,인천광역시 남동구 남동대로 860 20동 지하1층 03기둥,아이마켓코리아
IM000342,간석래미안자이아파트B,37.46428,126.708654,남동구,5,0,5,0,0,5,0.0,0.0,인천광역시 남동구 남동대로 860 3동 지하1층 06기둥,아이마켓코리아
IM000343,간석래미안자이아파트C,37.46428,126.708654,남동구,3,0,3,0,0,3,0.0,0.0,인천광역시 남동구 남동대로 860 5동 지하1층 62기둥,아이마켓코리아
IM000344,간석래미안자이아파트D,37.46428,126.708654,남동구,6,0,6,0,0,6,0.0,0.0,인천광역시 남동구 남동대로 860 20동 지하1층 01기둥,아이마켓코리아
IM000345,간석래미안자이아파트E,37.46428,126.708654,남동구,6,0,6,0,0,6,0.0,0.0,인천광역시 남동구 남동대로 860 20동 지하1층 05기둥,아이마켓코리아
IM000346,간석래미안자이아파트F,37.46428,126.708654,남동구,6,0,6,0,0,6,0.0,0.0,인천광역시 남동구 남동대로 860 2동 지하1층 03기둥,아이마켓코리아
IM000347,간석래미안자이아파트G,37.46428,126.708654,남동구,6,0,6,0,0,6,0.0,0.0,인천광역시 남동구 남동대로 860 16동 지하 1층 107기둥,아이마켓코리아
IM000348,간석래미안자이아파트H,37.46428,126.708654,남동구,9,0,9,0,0,9,0.0,0.0,인천광역시 남동구 남동대로 860 18동 지하 1층 85기둥,아이마켓코리아
IM000411,연수영남아파트 A,37.4187,126.6833,연수구,10,0,10,0,10,0,100.0,0.0,인천광역시 연수구 새말로 111 109동 뒤,아이마켓코리아
IN032002,반안프라자2,37.532625,126.645514,서구,1,0,1,0,1,0,100.0,0.0,인천광역시 서해구 청라커낼로260번길 7-9 지하 3층 주차장,신세계아이앤씨
IN032023,대안파크타운B동,37.5226,126.7008,부평구,2,0,2,0,2,0,100.0,0.0,인천광역시 부평구 부평북로 71 대안파크B동 지상주차장 지상주차장,신세계아이앤씨
IN032034,이마트계양점E,37.531,126.7372,계양구,3,0,3,0,3,0,100.0,0.0,인천광역시 계양구 봉오대로 785 이마트계양점 3층 지상3층,신세계아이앤씨
IN032035,이마트동인천점E,37.4666,126.6288,중구,2,0,2,0,2,0,100.0,0.0,인천광역시 제물포구 인중로 134 이마트동인천점 4층 지상4층,신세계아이앤씨
IN032036,이마트연수점E,37.4041,126.6811,연수구,2,0,2,0,2,0,100.0,0.0,인천광역시 연수구 경원대로 184 이마트연수점 3층 지상3층,신세계아이앤씨
JA280004,롯데마트 계양점,37.5408493,126.7360035,계양구,13,4,9,0,13,0,100.0,30.77,인천광역시 계양구 장제로 822 롯데마트 계양점 지상 5층 지상 5층 503번 구역,이브이시스
JA280006,롯데마트 영종도점,37.4927747,126.4908026,중구,9,7,2,0,9,0,100.0,77.78,"인천광역시 영종구 흰바위로 51 롯데마트 영종도점 지상 3,4,5층 지상 4층, 5층(급속)",이브이시스
JA280007,롯데마트 청라점,37.5312887,126.6487248,서구,12,4,8,0,12,0,100.0,33.33,인천광역시 서해구 청라커낼로 252 롯데마트 청라점 지상 4층 지상 4층,이브이시스
JA280008,롯데마트 검단점,37.594532,126.6645754,서구,8,6,2,0,8,0,100.0,75.0,인천광역시 검단구 원당대로 581 롯데마트 검단점 지상 4층 롯데마트 검단점 지상 4층 452기둥(1번~3번),이브이시스
JA280010,(출입제한)하나금융그룹 통합데이터센터,37.55565649,126.62755177,서구,12,3,9,0,0,12,0.0,25.0,인천광역시 서해구 에코로 167 하나금융그룹 통합데이터센터 지상 1층,이브이시스
JA280011,롯데백화점 인천점(인천터미널),37.44248,126.7024493,미추홀구,31,8,23,0,31,0,100.0,25.81,"인천광역시 미추홀구 연남로 35 롯데백화점 인천점(인천터미널) 지상 5층, 지상 6층",이브이시스
JA280012,인천광역시의료원,37.47817834,126.66872165,동구,2,2,0,0,2,0,100.0,100.0,인천광역시 제물포구 방축로 217 인천광역시의료원 1층 야외주차장,이브이시스
JA280013,인천북부교육문화센터,37.5049427,126.708945,부평구,2,2,0,0,2,0,100.0,100.0,인천광역시 부평구 원적로 391 인천북부문화센터 인천북부문화센터 지상주차장,이브이시스
JA280015,인천 송도씨워크인테라스한라,37.4015425,126.631337,연수구,15,2,13,0,0,15,0.0,13.33,"인천광역시 연수구 센트럴로 313 송도씨워크인테라스한라 지하 1층, 지하 3층",이브이시스
JA280016,롯데마트 연수점,37.4153953,126.6749966,연수구,10,4,6,0,10,0,100.0,40.0,인천광역시 연수구 청능대로 87 롯데마트 연수점 지상 4층,이브이시스
JA280017,베어즈베스트청라골프클럽 지상주차장,37.54452678,126.63397501,서구,3,2,1,0,3,0,100.0,66.67,인천광역시 서해구 청라대로316번길 45 베어즈베스트청라골프클럽 지상주차장 지상 1층 본관 입구 기준 좌측 주차장,이브이시스
JA280018,베어즈베스트청라골프클럽 지하주차장,37.54457473,126.63345709,서구,6,0,6,0,6,0,100.0,0.0,인천광역시 서해구 청라대로316번길 45 베어즈베스트청라골프클럽 지하주차장,이브이시스
JA280019,베어즈베스트청라골프클럽 연습장주차장,37.5486275,126.6365577,서구,3,0,3,0,3,0,100.0,0.0,인천광역시 서해구 청라대로316번길 45 베어즈베스트청라골프클럽 연습장주차장,이브이시스
JA280020,홈플러스 작전점,37.525678,126.7214811,계양구,17,4,13,0,17,0,100.0,23.53,"인천광역시 계양구 계양대로 27 홈플러스 작전점 지상 3층 주차장, 출구방향",이브이시스
JA280021,롯데마트 삼산점,37.5079535,126.732399,부평구,15,6,9,0,15,0,100.0,40.0,인천광역시 부평구 길주로 623 롯데마트 삼산점 롯데마트 삼산점 지하 4층,이브이시스
JA280022,롯데마트 부평점,37.5046637,126.7036192,부평구,15,4,11,0,15,0,100.0,26.67,인천광역시 부평구 마장로 296 롯데마트 부평점 롯데마트 부평점 지상4층 주차장,이브이시스
JA280023,인천 송도 더샵센트럴파크3차 판매시설,37.3897376,126.6388337,연수구,2,1,1,0,2,0,100.0,50.0,인천광역시 연수구 인천타워대로180번길 11 더샵센트럴파크3차 판매시설 지하 1층 지하1층 기둥 B05,이브이시스
JA280024,홈플러스 인하점,37.4477116,126.6510004,미추홀구,16,6,10,0,16,0,100.0,37.5,인천광역시 미추홀구 소성로 6 홈플러스 인하점 지하 2층,이브이시스
JA280027,부평맑은내공원,37.52057609,126.69157971,부평구,1,0,1,0,1,0,100.0,0.0,인천광역시 부평구 평천로 26-47 부평맑은공원,이브이시스
JA280028,인천 송도 셀트리온 연구센터,37.3749317,126.637389,연수구,11,2,9,0,0,11,0.0,18.18,인천광역시 연수구 아카데미로51번길 20 셀트리온 연구센터,이브이시스
JA280029,롯데알미늄 인천공장(출입제한),37.4721598,126.6794029,미추홀구,2,0,2,0,0,2,0.0,0.0,인천광역시 미추홀구 염전로333번길 8 롯데알미늄 인천공장 지상 1층,이브이시스
JA280030,홈플러스 인천송도점,37.3803159,126.6557051,연수구,16,6,10,0,16,0,100.0,37.5,인천광역시 연수구 송도국제대로 165 홈플러스 인천송도점 지상 3층,이브이시스
JA280031,인천광역시의료원 3주차장,37.4783994,126.668048,동구,7,7,0,0,7,0,100.0,100.0,인천광역시 제물포구 방축로 217 인천광역시의료원 3주차장 인천광역시의료원 3주차장 지상 1층,이브이시스
JA280032,인천 부영송도타워 지하3층,37.3923875,126.6340103,연수구,11,0,11,0,11,0,100.0,0.0,인천광역시 연수구 인천타워대로 241 부영송도타워 지하3층,이브이시스
JA280033,인천 부영송도타워 지하4층,37.3924707,126.6339647,연수구,11,0,11,0,11,0,100.0,0.0,인천광역시 연수구 인천타워대로 241 부영송도타워 지하4층,이브이시스
JA280034,인천 남동구 마크원 지상 1층,37.3998159,126.7083723,남동구,2,1,1,0,2,0,100.0,50.0,인천광역시 남동구 호구포로 194 마크원 지상 1층,이브이시스
JA280035,인천 남동구 마크원 지상 4층,37.3997506,126.7083782,남동구,2,0,2,0,2,0,100.0,0.0,인천광역시 남동구 호구포로 194 마크원 지상 4층,이브이시스
JA280036,홈플러스 구월점,37.4517226,126.7026162,남동구,20,6,14,0,20,0,100.0,30.0,인천광역시 남동구 예술로 198 홈플러스 구월점 지하 5층,이브이시스
JA280037,롯데슈퍼 신현점,37.5163962,126.6685726,서구,1,1,0,0,1,0,100.0,100.0,인천광역시 서해구 신현동 138-3 롯데슈퍼 신현점 지상 1층,이브이시스
JA280038,홈플러스 인천논현점,37.4008945,126.726111,남동구,13,6,7,0,13,0,100.0,46.15,인천광역시 남동구 청능대로 596 홈플러스 인천논현점 홈플러스 인천논현점 지하 3층,이브이시스
JA280039,인천시 연수2차 한양아파트상가A동,37.4064855,126.672186,연수구,3,0,3,0,3,0,100.0,0.0,인천광역시 연수구 앵고개로 266 연수2차 한양아파트상가A동 지상 1층,이브이시스
JA280040,베스트웨스턴 인천공항호텔,37.4385712,126.4600171,중구,2,0,2,0,2,0,100.0,0.0,인천광역시 영종구 공항로424번길 48-27 베스트웨스턴 인천공항호텔 지상1층,이브이시스
JA280041,인천 삼화복합빌딩,37.4586997,126.6480728,미추홀구,3,0,3,0,3,0,100.0,0.0,인천광역시 미추홀구 독배로 443 삼화복합빌딩 지하 4층,이브이시스
JA280042,인천 에이스 빌딩,37.4576814,126.6881084,미추홀구,1,1,0,0,1,0,100.0,100.0,인천광역시 미추홀구 경인로 434 인천 에이스 빌딩 지하1층,이브이시스
JA280043,롯데글로벌로지스 경인집배센터,37.5657734,126.6023114,서구,4,4,0,0,0,4,0.0,100.0,인천광역시 검단구 갑문3로 26 롯데글로벌로지스 경인집배센터 롯데글로벌로지스 경인집배센터 지상 1층,이브이시스
JA280044,(출입제한)대한항공 정비시설,37.4783935,126.4275381,중구,7,0,7,0,0,7,0.0,0.0,인천광역시 영종구 공항로 272 대한항공 정비시설,이브이시스
JA280045,인천 월드메르디앙 부평,37.5231239,126.7030937,부평구,5,0,5,0,0,5,0.0,0.0,인천광역시 부평구 부평북로 89 월드메르디앙 부평 지하 1층 지하 1층 (기둥 B17 ~ B19),이브이시스
JA280046,인천 송도 카리스프라자,37.396117427,126.64725608,연수구,2,0,2,0,2,0,100.0,0.0,인천광역시 연수구 해돋이로 160-19 카리스프라자 지하 1층,이브이시스
JA280047,인천시 부평민자역사,37.4902831,126.7209567,부평구,4,0,4,0,4,0,100.0,0.0,인천광역시 부평구 광장로 16 부평민자역사 지상 4층,이브이시스
JA280048,롯데마트 부평역점,37.4900415,126.7245251,부평구,16,4,12,0,16,0,100.0,25.0,인천광역시 부평구 광장로 16 롯데마트 부평역점 지상 3층 롯데마트 부평역점 지상 3층(옥상층),이브이시스
JA280049,홈플러스 가좌점,37.4973546,126.6713538,서구,15,6,9,0,15,0,100.0,40.0,인천광역시 서해구 가정로151번길 11 홈플러스 가좌점 지상 4층,이브이시스
JA280050,인천 송도 셀트리온 사무동,37.3719956,126.6407505,연수구,3,0,3,0,3,0,100.0,0.0,인천광역시 연수구 아카데미로51번길 19 지상 1층,이브이시스
JA280051,인천시 남동구 마커스 빌딩,37.4505349,126.7051015,남동구,2,0,2,0,2,0,100.0,0.0,인천광역시 남동구 미래로 6 인천시 남동구 마커스 빌딩 지하 1층 B5-B6번 기둥,이브이시스
JA280052,인천 중구 왕산마리나,37.4579235,126.3571443,중구,3,1,2,0,3,0,100.0,33.33,인천광역시 영종구 왕산마리나길 143 왕산마리나 지상 주차장,이브이시스
JA280053,인천 더샵송도프라임뷰25BL아파트,37.3842676,126.6262614,연수구,7,1,6,0,0,7,0.0,14.29,"인천광역시 연수구 인천타워대로231번길 117 더샵송도프라임뷰25BL아파트 지하 1층 주차장 2501동 입구, 2504동 D-04기둥",이브이시스
JA280054,인천 남동구 소래 제5공영주차장,37.4012996,126.738886,남동구,3,0,3,0,3,0,100.0,0.0,인천광역시 남동구 논현동 66-99 지상 1층,이브이시스
JA280055,인천 남동구 돌산마루1호 공영주차장,37.464629,126.7180397,남동구,2,0,2,0,2,0,100.0,0.0,인천광역시 남동구 간석동 940-1 지상 2층,이브이시스
JA280056,인천 남동구 독점 공영주차장,37.4506674,126.7122464,남동구,1,0,1,0,1,0,100.0,0.0,인천광역시 남동구 구월동 1210-16 지상 2층,이브이시스
JA280057,인천 남동구 서창3호 공영주차장,37.4329754,126.7516877,남동구,1,0,1,0,1,0,100.0,0.0,인천광역시 남동구 서창동 575-1 지상 1층,이브이시스
JA280058,인천 남동구 약산 제1호 공영주차장,37.4677907,126.7120875,남동구,1,0,1,0,1,0,100.0,0.0,인천광역시 남동구 간석동 86-2 지상 1층,이브이시스
JA280059,인천 중구 서해5도 특별경비단,37.4614377,126.6009544,중구,4,0,4,0,4,0,100.0,0.0,인천광역시 제물포구 축항대로 10 서해5도 특별경비단,이브이시스
JA280060,인천 송도 셀트리온 제3공장,37.3729123,126.6388263,연수구,5,2,3,0,0,5,0.0,40.0,인천광역시 연수구 아카데미로51번길 20 셀트리온 제3공장,이브이시스
JA280061,인천 남동구 소래논현주1 공영주차장,37.3922669,126.7278984,남동구,1,1,0,0,1,0,100.0,100.0,인천광역시 남동구 아암대로1503번길 51 소래논현주1 공영주차장 지상 1층,이브이시스
JA280062,인천 남동구 서창5호 공영주차장,37.4343919,126.7515108,남동구,2,0,2,0,2,0,100.0,0.0,인천광역시 남동구 서창동 567-4 서창5호 공영주차장 지상 1층,이브이시스
JA280063,인천 남동구 남동공단2호 공영주차장,37.4164219,126.7121205,남동구,3,0,3,0,3,0,100.0,0.0,인천광역시 남동구 남촌동644 남동공단2호 공영주차장 지상 1층,이브이시스
JA280064,인천 남동구 새남촌 공영주차장,37.4321148,126.711922,남동구,3,0,3,0,3,0,100.0,0.0,인천광역시 남동구 남촌동482-1 새남촌 공영주차장 지상 1층,이브이시스
JA280065,인천 남동구 구월도매시장 공영주차장,37.4443359,126.7041766,남동구,1,1,0,0,1,0,100.0,100.0,인천광역시 남동구 성말로32번길 19 구월도매시장 공영주차장 지상 1층,이브이시스
JA280066,인천 남동구 구월말로 노상공영주차장,37.4574156,126.7253201,남동구,1,0,1,0,1,0,100.0,0.0,인천광역시 남동구 만수동991-11 구월말로 노상공영주차장 지상 1층,이브이시스
JA280067,인천 남동구 논고개로123번길 노상공영주차장,37.4020252,126.7221794,남동구,1,1,0,0,1,0,100.0,100.0,인천광역시 남동구 논현동706 논고개로123번길 노상공영주차장 지상 1층,이브이시스
JA280068,인천 남동구 남동공단근린공원 노상공영주차장,37.4102441,126.6989313,남동구,2,2,0,0,2,0,100.0,100.0,인천광역시 남동구 논현동 471-6 남동공원근린공원 노상공영주차장 지상 1층,이브이시스
JA280069,인천 남동구 만의골 노상공영주차장,37.4572691,126.7730568,남동구,2,1,1,0,2,0,100.0,50.0,인천광역시 남동구 만의골로 168 만의골 노상공영주차장 지상 1층,이브이시스
JA280070,인천 남동구 하촌로 노상공영주차장,37.4523626,126.7329306,남동구,3,3,0,0,3,0,100.0,100.0,인천광역시 남동구 만수동 999-4 하촌로 노상공영주차장 지상 1층,이브이시스
JA280071,인천 남동구 장수1호 공영주차장,37.4519295,126.7512295,남동구,1,0,1,0,1,0,100.0,0.0,인천광역시 남동구 장수동 767-12 장수1호 공영주차장 지상 1층,이브이시스
JA280072,인천 남동구 장수2호 공영주차장,37.4508921,126.7538775,남동구,1,0,1,0,1,0,100.0,0.0,인천광역시 남동구 장수동 779-13 장수2호 공영주차장 지상 1층,이브이시스
JA280073,인천 남동구 진주4호 공영주차장,37.4582611,126.7256759,남동구,1,0,1,0,1,0,100.0,0.0,인천광역시 남동구 만수동 895-4 진주4호 공영주차장 지상 1층,이브이시스
JA280074,인천 남동구 만수복개5 공영주차장,37.4482979,126.7294558,남동구,1,1,0,0,1,0,100.0,100.0,인천광역시 남동구 구월동1324-12 만수복개5 공영주차장 지상 1층,이브이시스
JA280075,인천 남동구 용천 공영주차장,37.4596427,126.7155181,남동구,1,0,1,0,1,0,100.0,0.0,인천광역시 남동구 석산로208번길 25 용천 공영주차장 지상 2층,이브이시스
JA280076,인천 남동구 소래제2 공영주차장,37.3996731,126.7347666,남동구,2,0,2,0,2,0,100.0,0.0,인천광역시 남동구 논현동750-2 소래제2 공영주차장 지상 1층,이브이시스
JA280077,인천해양경찰서,37.533558294,126.64168818,서구,7,2,5,0,0,7,0.0,28.57,인천광역시 서해구 청라루비로 96 인천해양경찰서 경찰서 옆 야외주차장,이브이시스
JA280078,송도파크레인 동일하이빌,37.407251,126.6585017,연수구,15,0,15,0,0,15,0.0,0.0,인천광역시 연수구 능허대로 343 지하 2층 주차장 지하 2층 주차장 기둥번호 C02,이브이시스
JA280079,롯데칠성음료 부평POOL지점,37.5194166,126.7198047,부평구,3,0,3,0,0,3,0.0,0.0,인천광역시 부평구 부평대로313번길 27 지상 1층 주차장,이브이시스
JA280080,홈플러스 간석점,37.4694536,126.6900349,남동구,18,8,10,0,10,8,55.56,44.44,인천광역시 남동구 경원대로 971 지상 3층 주차장,이브이시스
JA280082,인천시 티오케이첨단재료,37.3643904,126.6511045,연수구,6,0,6,0,0,6,0.0,0.0,인천광역시 연수구 첨단대로60번길 45 야외주차장,이브이시스
JA280083,인천시 만수복개천3 공영주차장,37.4502467,126.7266743,남동구,5,0,5,0,5,0,100.0,0.0,인천광역시 남동구 구월동 1324-12 지상 1층,이브이시스
JA280084,인천시 만수복개천4 공영주차장,37.449459,126.7279598,남동구,2,0,2,0,2,0,100.0,0.0,인천광역시 남동구 구월동 1324-12 지상 1층,이브이시스
JA280085,인천시 선학동 공영주차장,37.4242455,126.6952629,연수구,4,1,3,0,4,0,100.0,25.0,인천광역시 연수구 비류대로541번길 14-7 옥상 주차장,이브이시스
JA280086,인천시 신흥시장 공영주차장,37.4667375,126.6357167,중구,1,1,0,0,1,0,100.0,100.0,인천광역시 제물포구 신흥동2가 1-32 신흥시장 공영주차장 지상주차장 지상 1층,이브이시스
JA280087,인천시 소망 공영주차장,37.4520972,126.7233109,남동구,2,0,2,0,2,0,100.0,0.0,인천광역시 남동구 구월4동 1303-7 지상 1층,이브이시스
JA280088,인천시 영종역 남부공영주차장,37.5107227,126.5237864,중구,1,0,1,0,1,0,100.0,0.0,인천광역시 영종구 운북동 1170-16 지상 1층,이브이시스
JA280089,인천시 영종역 제2공영주차장,37.5100066,126.522725,중구,10,1,9,0,10,0,100.0,10.0,인천광역시 영종구 운북동 477-5 지상 1층,이브이시스
JA280091,영종복합문화센터,37.4805286,126.5320144,중구,6,1,5,0,6,0,100.0,16.67,인천광역시 영종구 찬들로 151 지상1층 주차장,이브이시스
JA280092,인천시 인천도시역사관,37.392847316,126.6355636,연수구,2,0,2,0,2,0,100.0,0.0,인천광역시 연수구 인천타워대로 238 지상주차장,이브이시스
JA280093,인천시 만수복개천1 공영주차장,37.4553356,126.7230221,남동구,4,3,1,0,4,0,100.0,75.0,인천광역시 남동구 구월동 1324-12 지상 1층,이브이시스
JA280094,인천시 만수복개천2 공영주차장,37.4535572,126.7254162,남동구,4,3,1,0,4,0,100.0,75.0,인천광역시 남동구 구월동 1324-12 지상1층 지상 1층,이브이시스
JA280095,인천시 연수역 북부공영주차장,37.4195061,126.6765859,연수구,9,1,8,0,9,0,100.0,11.11,인천광역시 연수구 연수동 587 지상 1층,이브이시스
JA280096,인천시 영종하늘도시 19호 근린공원,37.4994427,126.5684656,중구,2,2,0,0,2,0,100.0,100.0,인천광역시 영종구 은하수로 160 지상1층,이브이시스
JA280097,인천시 영종도 하늘체육공원2주차장,37.488218,126.5573757,중구,4,4,0,0,4,0,100.0,100.0,인천광역시 영종구 하늘달빛로 108 지상 1층,이브이시스
JA280100,성원운수,37.426182695,126.75831963,남동구,2,2,0,0,1,1,50.0,100.0,인천광역시 남동구 서창방산로 136,이브이시스
JA280101,성산여객 본사차고지,37.518270729,126.69004232,부평구,12,12,0,0,1,11,8.33,100.0,인천광역시 부평구 세월천로 199,이브이시스
JA280102,성산여객 연안차고지,37.444989505,126.60155467,중구,2,2,0,0,1,1,50.0,100.0,인천광역시 제물포구 축항대로86번길 135,이브이시스
JA280103,삼환운수,37.426182695,126.75831963,남동구,6,6,0,0,1,5,16.67,100.0,인천광역시 남동구 서창방산로 136,이브이시스
JA280104,성일운수,37.484252736,126.75119172,부평구,6,6,0,0,1,5,16.67,100.0,인천광역시 부평구 경인로1185번길 1,이브이시스
JA280105,인천 서구 아라1동 행정복지센터,37.5852825,126.7090259,서구,4,2,2,0,4,0,100.0,50.0,인천광역시 검단구 이음2로 20 지상주차장,이브이시스
JE060009,논현힘찬병원,37.4012345,126.7144466,남동구,4,2,2,0,0,4,0.0,50.0,인천광역시 남동구 논현로 72,제주전기자동차서비스
JE060012,㈜우리은행 구월동지점,37.4434964,126.7026786,남동구,1,0,1,0,1,0,100.0,0.0,인천광역시 남동구 인하로507번길 1,제주전기자동차서비스
JE060014,동춘동 공영주차장,37.40774542,126.67140218,연수구,1,1,0,0,1,0,100.0,100.0,인천광역시 연수구 앵고개로246번길 7-14 주차장 내,제주전기자동차서비스
JE060017,논현힘찬병원2,37.4012488,126.7139912,남동구,3,0,3,0,3,0,100.0,0.0,인천광역시 남동구 논현로 72 지상 주차장,제주전기자동차서비스
KE000041,인천힐스테이트레이크송도208동B2,37.3980981,126.6202907,연수구,5,0,5,0,0,5,0.0,0.0,"인천광역시 연수구 아카데미로 446 송도동, 힐스테이트 레이크 송도 2차 지하2층 주차장(208동) B05~B17 기둥",한국전기차인프라기술
KE000167,인천부평한국104동,37.483726,126.7309089,부평구,3,0,3,0,3,0,100.0,0.0,인천광역시 부평구 동수로120번길 11 104동 지하1층,한국전기차인프라기술
KE000168,인천부평한국105동,37.4833031,126.7313488,부평구,2,0,2,0,2,0,100.0,0.0,인천광역시 부평구 동수로120번길 11 105동 지하1층,한국전기차인프라기술
KE000172,인천중구영종자이102동,37.4883372,126.5314362,중구,3,0,3,0,3,0,100.0,0.0,인천광역시 영종구 운남서로 7 지하1층주차장 B12기둥 우측,한국전기차인프라기술
KE000173,인천중구영종자이107동,37.4887734,126.5313574,중구,3,0,3,0,3,0,100.0,0.0,"인천광역시 영종구 운남서로 7 지하주차장(107동 ) 지하2층 A20 기둥좌,우측",한국전기차인프라기술
KE000214,인천남동서창꿈에그린,37.4303931,126.7576397,남동구,3,0,3,0,3,0,100.0,0.0,"인천광역시 남동구 운연천로 11 지하주차장(전기실 앞 ) B1F 56번 기둥 좌,우측",한국전기차인프라기술
KE000234,인천남동간석두진,37.4636301,126.7199845,남동구,3,0,3,0,1,2,33.33,0.0,인천광역시 남동구 호구포로899번길 8 지하1층,한국전기차인프라기술
KE000276,인천부평대덕리치아노101동1,37.5081627,126.7319182,부평구,3,0,3,0,3,0,100.0,0.0,인천광역시 부평구 길주로 623 101동 1~4라인앞 4층 05기둥 좌측,한국전기차인프라기술
KE000277,인천부평대덕리치아노201동,37.5081636,126.732331,부평구,2,0,2,0,2,0,100.0,0.0,인천광역시 부평구 길주로 623 101동 9~12라인앞 4층 01기둥 우측,한국전기차인프라기술
KE000282,인천부평산곡현대1차1,37.5055325,126.6948458,부평구,3,0,3,0,3,0,100.0,0.0,인천광역시 부평구 원적로269번길 15 A주차장 지하3층 3-1우측,한국전기차인프라기술
KE000283,인천부평산곡현대1차2,37.5055339,126.6941215,부평구,2,0,2,0,2,0,100.0,0.0,인천광역시 부평구 원적로269번길 15 B주차장 지하3층 3-8우측,한국전기차인프라기술
KE000328,인천남동서창자이,37.4376115,126.7507329,남동구,5,0,5,0,5,0,100.0,0.0,"인천광역시 남동구 장아산로 157 지하주차장(관리동) B2층 04번 기둥좌,우측",한국전기차인프라기술
KE000342,인천학마을서원1주차장,37.5455,126.7418494,계양구,4,0,4,0,4,0,100.0,0.0,인천광역시 계양구 용종로 123 1주차장 지하1층 B1-1기둥우측,한국전기차인프라기술
KE000346,인천송도풍림아이원114동,37.3952409,126.6547462,연수구,3,0,3,0,3,0,100.0,0.0,인천광역시 연수구 신송로118번길 6 지하1층 A06기둥,한국전기차인프라기술
KE000347,인천송도풍림아이원111동,37.3928575,126.6518458,연수구,2,0,2,0,2,0,100.0,0.0,인천광역시 연수구 신송로118번길 6 지하1층 208동 38기둥,한국전기차인프라기술
KE000449,인천서구청라하우스토리커낼뷰,37.5350768,126.641867,서구,3,0,3,0,3,0,100.0,0.0,인천광역시 서해구 청라루비로 106 지하2층 전기실 옆,한국전기차인프라기술
KE000501,인천계양임광그대가,37.5283801,126.7431219,계양구,5,0,5,0,5,0,100.0,0.0,"인천광역시 계양구 효서로 417 지하2층 C-38,39기둥",한국전기차인프라기술
KE000510,인천석남금호어울림1단지,37.5053677,126.669329,서구,3,0,3,0,3,0,100.0,0.0,"인천광역시 서해구 가정로223번길 28 1단지 지하1층 83기둥 좌,우측",한국전기차인프라기술
KE000511,인천석남금호어울림2단지,37.5053677,126.669329,서구,1,0,1,0,1,0,100.0,0.0,인천광역시 서해구 가정로223번길 28 2단지 지하1층 6기둥,한국전기차인프라기술
KE000512,인천석남금호어울림3단지,37.5053677,126.669329,서구,1,0,1,0,1,0,100.0,0.0,인천광역시 서해구 가정로223번길 28 3단지 지하1층 18기둥 우측,한국전기차인프라기술
KE000543,인천가좌진주210동,37.4919263,126.684275,서구,2,0,2,0,2,0,100.0,0.0,인천광역시 서해구 장고개로309번길 24 210동 5.6라인 앞 지상1층 스탠드형,한국전기차인프라기술
KE000682,인천영종조양타워,37.4903958,126.5606428,중구,2,0,2,0,2,0,100.0,0.0,인천광역시 영종구 하늘중앙로 193 지하1층 주차장,한국전기차인프라기술
KE000726,인천LH청아안,37.4307939,126.745425,남동구,5,0,5,0,0,5,0.0,0.0,인천광역시 남동구 서창남순환로 110 B27~B30기둥,한국전기차인프라기술
KE000753,인천힐스테이트레이크송도203동B2,37.3969668,126.6198383,연수구,3,0,3,0,0,3,0.0,0.0,인천광역시 연수구 아카데미로 446 203동 지하2층 A84기둥,한국전기차인프라기술
KE000754,인천힐스테이트레이크송도204동B2,37.3974911,126.6201377,연수구,3,0,3,0,0,3,0.0,0.0,인천광역시 연수구 아카데미로 446 204동 지하2층 B94기둥,한국전기차인프라기술
KE000756,인천힐스테이트레이크송도206동B2,37.3978168,126.6211451,연수구,3,0,3,0,0,3,0.0,0.0,인천광역시 연수구 아카데미로 446 206동 지하2층 C44기둥,한국전기차인프라기술
KE000780,인천송도푸르지오월드마크7단지B1,37.3932105,126.6464567,연수구,1,0,1,0,0,1,0.0,0.0,인천광역시 연수구 컨벤시아대로 116 지하1층 지하1층 주차장,한국전기차인프라기술
KE000781,인천송도푸르지오월드마크7단지B2,37.3931444,126.6465453,연수구,3,0,3,0,0,3,0.0,0.0,인천광역시 연수구 컨벤시아대로 116 지하2층 주차장,한국전기차인프라기술
KE000825,인천부개주공612동,37.4989522,126.7420276,부평구,2,0,2,0,0,2,0.0,0.0,인천광역시 부평구 부개로 12 612동 지상주차장,한국전기차인프라기술
KE000826,인천부개주공605동,37.5001378,126.7405081,부평구,2,0,2,0,0,2,0.0,0.0,인천광역시 부평구 부개로 12 605동 C-03기둥,한국전기차인프라기술
KE000945,인천중구영종풍림아이원,37.4933201,126.4865548,중구,4,0,4,0,0,4,0.0,0.0,인천광역시 영종구 흰바위로 15 관리사무소앞 주차장,한국전기차인프라기술
KE001002,인천연수국립세계문자박물관,37.3947642,126.6377703,연수구,3,1,2,0,3,0,100.0,33.33,인천광역시 연수구 센트럴로 217,한국전기차인프라기술
KE001037,인천미추홀구도원더써밋,37.4652303,126.6460183,미추홀구,2,0,2,0,2,0,100.0,0.0,인천광역시 미추홀구 미추로 58 지하1층 주차장,한국전기차인프라기술(주)
KE001057,인천부평서보한마음101,37.4858907,126.7219062,부평구,1,0,1,0,1,0,100.0,0.0,인천광역시 부평구 경인로920번길 26 지상주차장,한국전기차인프라기술(주)
KE001058,인천중구영종메가타워,37.4797231,126.5020583,중구,3,1,2,0,3,0,100.0,33.33,인천광역시 영종구 흰바위로 236 지하1층 주차장,한국전기차인프라기술(주)
KE001083,인천남동중앙주차타워,37.4413924,126.7079686,남동구,4,0,4,0,4,0,100.0,0.0,인천광역시 남동구 선수촌공원로23번길 20 3층 주차장,한국전기차인프라기술(주)
KE001146,인천서구검단신도시로제비앙라포레1,37.6041246,126.7112061,서구,3,0,3,0,0,3,0.0,0.0,인천광역시 검단구 서로3로 277 검단신도시 로제비앙라포레 지하2층 14번 기둥,(주)한국전기차인프라기술
KE001147,인천서구검단신도시로제비앙라포레2,37.6031556,126.7102623,서구,3,0,3,0,0,3,0.0,0.0,인천광역시 검단구 서로3로 277 검단신도시 로제비앙라포레 지하2층 23번 기둥,(주)한국전기차인프라기술
KE001148,인천서구검단신도시로제비앙라포레3,37.6025436,126.7115283,서구,3,0,3,0,0,3,0.0,0.0,인천광역시 검단구 서로3로 277 검단신도시 로제비앙라포레 지하 2층 14번 기둥,(주)한국전기차인프라기술
KE001149,인천서구검단신도시로제비앙라포레4,37.6022206,126.7081165,서구,3,0,3,0,0,3,0.0,0.0,인천광역시 검단구 서로3로 277 검단신도시 로제비앙라포레 지하 1층 28번 기둥,(주)한국전기차인프라기술
KE001150,인천서구검단신도시로제비앙라포레5,37.6012856,126.7093182,서구,3,0,3,0,0,3,0.0,0.0,인천광역시 검단구 서로3로 277 검단신도시 로제비앙라포레 지하 1층 18번 기둥,(주)한국전기차인프라기술
KE001167,슈피겐코리아 인천물류센터,37.5593162,126.6147974,서구,2,0,2,0,2,0,100.0,0.0,인천광역시 검단구 정서진로 51 슈피겐코리아 인천물류센터 지상 주차장,한국전기차인프라기술
KE001181,인천석남금호어울림1단지 101동,37.5061918,126.6692579,서구,7,0,7,0,0,7,0.0,0.0,인천광역시 서해구 가정로223번길 28 석남금호어울림 1단지 101동 지상주차장,한국전기차인프라기술
KE001182,인천석남금호어울림1단지 107동,37.5050949,126.6692911,서구,4,0,4,0,0,4,0.0,0.0,인천광역시 서해구 가정로223번길 28 석남금호어울림 1단지 107동 앞 지상주차장,한국전기차인프라기술
KE001183,인천석남금호어울림2단지 201동,37.5045417,126.6687332,서구,3,0,3,0,0,3,0.0,0.0,인천광역시 서해구 가정로223번길 28 석남금호어울림 2단지 201동 지상주차장,한국전기차인프라기술
KE001184,인천석남금호어울림3단지 301동,37.5038554,126.6683459,서구,3,0,3,0,0,3,0.0,0.0,인천광역시 서해구 가정로223번길 28 석남금호어울림 3단지 301동 지상주차장,한국전기차인프라기술
KE001207,인천서구검단신도시로제비앙라포레6,37.6025264,126.7118308,서구,3,0,3,0,0,3,0.0,0.0,인천광역시 검단구 서로3로 277 2801동 B2층,(주)한국전기차인프라기술
KE001208,인천서구검단신도시로제비앙라포레7,37.6022136,126.7111537,서구,2,0,2,0,0,2,0.0,0.0,인천광역시 검단구 서로3로 277 검단신도시 로제비앙 라포레 2805동 B1층,(주)한국전기차인프라기술
KE001286,한국전기안전공사 인천지역본부,37.4473308,126.702921,남동구,11,0,11,0,11,0,100.0,0.0,인천광역시 남동구 성말로13번길 36-9,한국전기차인프라기술
KE001293,인천중구영종풍림아이원(지상),37.4935195,126.4865706,중구,4,0,4,0,3,1,75.0,0.0,인천광역시 영종구 흰바위로 15 지상주차장,한국전기차인프라기술
KE001349,인천남동만수주공9단지,37.4422325,126.7346588,남동구,4,0,4,0,0,4,0.0,0.0,인천광역시 남동구 장승남로 34 905동 앞 지상주차장,한국전기차인프라기술
KE001350,인천서구마전주공아파트(지하),37.6029254,126.6489303,서구,8,0,8,0,0,8,0.0,0.0,인천광역시 검단구 봉수대로1440번길 9 3주차장지하,한국전기차인프라기술
KE001351,인천서구마전주공아파트(지상),37.6034833,126.6487418,서구,5,0,5,0,0,5,0.0,0.0,인천광역시 검단구 봉수대로1440번길 9 103동 104동 사이 지상주차장,한국전기차인프라기술
KE001442,인천힐스테이트레이크송도209동B1,37.3969622,126.6204087,연수구,10,0,10,0,0,10,0.0,0.0,인천광역시 연수구 아카데미로 446 힐스테이트레이크송도 2차 지하1층,한국전기차인프라기술
KE001444,인천힐스테이트레이크송도205동B1,37.3980786,126.6203179,연수구,12,0,12,0,2,10,16.67,0.0,인천광역시 연수구 아카데미로 446 힐스테이트 레이크 송도 2차 지하1층,한국전기차인프라기술
KE001451,인천중구그랜드하얏트인천웨스트타워,37.4398299,126.4561133,중구,7,0,7,0,7,0,100.0,0.0,인천광역시 영종구 영종해안남로321번길 190 그랜드하얏트인천 웨스트타워 지하 2층,한국전기차인프라기술
KE001454,인천연수서해그랑블에듀파크604동B2 20기둥,37.4115872,126.6637028,연수구,9,0,9,0,0,9,0.0,0.0,인천광역시 연수구 봉재산로 10 연수 서해그랑블 에듀파크 604동B2 20기둥,한국전기차인프라기술
KE001455,인천연수서해그랑블에듀파크604동B2 01기둥,37.4116621,126.6638398,연수구,3,0,3,0,0,3,0.0,0.0,인천광역시 연수구 봉재산로 10 연수 서해그랑블 에듀파크 604동 B2 01기둥,한국전기차인프라기술
KE001499,인천해양경찰특공대,37.5186579,126.4971045,중구,2,2,0,0,2,0,100.0,100.0,인천광역시 영종구 영종해안북로1204번길 195 해양경찰학교 1층 지상주차장,한국전기차인프라기술
KE001531,인천강화경찰수련원,37.6240982,126.5346502,강화군,2,0,2,0,2,0,100.0,0.0,인천광역시 강화군 길상면 해안남로65번길 15 강화경찰수련원 지상 1층,한국전기차인프라기술
KE001545,인천중부경찰서,37.4729897,126.6179669,중구,1,0,1,0,1,0,100.0,0.0,인천광역시 제물포구 제물량로 237 인천중부경찰서 지상 1층,한국전기차인프라기술
KE001608,인천계양동양주공2 207동,37.5579626,126.755505,계양구,6,0,6,0,0,6,0.0,0.0,인천광역시 계양구 동양로 96 주공아파트 207동 지상 1층,한국전기차인프라기술
KE001609,인천계양동양주공2 205동,37.5578939,126.7540129,계양구,7,0,7,0,1,6,14.29,0.0,인천광역시 계양구 동양로 96 주공아파트 205동 지상 1층,한국전기차인프라기술
KE001622,인천주안골든스테이트,37.4514145,126.6733718,미추홀구,4,0,4,0,0,4,0.0,0.0,인천광역시 미추홀구 인주대로 332 주안동 골든스테이트 지상 1층 주차장,한국전기차인프라기술
KE001624,인천소래휴먼시아3단지 지하1층 314동,37.397221,126.7249776,남동구,33,0,33,0,1,32,3.03,0.0,인천광역시 남동구 앵고개로815번길 22 소래휴먼시아3단지 지하 1층 237기둥,한국전기차인프라기술
KE001625,인천소래휴먼시아3단지 지하1층 308동,37.3960859,126.7246198,남동구,3,0,3,0,0,3,0.0,0.0,인천광역시 남동구 앵고개로815번길 22 소래휴먼시아3단지 지하 1층 55번 기둥,한국전기차인프라기술
KE001626,인천소래휴먼시아3단지 지하1층 305동,37.3968516,126.7241997,남동구,3,0,3,0,0,3,0.0,0.0,인천광역시 남동구 앵고개로815번길 22 소래휴먼시아3단지 지하 1층 151번 기둥,한국전기차인프라기술
KE001636,인천부개5단지주공아파트,37.4994734,126.7382466,부평구,7,0,7,0,0,7,0.0,0.0,인천광역시 부평구 부개로 11 부개5단지 주공아파트 512동 앞,한국전기차인프라기술
KE001637,인천부평엘에이치1단지,37.4849362,126.7297185,부평구,6,0,6,0,0,6,0.0,0.0,인천광역시 부평구 동수로120번길 57 부평엘에이치1단지 102동 뒤,한국전기차인프라기술
KE001638,인천삼산엘에이치1단지,37.5176359,126.7416825,부평구,8,0,8,0,0,8,0.0,0.0,인천광역시 부평구 평천로 447 인천삼산엘에이치1단지 105동 뒤,한국전기차인프라기술
KE001642,인천등대마을논현주공14단지아파트 1405동,37.4091987,126.7364749,남동구,6,0,6,0,0,6,0.0,0.0,인천광역시 남동구 청능대로715번길 22 등대마을논현주공14단지아파트 1412동 앞,한국전기차인프라기술
KE001643,인천등대마을논현주공14단지아파트 1412동,37.4085099,126.7371,남동구,5,0,5,0,0,5,0.0,0.0,인천광역시 남동구 청능대로715번길 22 등대마을논현주공14단지아파트 1405동 앞,한국전기차인프라기술
KE001644,인천등대마을논현주공14단지아파트 1408동,37.4094499,126.7370401,남동구,3,0,3,0,0,3,0.0,0.0,인천광역시 남동구 청능대로715번길 22 등대마을논현주공14단지아파트 1408동,한국전기차인프라기술
KE001645,인천등대마을논현주공14단지아파트 1402동,37.4080054,126.7374531,남동구,6,0,6,0,0,6,0.0,0.0,인천광역시 남동구 청능대로715번길 22 등대마을논현주공14단지아파트 1402동,한국전기차인프라기술
KE001646,인천남동라온휴,37.4642275,126.7070672,남동구,2,0,2,0,0,2,0.0,0.0,인천광역시 남동구 남동대로915번길 19 라온휴 1층 주차장,한국전기차인프라기술
KE001648,인천논현하늘마을엘에이치4단지,37.4027769,126.7157295,남동구,6,0,6,0,0,6,0.0,0.0,인천광역시 남동구 논현로 81 논현하늘마을엘에이치4단지 402동 앞,한국전기차인프라기술
KE001683,인천영종LH67단지아파트,37.5019682,126.5680002,중구,4,0,4,0,0,4,0.0,0.0,인천광역시 영종구 두미포로 244 영종LH67단지아파트 6703동 앞 지상주차장,한국전기차인프라기술
KE001684,인천영종49단지행복주택아파트,37.494854,126.5707428,중구,4,0,4,0,0,4,0.0,0.0,인천광역시 영종구 두미포로 140 영종49단지행복주택아파트 4901동 앞 지상주차장,한국전기차인프라기술
KE001685,인천중구영종1단지엘에이치 145동,37.4846441,126.5002608,중구,8,0,8,0,0,8,0.0,0.0,"인천광역시 영종구 영종대로278번길 50 영종1단지엘에이치, 145동 앞 지상주차장",한국전기차인프라기술
KE001686,인천중구영종1단지엘에이치 146동,37.4842972,126.4994369,중구,6,0,6,0,0,6,0.0,0.0,"인천광역시 영종구 영종대로278번길 50 영종1단지엘에이치, 146동 앞 지상주차장",1877-6546
KE001687,인천영종7단지엘에이치,37.4853262,126.5510555,중구,7,0,7,0,0,7,0.0,0.0,인천광역시 영종구 은하수로 465 영종7단지엘에이치 703동 앞 지상주차장,한국전기차인프라기술
KE001701,인천계양동양주공1 102동,37.559375,126.7547712,계양구,8,0,8,0,0,8,0.0,0.0,인천광역시 계양구 양지로 7 주공아파트 102동 뒤 지상주차장,한국전기차인프라기술
KE001702,인천계양동양주공1 106동,37.5592252,126.7553472,계양구,4,0,4,0,0,4,0.0,0.0,인천광역시 계양구 양지로 7 주공아파트 106동 앞 지상주차장,한국전기차인프라기술
KE001705,인천남동서창엘에이치12단지 1202동,37.4200307,126.7535752,남동구,3,0,3,0,0,3,0.0,0.0,인천광역시 남동구 서창남로 2 인천서창엘에이치12단지 1202동 앞 지상주차장,한국전기차인프라기술
KE001706,인천남동서창엘에이치12단지 1203동,37.4188382,126.7530438,남동구,3,0,3,0,0,3,0.0,0.0,인천광역시 남동구 서창남로 2 인천서창엘에이치12단지 1203동 앞 지상주차장,한국전기차인프라기술
KE001708,인천남동서창엘에이치12단지 1205동,37.4192,126.7538998,남동구,3,0,3,0,0,3,0.0,0.0,인천광역시 남동구 서창남로 2 인천서창엘에이치12단지 1205동 앞 지상주차장,한국전기차인프라기술
KE001709,인천남동서창엘에이치12단지 1209동,37.4180667,126.7537362,남동구,15,0,15,0,0,15,0.0,0.0,인천광역시 남동구 서창남로 2 인천서창엘에이치12단지 1209동 앞 지상주차장,한국전기차인프라기술
KE001710,인천남동서창엘에이치12단지 1213동,37.4185481,126.7517728,남동구,3,0,3,0,0,3,0.0,0.0,인천광역시 남동구 서창남로 2 인천서창엘에이치12단지 1213동 앞 지상주차장,한국전기차인프라기술
KE001711,인천남동서창엘에이치12단지 1214동,37.4193304,126.7520078,남동구,3,0,3,0,0,3,0.0,0.0,인천광역시 남동구 서창남로 2 인천서창엘에이치12단지 1214동 앞 지상주차장,한국전기차인프라기술
KE001739,인천남동서창엘에이치14단지 1401동,37.4281844,126.7588975,남동구,5,0,5,0,0,5,0.0,0.0,인천광역시 남동구 운연천로 9 인천서창엘에이치14단지 1401동 옆 10m 지상주차장 5기,한국전기차인프라기술
KE001740,인천남동서창엘에이치14단지 1403동,37.4283506,126.7576261,남동구,6,0,6,0,0,6,0.0,0.0,인천광역시 남동구 운연천로 9 인천서창엘에이치14단지 1403동 옆 10m 지상주차장 6기,한국전기차인프라기술
KE001743,인천용현동엘에이치미추홀3단지(용마루3BL) 301동A,37.4587874,126.6423167,미추홀구,5,0,5,0,0,5,0.0,0.0,인천광역시 미추홀구 낙섬중로 129 엘에이치미추홀3단지 301동 옆 정문 근처 지상주차장-1거점,한국전기차인프라기술
KE001744,인천용현동엘에이치미추홀3단지(용마루3BL) 301동B,37.458441,126.6431291,미추홀구,5,0,5,0,0,5,0.0,0.0,인천광역시 미추홀구 낙섬중로 129 엘에이치미추홀3단지 301동 옆 정문 근처 지상주차장-2거점,한국전기차인프라기술
KE001745,인천용현동엘에이치미추홀3단지(용마루3BL) 301동C,37.4582877,126.6432364,미추홀구,5,0,5,0,0,5,0.0,0.0,인천광역시 미추홀구 낙섬중로 129 엘에이치미추홀3단지 301동 옆 정문 근처 지상주차장-3거점,한국전기차인프라기술
KE001753,인천부개주공2단지아파트,37.5050618,126.7395544,부평구,4,0,4,0,0,4,0.0,0.0,인천광역시 부평구 길주남로 143 부개주공아파트(2단지) 지상1층 204동 앞,한국전기차인프라기술
KE001790,인천논현휴먼시아 하늘마을3단지 309동,37.4029312,126.7146319,남동구,2,0,2,0,0,2,0.0,0.0,인천광역시 남동구 논현로 45 논현휴먼시아 하늘마을 309동 앞 지상주차장,한국전기차인프라기술
KE001791,인천논현휴먼시아 하늘마을3단지 311동,37.4023244,126.7139506,남동구,12,0,12,0,0,12,0.0,0.0,인천광역시 남동구 논현로 45 논현휴먼시아 하늘마을 311동 앞 지상주차장,한국전기차인프라기술
KE001792,인천논현휴먼시아 하늘마을3단지 316동,37.4029508,126.7121321,남동구,14,0,14,0,0,14,0.0,0.0,인천광역시 남동구 논현로 45 논현휴먼시아 하늘마을 관리사무소 근처 316동 앞 지상주차장,한국전기차인프라기술
KE001799,인천논현휴먼시아범마을2단지 A,37.4045859,126.708926,남동구,3,0,3,0,0,3,0.0,0.0,인천광역시 남동구 은봉로166번길 27 논현휴먼시아 범마을 지하3층주차장 입구 지상주차장,한국전기차인프라기술
KE001800,인천논현휴먼시아범마을2단지 212동,37.4043074,126.7091591,남동구,10,0,10,0,0,10,0.0,0.0,인천광역시 남동구 은봉로166번길 27 논현휴먼시아 범마을 전기실 앞 지상주차장,한국전기차인프라기술
KE001801,인천논현휴먼시아범마을2단지 B,37.403292,126.7096617,남동구,10,0,10,0,0,10,0.0,0.0,인천광역시 남동구 은봉로166번길 27 논현휴먼시아 범마을 212동 앞 지상주차장,한국전기차인프라기술
KE001802,인천주안행복주택(주안역),37.4644215,126.6832503,미추홀구,1,0,1,0,0,1,0.0,0.0,인천광역시 미추홀구 주안로 117-16 주안행복주택 102동 앞 지상주차장,한국전기차인프라기술
KE001803,인천박촌휴먼시아1,37.5579497,126.743767,계양구,4,0,4,0,0,4,0.0,0.0,인천광역시 계양구 장제로1025번길 20 박촌휴먼시아 102동 앞 지상주차장,한국전기차인프라기술
KGKHG003,S-OIL 오일리오 인천지점,37.5495759,126.7426984,계양구,2,2,0,0,2,0,100.0,100.0,인천광역시 계양구 장제로 936 S-OIL 오일리오 인천지점,KH에너지(주)
KL001088,인천도시공사,37.4463795,126.737908,남동구,1,1,0,0,1,0,100.0,100.0,인천광역시 남동구 인주대로914번길 42,(주)클린일렉스
KL001114,삼산임광그대가아파트,37.5190644,126.7444536,부평구,4,0,4,0,0,4,0.0,0.0,인천광역시 부평구 영성서로 10 삼산 임광 그대가 아파트 104동 지하1층/105동 지하1층,(주)클린일렉스
KL001187,해변에서펜션,37.246623,126.480108,옹진군,1,0,1,0,0,1,0.0,0.0,인천광역시 옹진군 영흥면 영흥남로9번길 171 해변에서펜션 정문주차장,(주)클린일렉스
KL001226,청학동보아파트,37.425886,126.662318,연수구,1,0,1,0,0,1,0.0,0.0,인천광역시 연수구 솔샘로 120 동보아파트 101동 지하주차장,(주)클린일렉스
KL001227,계산공업고등학교,37.534911,126.739527,계양구,1,0,1,0,0,1,0.0,0.0,인천광역시 계양구 도두리로 47 계산공업고등학교 지상 주차장,(주)클린일렉스
KL001656,선학금호입주자대표회의_3,37.4264601,126.6998059,연수구,3,0,3,0,0,3,0.0,0.0,인천광역시 연수구 선학로 100 2동 지하2층,(주)클린일렉스
KL001791,영종도 스타타워,37.4887005,126.5589348,중구,5,1,4,0,1,4,20.0,20.0,인천광역시 영종구 자연대로 47 주차장,클린일렉스
KL001792,쓰리엠파크1 주차장,37.5320339,126.6302292,서구,5,1,4,0,5,0,100.0,20.0,인천광역시 서해구 청라한내로72번길 23 쓰리엠파크 빌딩 주차장,클린일렉스
KL001826,호텔베이,37.4441603,126.7024803,남동구,1,1,0,0,1,0,100.0,100.0,인천광역시 남동구 인하로507번길 21-1 호텔베이 주차장,(주)클린일렉스
KL001926,선학뉴서울아파트,37.4253769,126.7004445,연수구,5,0,5,0,5,0,100.0,0.0,인천광역시 연수구 선학로 101 107동 지하1층/104동 지하1층/106동 지하1층,클린일렉스
KL001938,구월유승한내들퍼스티지,37.446062,126.7164186,남동구,5,0,5,0,5,0,100.0,0.0,인천광역시 남동구 선수촌로 75 107동 지하1층/  105동 지하1층,클린일렉스
KL001941,송도파크레인동일하이빌,37.4080386,126.6577402,연수구,5,0,5,0,5,0,100.0,0.0,인천광역시 연수구 능허대로 343 1008동 B1,클린일렉스
KL002062,청라MK뷰,37.5333766,126.6279064,서구,1,0,1,0,1,0,100.0,0.0,인천광역시 서해구 청라한내로 90 청라MK뷰 주차장,클린일렉스
KL002088,서해그랑블아파트,37.5176936,126.7477416,부평구,3,0,3,0,3,0,100.0,0.0,인천광역시 부평구 영성동로18번길 20 204동 지하2층,클린일렉스
KL002103,더샵센트럴파크2단지아파트,37.3951272,126.640408,연수구,1,0,1,0,1,0,100.0,0.0,인천광역시 연수구 센트럴로 194 지하2층,클린일렉스
KL002230,인천교육청,37.45631,126.70311,남동구,2,2,0,0,2,0,100.0,100.0,인천광역시 남동구 정각로 9 . 주차장,(주)클린일렉스
KL002244,인성실업,37.53383,126.63022,서구,4,1,3,0,4,0,100.0,25.0,인천광역시 서해구 청라한내로100번길 24,클린일렉스
KL002257,ABM타워,37.59308,126.7127,서구,4,1,3,0,4,0,100.0,25.0,인천광역시 검단구 원당동 466-1번지,클린일렉스
KL002258,청라M골프,37.50892,126.6474,서구,3,1,2,0,3,0,100.0,33.33,인천광역시 서해구 북항로32번안길 36,(주)클린일렉스
KL002312,미추홀구청 용현3동 주차장,37.45653,126.65046,미추홀구,1,1,0,0,1,0,100.0,100.0,인천광역시 미추홀구 인주대로 119-1,클린일렉스
KL002316,부평남부노인문화센터,37.48477,126.72679,부평구,2,2,0,0,2,0,100.0,100.0,인천광역시 부평구 동수로 68 부평남부노인문화센터,클린일렉스
KL002323,이음초등학교,37.59879,126.71212,서구,2,0,2,0,2,0,100.0,0.0,인천광역시 검단구 이음1로 447 이음초등학교,클린일렉스
KL002329,모노폴리오피스텔,37.48922,126.73381,부평구,5,2,3,0,3,2,60.0,40.0,인천광역시 부평구 부일로 38 모노폴리 오피스텔,클린일렉스
KL002388,구월유승한내들퍼스트지아파트1,37.4464,126.71639,남동구,17,0,17,0,17,0,100.0,0.0,"인천광역시 남동구 선수촌로 75 지하1층 101동 ~102동사이,지하1층 106동,지하1층 103동,지하1층 108동",클린일렉스
KL002453,정석기업(주)영종사무소,37.43908,126.46384,중구,4,0,4,0,4,0,100.0,0.0,인천광역시 영종구 공항로424번길 84 지상 주차장 1층,클린일렉스
KL002536,인천상륙작전기념관,37.41957,126.65424,연수구,2,0,2,0,2,0,100.0,0.0,인천광역시 연수구 청량로 138,클린일렉스
KL002570,미추홀구청 숭의4동 제7노외주차장,37.46425,126.65134,미추홀구,1,1,0,0,1,0,100.0,100.0,인천광역시 미추홀구 경인로116번길 86,클린일렉스
KL002571,유아교육원,37.57778,126.67634,서구,1,1,0,0,1,0,100.0,100.0,인천광역시 검단구 서곶로 670 씨어스_유아교육원,클린일렉스
KL002576,인천원예농협,37.4947,126.72725,부평구,1,1,0,0,1,0,100.0,100.0,인천광역시 부평구 시장로 48 주차장,(주)클린일렉스
KL002579,아람초등학교,37.58724,126.71641,서구,2,0,2,0,2,0,100.0,0.0,인천광역시 검단구 이음1로 289 아람초등학교,클린일렉스
KL002584,정석기업(주)인천관리사무소,37.45852,126.63274,중구,17,0,17,0,17,0,100.0,0.0,"인천광역시 제물포구 서해대로 366 주차타워,신관건물옆주차장,정석주차빌딩 입구좌측",클린일렉스
KL002645,주)선재해림,37.25298,126.52716,옹진군,3,0,3,0,3,0,100.0,0.0,인천광역시 옹진군 영흥면 선재로226번길 107-34 지상주차장,클린일렉스
KL002648,레이덱스,37.51984,126.71069,부평구,1,0,1,0,1,0,100.0,0.0,인천광역시 부평구 안남로 414,(주)클린일렉스
KL002659,주안스포츠 센터,37.46348,126.64998,미추홀구,1,1,0,0,1,0,100.0,100.0,인천광역시 미추홀구 미추홀대로614번길 13-22 인천 미추홀구 동주길29번길 67,클린일렉스
KL002689,운남비전프라자,37.48012,126.50146,중구,2,1,1,0,2,0,100.0,50.0,인천광역시 영종구 흰바위로 228,(주)클린일렉스
KL002722,스카이에비뉴 1차,37.48724,126.55833,중구,1,1,0,0,1,0,100.0,100.0,인천광역시 영종구 하늘달빛로 90-7 주차장 B1층 주차장,클린일렉스
KL002761,에코파크힐 전기차량 충전소,37.46998,126.68745,남동구,3,0,3,0,3,0,100.0,0.0,인천광역시 남동구 염전로425번길 17,(주)클린일렉스
KL002811,인천 계산공업고등학교,37.5344539,126.7394242,계양구,2,0,2,0,2,0,100.0,0.0,인천광역시 계양구 도두리로 47,(주)클린일렉스
KL002813,씨어스_인천테크노파크로봇RD센터,37.52134,126.61137,서구,1,1,0,0,0,1,0.0,100.0,인천광역시 서해구 청라동 100-51 로봇랜드 로봇연구소 주차장,(주)클린일렉스
KL002814,인하대학교 의과대학 부속병원,37.45885,126.63416,중구,19,0,19,0,19,0,100.0,0.0,인천광역시 제물포구 인항로 27,(주)클린일렉스
KL002894,JS프라자2,37.60958,126.69804,서구,1,0,1,0,1,0,100.0,0.0,인천광역시 검단구 동화시로 112 지하1층,(주)클린일렉스
KL200151,씨어스_원창동공영주차장,37.508969864,126.64225058,서구,2,2,0,0,0,2,0.0,100.0,인천광역시 서해구 원석로 150,(주)클린일렉스
KL200200,JS프라자2K,37.609576638,126.69803787,서구,1,1,0,0,1,0,100.0,100.0,인천광역시 검단구 동화시로 112 지하1층,(주)클린일렉스
KL200207,한울오피스텔,37.535731335,126.73456014,계양구,6,2,4,0,6,0,100.0,33.33,인천광역시 계양구 장제로 762,(주)클린일렉스
KL200269,남부종합시장,37.447841573,126.67903479,미추홀구,5,1,4,0,0,5,0.0,20.0,인천광역시 미추홀구 인하로 280,(주)클린일렉스
KP000038,남인천지사,37.42504513,126.6683187,연수구,10,2,8,0,2,8,20.0,20.0,인천광역시 연수구 비류대로 304,한국전력
KP000040,인천직할,37.51690726,126.7271123,부평구,15,2,13,0,2,13,13.33,13.33,인천광역시 부평구 주부토로 246,한국전력
KP000041,제물포지사,37.45491287,126.6332905,중구,4,0,4,0,0,4,0.0,0.0,인천광역시 제물포구 아암대로 80,한국전력
KP000261,LH인천본부,37.40090909875,126.7123238115,남동구,2,2,0,0,2,0,100.0,100.0,인천광역시 남동구 논현로46번길 23,한국전력
KP000264,강화지사,37.742941,126.497996,강화군,3,1,2,0,2,1,66.67,33.33,인천광역시 강화군 강화읍 강화대로 278,한국전력
KP000297,인천전력관리처,37.515867,126.7304143,부평구,2,1,1,0,1,1,50.0,50.0,인천광역시 부평구 주부토로 238,한국전력
KP000598,미래타운4단지,37.5205111734,126.7431441313,부평구,4,1,3,0,0,4,0.0,25.0,인천광역시 부평구 영성중로 57,한국전력
KP000599,롯데캐슬아파트,37.3892369595,126.6651295102,연수구,5,1,4,0,0,5,0.0,20.0,인천광역시 연수구 송도과학로27번길 55,한국전력
KP000600,송도더샵그린워크3차17블럭,37.3993872103,126.6397817868,연수구,3,1,2,0,0,3,0.0,33.33,"인천광역시 연수구 아트센터대로97번길 20 지하주차장, B1H19",한국전력
KP000601,송도풍림3단지아파트,37.3924281664,126.6531811589,연수구,3,1,2,0,0,3,0.0,33.33,인천광역시 연수구 해돋이로84번길 29,한국전력
KP000605,관교쌍용 아파트,37.4423623804,126.6950057689,미추홀구,3,1,2,0,0,3,0.0,33.33,인천광역시 남구 주승로 231,한국전력
KP000606,신흥아이파크 아파트,37.4573884641,126.6331698606,중구,5,1,4,0,0,5,0.0,20.0,인천광역시 제물포구 인항로 30,한국전력
KP000607,용현엑슬루타워 아파트,37.4566609749,126.6380153505,미추홀구,3,1,2,0,0,3,0.0,33.33,인천광역시 남구 아암대로29번길 16,한국전력
KP000608,검단자이1단지 아파트,37.5972843944,126.6389839166,서구,3,1,2,0,0,3,0.0,33.33,인천광역시 검단구 버들로 27,한국전력
KP000609,중부발전사원 아파트,37.5139518582,126.6731241996,서구,1,1,0,0,0,1,0.0,100.0,인천광역시 서해구 가정로 330,한국전력
KP000610,청라롯데캐슬 아파트,37.5302989522,126.6478328574,서구,4,1,3,0,0,4,0.0,25.0,인천광역시 서해구 청라커낼로 252,한국전력
KP000611,청라반도유보라2.0 아파트,37.5244991296,126.6241217631,서구,4,1,3,0,0,4,0.0,25.0,인천광역시 서해구 비지니스로 10,한국전력
KP000837,구월아시아드선수촌센트럴자이 아파트,37.4433503882,126.7124586022,남동구,4,1,3,0,0,4,0.0,25.0,인천광역시 남동구 구월동 선수촌로 55,한국전력
KP000838,서창 LH3단지 청아안,37.4301367627,126.746598716,남동구,3,1,2,0,0,3,0.0,33.33,인천광역시 남동구 서창동 서창남순환로 110,한국전력
KP000845,청라엑슬루타워 아파트,37.5307962374,126.6514553823,서구,4,1,3,0,0,4,0.0,25.0,인천광역시 서해구 연희동 중봉대로586번길 22,한국전력
KP001020,부평금호어울림,37.4785674555,126.6973956812,부평구,2,0,2,0,0,2,0.0,0.0,인천광역시 부평구 십정동 경원대로1110번길 20,한국전력
KP001021,산곡우성1.2.3차 아파트,37.5002774778,126.7130501701,부평구,4,0,0,4,0,4,0.0,0.0,인천광역시 부평구 산곡동 부영로 165 지하주차장,한국전기차충전서비스
KP001022,삼산서해그랑블 아파트,37.5179072982,126.7473293122,부평구,1,0,1,0,0,1,0.0,0.0,인천광역시 부평구 삼산동 영성동로18번길 20,한국전력
KP001023,송도글로벌캠퍼스푸르지오 아파트,37.3781186198,126.6539470779,연수구,5,2,3,0,0,5,0.0,40.0,인천광역시 연수구 송도동 송도문화로28번길 28,한국전력
KP001024,송도더샵그린워크1차,37.3982966149,126.6414403902,연수구,3,1,2,0,0,3,0.0,33.33,인천광역시 연수구 송도동 아트센터대로97번길 30,한국전력
KP001025,송도롯데캐슬 아파트,37.3879634954,126.6672490482,연수구,4,1,3,0,0,4,0.0,25.0,인천광역시 연수구 송도동 송도과학로27번길 70,한국전력
KP001026,에코메트로10단지,37.3912434841,126.7279614345,남동구,2,1,1,0,0,2,0.0,50.0,인천광역시 남동구 논현동 아암대로1503번길 21,한국전력
KP001036,용현대우 아파트,37.4585264361,126.6375497316,미추홀구,4,0,0,4,0,4,0.0,0.0,인천광역시 남구 용현동 아암대로29번길 13,한국전력
KP001037,인천 학익풍림아이원 아파트,37.4404222139,126.661470892,미추홀구,4,1,3,0,0,4,0.0,25.0,인천광역시 남구 학익동 매소홀로 340,한국전력
KP001038,청라푸르지오 아파트,37.5350887669,126.6371568827,서구,4,1,3,0,0,4,0.0,25.0,인천광역시 서해구 크리스탈로102번길 25,한국전력
KP001039,영종자이 아파트,37.4879256752,126.5313384364,중구,4,1,3,0,0,4,0.0,25.0,인천광역시 영종구 운남동 운남서로 7,한국전력
KP001040,영종하늘도시우미린1단지,37.4933043302,126.5550241932,중구,2,1,1,0,0,2,0.0,50.0,인천광역시 영종구 중산동 은하수로 351,한국전력
KP001041,영종하늘도시한라비발디 아파트,37.4926296001,126.5635090186,중구,5,1,4,0,0,5,0.0,20.0,인천광역시 영종구 중산동 하늘별빛로 86,한국전력
KP001375,갈산이안 아파트,37.5169359258,126.7224020728,부평구,1,0,0,1,0,1,0.0,0.0,인천광역시 부평구 갈산동 평천로305번길 15 지하,한국전기차충전서비스
KP001376,작전동보2차 아파트,37.5260494307,126.7313145155,계양구,2,0,0,2,0,2,0.0,0.0,인천광역시 계양구 작전동 장제로663번길 13 지상,한국전기차충전서비스
KP001377,초정마을동아 아파트,37.5381476132,126.7407980804,계양구,1,0,1,0,0,1,0.0,0.0,인천광역시 계양구 용종동 계산새로 109 지상,한국전력
KP001378,그린애비뉴7단지,37.4006268885,126.6481198265,연수구,2,0,2,0,0,2,0.0,0.0,인천광역시 연수구 송도동 컨벤시아대로42번길 35,한국전력
KP001379,논현힐스테이트 아파트,37.4009713065,126.729715248,남동구,4,1,3,0,0,4,0.0,25.0,인천광역시 남동구 논현동 논고개로68번길 49,한국전력
KP001380,더샵퍼스트월드,37.392541647,126.6476788115,연수구,3,1,2,0,0,3,0.0,33.33,인천광역시 연수구 송도동 해돋이로 107,한국전력
KP001381,만수영풍 아파트b단지,37.4615843907,126.7219783756,남동구,1,0,0,1,0,1,0.0,0.0,인천광역시 남동구 만수동 백범로248번길 20,한국전력
KP001382,서창LH8단지 아파트,37.4259504422,126.7456638117,남동구,4,1,3,0,0,4,0.0,25.0,인천광역시 남동구 서창동 서창남순환로 201,한국전력
KP001383,서창현대모닝사이드,37.4390311867,126.7464195714,남동구,4,1,3,0,0,4,0.0,25.0,인천광역시 남동구 서창동 매소홀로 1103,한국전력
KP001384,송도더샵그린애비뉴8단지,37.401742873,126.6464837369,연수구,3,1,2,0,0,3,0.0,33.33,인천광역시 연수구 송도동 컨벤시아대로42번길 61,한국전력
KP001385,송도더샵그린워크2차 아파트,37.4014046033,126.6406756559,연수구,3,0,3,0,0,3,0.0,0.0,인천광역시 연수구 송도동 아트센터대로97번길 15,한국전력
KP001386,송도더샵그린워크3차18블럭,37.3983305975,126.6372209363,연수구,4,0,0,4,0,4,0.0,0.0,인천광역시 연수구 송도동 컨벤시아대로130번길 100,한국전력
KP001387,송도더샵하버뷰13단지,37.3985883441,126.6473659071,연수구,3,1,2,0,0,3,0.0,33.33,인천광역시 연수구 송도동 아트센터대로97번길 75,한국전력
KP001388,송도성지리벨루스,37.3894018862,126.6622921568,연수구,4,1,3,0,0,4,0.0,25.0,인천광역시 연수구 송도동 신송로6번길 7,한국전력
KP001389,송도아트윈푸르지오,37.3928496082,126.6316506483,연수구,3,1,2,0,0,3,0.0,33.33,인천광역시 연수구 송도동 인천타워대로 253-25,한국전력
KP001390,송도에듀포레푸르지오,37.3743172689,126.6604946852,연수구,5,1,4,0,0,5,0.0,20.0,인천광역시 연수구 송도동 송도문화로84번길 24,한국전력
KP001391,송도자이하버뷰1단지,37.3962673686,126.6425793873,연수구,3,1,2,0,0,3,0.0,33.33,인천광역시 연수구 송도동 컨벤시아대로130번길 58,한국전력
KP001392,송도푸르지오하버뷰,37.3982842991,126.6397599609,연수구,4,1,3,0,0,4,0.0,25.0,인천광역시 연수구 송도동 컨벤시아대로130번길 80,한국전력
KP001393,송도해모로월드뷰 아파트,37.3845641498,126.6644502159,연수구,4,1,3,0,0,4,0.0,25.0,인천광역시 연수구 송도동 송도과학로27번길 30,한국전력
KP001394,에코메트로3차더타워 아파트,37.4000506589,126.7321761055,남동구,4,1,3,0,0,4,0.0,25.0,인천광역시 남동구 논현동 소래역남로 40,한국전력
KP001420,인천청라하우스토리,37.5343722083,126.6420887729,서구,2,0,2,0,0,2,0.0,0.0,인천광역시 서해구 경서동 청라루비로 106,한국전력
KP001421,청라17웰카운티 아파트,37.5388882308,126.6579757657,서구,4,1,3,0,0,4,0.0,25.0,인천광역시 서해구 연희동 청라에메랄드로 156,한국전력
KP001422,청라SK뷰,37.5261283651,126.6299012389,서구,4,1,3,0,0,4,0.0,25.0,인천광역시 서해구 경서동 솔빛로 93 지하주차장,한국전력
KP001423,청라상록힐스테이트10블럭,37.5343975152,126.6433060488,서구,2,0,2,0,0,2,0.0,0.0,인천광역시 서해구 경서동 청라커낼로 297,한국전력
KP001424,청라자이 아파트,37.5276735925,126.6570676265,서구,2,1,1,0,0,2,0.0,50.0,인천광역시 서해구 연희동 청라에메랄드로 30,한국전력
KP001425,청라중흥s-클래스1단지 아파트,37.5387105584,126.6526676954,서구,3,1,2,0,0,3,0.0,33.33,인천광역시 서해구 연희동 청라라임로 131,한국전력
KP001429,동산휴먼시아1단지 아파트,37.4751527458,126.6485982529,동구,2,0,2,0,0,2,0.0,0.0,인천광역시 제물포구 송림동 재능로 191,한국전력
KP001430,문학호산 아파트,37.4372198264,126.6828412964,미추홀구,1,0,1,0,0,1,0.0,0.0,인천광역시 남구 문학동 소성로318번길 5,한국전력
KP001431,바흐카운티,37.473630187,126.6396699642,동구,2,0,2,0,0,2,0.0,0.0,인천광역시 제물포구 송림동 금곡로 35,한국전력
KP001432,송림진로 아파트,37.4696233323,126.6495284847,동구,2,0,2,0,0,2,0.0,0.0,인천광역시 제물포구 송림동 새천년로10번길 19,한국전력
KP001433,송림휴먼시아1단지 아파트,37.480723458,126.6518780415,동구,4,1,3,0,0,4,0.0,25.0,인천광역시 제물포구 송림동 송향로 31,한국전력
KP001434,학익동아풍림 아파트,37.4417000724,126.6621793034,미추홀구,2,1,1,0,0,2,0.0,50.0,인천광역시 남구 학익동 소성로 120 지하주차장,한국전력
KP001435,청라더샵레이크파크,37.5308607222,126.6381458064,서구,4,0,0,4,0,4,0.0,0.0,인천광역시 서구 경서동 크리스탈로74번길 26 지하1층,한국전기차충전서비스
KP001436,청라린스트라우스 아파트,37.5347387817,126.6526046548,서구,4,1,3,0,0,4,0.0,25.0,인천광역시 서해구 연희동 청라라임로 85 지하1층,한국전력
KP001437,청라웰카운티19단지,37.534664298,126.6579543263,서구,3,1,2,0,0,3,0.0,33.33,인천광역시 서해구 연희동 청라에메랄드로 112,한국전력
KP001438,청라한라비발디,37.5395089217,126.6388779542,서구,4,1,3,0,0,4,0.0,25.0,인천광역시 서해구 경서동 청라한울로 17 지하1층,한국전력
KP001439,영종우미린2단지,37.4870319248,126.5536864792,중구,5,1,4,0,0,5,0.0,20.0,인천광역시 영종구 중산동 하늘달빛로 113,한국전력
KP001440,영종힐스테이트,37.4912773117,126.5662307028,중구,6,2,4,0,0,6,0.0,33.33,인천광역시 영종구 중산동 하늘별빛로 66,한국전력
KP001863,송도더샵하버뷰14단지,37.3970017521,126.6458916452,연수구,2,0,0,2,0,2,0.0,0.0,인천광역시 연수구 송도동 아트센터대로97번길 76,한국전력
KP001865,에코메트로한화12단지관리소,37.3978772427,126.7337016952,남동구,5,1,4,0,0,5,0.0,20.0,인천광역시 남동구 논현동 논고개로 10,한국전력
KP001874,용현금호2차 아파트,37.4473929582,126.6326807449,미추홀구,2,0,0,2,0,2,0.0,0.0,인천광역시 미추홀구 용현동 매소홀로 68 지상,한국전기차충전서비스
KP001876,청라중흥S클래스2단지 아파트,37.5343108598,126.6553899053,서구,2,0,2,0,0,2,0.0,0.0,인천광역시 서해구 연희동 청라에메랄드로 113,한국전력
KP002071,부평아트센터,37.4822316964,126.7048158898,부평구,1,1,0,0,1,0,100.0,100.0,인천광역시 부평구 아트센터로 166,한국전력
KP002072,삼산농산물도매시장,37.52180648378,126.7488568887,부평구,1,1,0,0,1,0,100.0,100.0,인천광역시 부평구 영성동로 46,한국전력
KP002073,강화군청,37.7461310038,126.4877339989,강화군,1,1,0,0,1,0,100.0,100.0,인천광역시 강화군 강화읍 강화대로 394,한국전력
KP002074,마니산국민관광지,37.6324582684,126.4237957331,강화군,1,1,0,0,1,0,100.0,100.0,인천광역시 강화군 화도면 마니산로675번길 18,한국전력
KP002080,서림초교 뒤 공영주차장,37.4764418641,126.6482214013,동구,1,1,0,0,1,0,100.0,100.0,인천광역시 제물포구 송림동 125-3,한국전력
KP002081,인천업사이클 에코센터,37.4431467387,126.655191445,미추홀구,1,1,0,0,1,0,100.0,100.0,인천광역시 남구 매소홀로 292번길 7,한국전력
KP002290,구월힐스테이트1단지,37.45648219,126.7104372005,남동구,4,2,2,0,0,4,0.0,50.0,인천광역시 남동구 구월동 구월로 192,한국전력
KP002291,한화에코메트로5단지아파트,37.3985556399,126.7308849126,남동구,3,1,2,0,0,3,0.0,33.33,인천광역시 남동구 논현동 소래역남로 39,한국전력
KP002295,청라호반베르디움20블럭아파트,37.5305627596,126.6591315619,서구,4,1,3,0,0,4,0.0,25.0,인천광역시 서해구 연희동 청라에메랄드로76번길 14,한국전력
KP002384,산곡한신휴아파트,37.4995190482,126.7036486316,부평구,1,1,0,0,0,1,0.0,100.0,인천광역시 부평구 산곡동 마장로220번길 13,한국전력
KP002385,서창 서해그랑블,37.4351151094,126.7471333321,남동구,3,1,2,0,0,3,0.0,33.33,인천광역시 남동구 서창동 독곡로48번길 9,한국전력
KP002386,송도더샵센트럴파크2차아파트,37.3937856309,126.6418729413,연수구,4,1,3,0,0,4,0.0,25.0,인천광역시 연수구 송도동 센트럴로 194,한국전력
KP002387,연수대우삼환아파트,37.4064865555,126.678294826,연수구,6,2,4,0,0,6,0.0,33.33,인천광역시 연수구 동춘동 원인재로 88,한국전력
KP002544,하나로마트 인천점,37.5260585829,126.7305859344,계양구,1,0,0,1,1,0,100.0,0.0,인천광역시 계양구 아나지로 341 지상주차장 4층 E10번,한국전력
KP002545,홈플러스 계산점,37.5394708766,126.7361860765,계양구,1,0,0,1,1,0,100.0,0.0,인천광역시 계양구 계산동 1061,한국전력
KP002546,홈플러스 작전점,37.5261502566,126.7211710303,계양구,1,0,0,1,1,0,100.0,0.0,인천광역시 계양구 계양대로 27 지상주차장 3층 6번,한국전력
KP002551,계양구청,37.5374417294,126.7377591636,계양구,4,4,0,0,4,0,100.0,100.0,인천광역시 계양구 계산새로 88 서측주차장 그린존,한국전력
KP002552,부평국민체육센터,37.5186101223,126.7232284145,부평구,1,1,0,0,1,0,100.0,100.0,"인천광역시 부평구 부평대로296번길 33 (갈산동, 부평구 다목적 실내체육관)",한국전력
KP002553,G-Tower(경제자유구역청),37.3957467346,126.6337957343,연수구,4,4,0,0,4,0,100.0,100.0,인천광역시 연수구 아트센터대로 175,한국전력
KP002554,인천경제산업정보테크노파크,37.3825427511,126.6558417437,연수구,2,2,0,0,2,0,100.0,100.0,인천광역시 연수구 갯벌로 12,한국전력
KP002555,용유동사무소,37.4439014672,126.4024362227,중구,1,1,0,0,1,0,100.0,100.0,인천광역시 영종구 마시란로 308-13,한국전력
KP002556,동구청앞 공영주차장,37.4728979669,126.6430332717,동구,1,1,0,0,1,0,100.0,100.0,인천광역시 제물포구 금곡동 55-5,한국전력
KP002643,퀸스타운동성아파트,37.6164174611,126.6881980377,서구,2,1,1,0,0,2,0.0,50.0,인천광역시 검단구 불로동 검단로 788 지하1층 204동앞,한국전력
KP002644,영종한양수자인아파트,37.491276,126.553052,중구,5,0,0,5,0,5,0.0,0.0,인천광역시 중구 중산동 1878-1,한국전기차충전서비스
KP002650,구월 아시아드선수촌 1단지,37.4466175099,126.7117409235,남동구,4,1,3,0,0,4,0.0,25.0,인천광역시 남동구 구월동 선수촌공원로 85,한국전력
KP002673,구월아시아드선수촌6단지,37.4414808168,126.71284092,남동구,2,1,1,0,0,2,0.0,50.0,인천광역시 남동구 구월동 선수촌로 27,한국전력
KP002679,한화꿈에그린아파트,37.5367333187,126.6398824852,서구,4,1,3,0,0,4,0.0,25.0,인천광역시 서해구 경서동 크리스탈로 148 지하1층 A55번,한국전력
KP002699,인천에스케이스카이뷰,37.4520151271,126.645062861,미추홀구,8,2,6,0,0,8,0.0,25.0,인천광역시 남구 용현동 용정공원로 33 지하,한국전력
KP002714,송도웰카운티4단지아파트,37.3816764311,126.6456249866,연수구,2,1,1,0,0,2,0.0,50.0,인천광역시 연수구 송도동 해송로30번길 20,한국전력
KP002733,영종동보노빌리티아파트,37.484992,126.559226,중구,4,0,0,4,0,4,0.0,0.0,인천광역시 중구 중산동 1872-2,한국전기차충전서비스
KP002744,청라한양수자인,37.525985218,126.621127722,서구,4,1,3,0,0,4,0.0,25.0,인천광역시 서해구 경서동 비지니스로 41,한국전력
KP002760,청라우미린아파트,37.5285989162,126.627042627,서구,2,0,2,0,0,2,0.0,0.0,인천광역시 서해구 경서동 청라한내로 39,한국전력
KP002809,한국아파트,37.423837,126.65039,연수구,1,0,0,1,0,1,0.0,0.0,인천광역시 연수구 옥련동 642-1,한국전기차충전서비스
KP002819,청라힐스테이트아파트,37.5255105235,126.628257154,서구,2,0,2,0,0,2,0.0,0.0,인천광역시 서해구 경서동 청라한내로 7 지하1층 B16,한국전력
KP002849,청라골드클래스아파트,37.5286159722,126.625598976,서구,2,0,2,0,0,2,0.0,0.0,인천광역시 서해구 경서동 974-2,한국전력
KP002867,송도푸르지오월드마크2단지,37.3975241016,126.650657299,연수구,2,0,2,0,0,2,0.0,0.0,인천광역시 연수구 컨벤시아대로 60,한국전력
KP002890,가정뉴서울아파트,37.524818,126.682366,서구,1,0,0,1,0,1,0.0,0.0,인천광역시 서구 가정동 284-401,한국전기차충전서비스
KP002958,청라한일베라체,37.530685418,126.642117704,서구,2,0,2,0,0,2,0.0,0.0,인천광역시 서해구 청라루비로 68,한국전력
KP002985,lh웨스턴블루힐,37.5344789406,126.66686617,서구,4,1,3,0,0,4,0.0,25.0,인천광역시 서해구 가정동 597-2 지하1층 G167,한국전력
KP002989,검암2차풍림아파트,37.5686278784,126.6811886718,서구,2,0,0,2,0,2,0.0,0.0,인천광역시 서구 검암동 501-1,한국전기차충전서비스
KP003099,인천항 갑문홍보관,37.4671121644,126.6041435721,중구,1,1,0,0,1,0,100.0,100.0,인천광역시 제물포구 북성동1가 102-4,한국전력
KP003103,온수리 제1공영주차장,37.6417441301,126.4893144615,강화군,1,1,0,0,1,0,100.0,100.0,인천광역시 강화군 길상면 온수리 480-7,한국전력
KP003106,신문리 공영주차장,37.7465926203,126.4832677639,강화군,1,1,0,0,1,0,100.0,100.0,인천광역시 강화군 강화읍 신문리 596,한국전력
KP003107,인천항 크루즈터미널,37.426484168,126.59138429364,연수구,2,2,0,0,2,0,100.0,100.0,인천광역시 연수구 송도동,한국전력
KP003179,연수하나2차아파트,37.413725,126.670184,연수구,1,0,0,1,0,1,0.0,0.0,인천광역시 연수구 동춘동 919,한국전기차충전서비스
KP003304,에코메트로7단지,37.39342,126.725084,남동구,1,0,0,1,0,1,0.0,0.0,인천광역시 남동구 논현동 757-1,한국전기차충전서비스
KP003349,간석래미안자이,37.458761,126.709874,남동구,3,0,0,3,0,3,0.0,0.0,인천광역시 남동구 간석동 939-1,한국전기차충전서비스
KP003350,서창센트럴푸르지오,37.429745,126.748829,남동구,2,0,0,2,0,2,0.0,0.0,인천광역시 남동구 서창동 682,한국전기차충전서비스
KP003658,냇마을신영지웰아파트,37.40354822706,126.728931534,남동구,5,0,0,5,0,5,0.0,0.0,인천광역시 남동구 논현동 604-1,한국전기차충전서비스
KP003659,한화에코메트로11단지,37.39348607669,126.7304990903,남동구,6,0,0,6,0,6,0.0,0.0,인천광역시 남동구 논현동 774-1,한국전기차충전서비스
KP003660,송도더샵퍼스트파크F13-1블록아파트,37.3884133825,126.6319773536,연수구,3,0,0,3,0,3,0.0,0.0,인천광역시 연수구 송도동 100,한국전기차충전서비스
KP003661,송도글로벌파크베르디움,37.37537449638,126.6563659591,연수구,1,0,0,1,0,1,0.0,0.0,인천광역시 연수구 송도동 191-2,한국전기차충전서비스
KP003662,신흥대림아파트,37.4666716586,126.6304607474,중구,5,0,0,5,0,5,0.0,0.0,인천광역시 중구 신흥동1가 34-2,한국전기차충전서비스
KP003739,장경리공영주차장,37.2725,126.451667,옹진군,1,1,0,0,1,0,100.0,100.0,인천광역시 옹진군 영흥면 영흥로 741 주차장,한국전력
KP003820,계양산 공영주차장,37.547610918508,126.7264775835,계양구,1,1,0,0,1,0,100.0,100.0,인천광역시 계양구 계양산로102번길 4,한국전력
KP003821,연안여객터미널,37.454277269961,126.5990484724,중구,2,2,0,0,2,0,100.0,100.0,인천광역시 제물포구 연안부두로 70,한국전력
KP003823,부개3차 공영주차장,37.497096452,126.73947727,부평구,1,1,0,0,1,0,100.0,100.0,인천광역시 부평구 부흥로 430 부개3차 공영주차장,한국전력
KP003939,검단자이2단지 아파트,37.59545127148,126.6411191818,서구,5,0,0,5,0,5,0.0,0.0,인천광역시 서구 왕길동 696-1,한국전기차충전서비스
KP003940,도화e편한세상,37.47386380867,126.6660415253,미추홀구,5,0,0,5,0,5,0.0,0.0,인천광역시 미추홀구 도화동 1009,한국전기차충전서비스
KP003972,효성동금호어울림아파트,37.52431049072,126.7148252898,계양구,2,0,0,2,0,2,0.0,0.0,인천광역시 계양구 효성동 675,한국전기차충전서비스
KP004078,송도1동 주민센터,37.391353,126.65199,연수구,1,1,0,0,1,0,100.0,100.0,인천광역시 연수구 하모니로35번길 8,한국전력
KP004079,남촌농산물도매시장 전기차충전소,37.424166,126.718548,남동구,4,4,0,0,4,0,100.0,100.0,인천광역시 남동구 비류대로 763,한국전력
KP004082,인천광역시청,37.456315,126.705926,남동구,1,1,0,0,1,0,100.0,100.0,인천광역시 남동구 정각로 29,한국전력
KP004087,송도더샵퍼스트파크F15블록 아파트,37.385722,126.634535,연수구,8,0,0,8,0,8,0.0,0.0,인천광역시 연수구 송도동 102,한국전기차충전서비스
KP004088,한국전력공사 영종지사 사옥,37.489467750044,126.5002355101,중구,2,2,0,0,1,1,50.0,100.0,인천광역시 영종구 영종대로196번길 15-21,한국전력
KP004112,간석한신더휴,37.467934,126.687925,남동구,3,0,0,3,0,3,0.0,0.0,인천광역시 남동구 간석동 616-6,한국전기차충전서비스
KP004133,E-편한세상 영종하늘도시,37.47781812209,126.5138034006,중구,5,0,0,5,0,5,0.0,0.0,인천광역시 중구 운남동 1680-2,한국전기차충전서비스
KP004390,송도 현대프리미엄 아울렛,37.38256512,126.658713,연수구,2,2,0,0,2,0,100.0,100.0,인천광역시 연수구 송도국제대로 123,한국전력
KP004391,인천테크노파크 투모로우시티,37.387834542,126.63984113,연수구,3,3,0,0,3,0,100.0,100.0,인천광역시 연수구 컨벤시아대로 204,한국전력
KP004509,청라 BRT 통합차고지,37.513339,126.625284,서구,1,1,0,0,1,0,100.0,100.0,인천광역시 서해구 파랑로 105,한국전력
KP004515,용유119소방안전센터,37.44846583478,126.3939224456,중구,1,1,0,0,1,0,100.0,100.0,인천광역시 영종구 을왕동 186-28,한국전기차충전서비스
KP004516,롯데마트 영종도점,37.492648262,126.49126141,중구,1,1,0,0,1,0,100.0,100.0,인천광역시 영종구 흰바위로 51,한국전력
KP004517,송도소방서,37.367351092,126.65165735,연수구,1,1,0,0,1,0,100.0,100.0,인천광역시 연수구 첨단대로60번길 15,한국전력
KP004580,하점면사무소,37.77443,126.41164,강화군,1,1,0,0,1,0,100.0,100.0,인천광역시 강화군 하점면 강화대로 1220,한국전력
KP004581,창리공영주차장,37.722572897,126.48375793,강화군,1,1,0,0,1,0,100.0,100.0,인천광역시 강화군 선원면 대문고개로 133-1,한국전력
KP004582,화도면사무소,37.6320607,126.4200823,강화군,1,1,0,0,1,0,100.0,100.0,인천광역시 강화군 화도면 마니산로 703-14,한국전력
KP004583,동막해변공영주차장,37.594461271,126.45566274,강화군,1,1,0,0,1,0,100.0,100.0,인천광역시 강화군 화도면 해안남로 1512,한국전력
KP004584,내기면사무소,37.719236955,126.38989996,강화군,1,1,0,0,1,0,100.0,100.0,인천광역시 강화군 내가면 강화서로 249,한국전력
KP004585,선원면사무소,37.713178555,126.48489202,강화군,1,1,0,0,1,0,100.0,100.0,인천광역시 강화군 선원면 대문고개로 22,한국전력
KP004595,남동논현도서관,37.402814549,126.72604814,남동구,1,1,0,0,1,0,100.0,100.0,인천광역시 남동구 청능대로611번길 15,한국전력
KP004596,스퀘어원,37.405940836,126.68361383,연수구,2,2,0,0,2,0,100.0,100.0,인천광역시 연수구 청능대로 210,한국전력
KP004599,청라 3동 행정복지센터,37.533212,126.627239,서구,1,1,0,0,1,0,100.0,100.0,인천광역시 서해구 청라한내로 77,한국전력
KP004644,미추홀구청,37.463598775,126.6502668,미추홀구,2,2,0,0,2,0,100.0,100.0,인천광역시 미추홀구 독정이로 95,한국전력
KP004710,영흥곰탕,37.2538257,126.51359,옹진군,1,1,0,0,1,0,100.0,100.0,인천광역시 옹진군 영흥면 선재로 340,한국전력
KP005079,계산택지2 공영주차장,37.53624812,126.7368435,계양구,1,1,0,0,1,0,100.0,100.0,인천광역시 계양구 계산새로 88,한국전력
KP005080,계양구청 문화회관,37.546644936,126.71800262,계양구,1,1,0,0,1,0,100.0,100.0,인천광역시 계양구 계양산로35번길 11,한국전력
KP005081,계산택지1 공영주차장,37.541048919,126.73717172,계양구,1,1,0,0,1,0,100.0,100.0,인천광역시 계양구 오조산공원로 11-2 계산택지1 공영주차장,한국전력
KP005161,계산택지3 공영주차장,37.53529844,126.7362245,계양구,2,2,0,0,2,0,100.0,100.0,인천광역시 계양구 계양문화로53번길 6,한국전력
KP005162,청천천공영주차장,37.51672925,126.7150668,부평구,3,3,0,0,3,0,100.0,100.0,인천광역시 부평구 평천로 226,한국전력
KP005163,삼산동 해돋이 공영주차장,37.51689554,126.7332239,부평구,1,1,0,0,1,0,100.0,100.0,인천광역시 부평구 충선로311번길 31,한국전력
KP005183,창리 제1공영주차장,37.724305,126.478619,강화군,2,2,0,0,2,0,100.0,100.0,인천광역시 강화군 선원면 중앙로 274-2,한국전력
KP005184,갑곳 제1공영주차장,37.73644,126.50596,강화군,1,1,0,0,1,0,100.0,100.0,인천광역시 강화군 강화읍 강화대로 205,한국전력
KP005185,신문 제1공영주차장,37.74674,126.47977,강화군,1,1,0,0,1,0,100.0,100.0,인천광역시 강화군 강화읍 향나무길5번길 16,한국전력
KP005186,화개산 공영주차장,37.78381,126.28827,강화군,1,1,0,0,1,0,100.0,100.0,인천광역시 강화군 교동면 교동동로471번길 20-48,한국전력
KP005187,송해면사무소,37.76433,126.46424,강화군,1,1,0,0,1,0,100.0,100.0,인천광역시 강화군 송해면 전망대로 29,한국전력
KP005193,서구청 검단출장소,37.60204,126.661444,서구,1,1,0,0,1,0,100.0,100.0,인천광역시 검단구 검단로502번길 15,한국전력
KP005196,백제상운(주),37.477143,126.68811,서구,1,1,0,0,1,0,100.0,100.0,인천광역시 서해구 백범로604번길 11,한국전력
KP005199,개인택시운송조합,37.485793276,126.68056636,서구,1,1,0,0,1,0,100.0,100.0,인천광역시 서해구 백범로718번길 33,한국전력
KP005200,부광교통(자),37.50698,126.669716,서구,2,2,0,0,2,0,100.0,100.0,인천광역시 서해구 칠천왕로7번길 13,한국전력
KP005217,송도현대모터스,37.437147,126.647044,미추홀구,1,1,0,0,1,0,100.0,100.0,인천광역시 미추홀구 독배로 183,한국전력
KP005218,인천세관,37.457787,126.628805,중구,2,2,0,0,2,0,100.0,100.0,인천광역시 제물포구 서해대로 339,한국전력
KP005277,원창119 안전센터 및 화학대응센터,37.510554,126.644641,서구,1,1,0,0,1,0,100.0,100.0,인천광역시 서해구 북항로32번길 47-5,한국전력
KP005293,논현택지 5공영주차장,37.402517,126.723651,남동구,1,1,0,0,1,0,100.0,100.0,인천광역시 남동구 논현남로 27,한국전력
KP005294,구월1동 행정복지센터,37.447579,126.712535,남동구,1,1,0,0,1,0,100.0,100.0,인천광역시 남동구 선수촌공원로 104,한국전력
KP005295,홈플러스 인천연수점,37.405,126.68,연수구,3,3,0,0,3,0,100.0,100.0,인천광역시 연수구 청능대로 210 지하주차장,한국전력
KP005296,sk셀프남동공단주유소,37.4073,126.7002,남동구,1,1,0,0,1,0,100.0,100.0,인천광역시 남동구 남동대로 258,한국전력
KP005297,만부마을공영주차장,37.466887,126.739494,남동구,1,1,0,0,1,0,100.0,100.0,인천광역시 남동구 만수로 139,한국전력
KP005298,연수보건소,37.4191,126.6711,연수구,1,1,0,0,1,0,100.0,100.0,인천광역시 연수구 함박뫼로 13,한국전력
KP005299,동춘동 공영주차장,37.4076,126.6713,연수구,2,2,0,0,2,0,100.0,100.0,인천광역시 연수구 앵고개로246번길 7-14,한국전력
KP005300,논현택지 3공영주차장,37.4024,126.7236,남동구,1,1,0,0,1,0,100.0,100.0,인천광역시 남동구 논현남로 25,한국전력
KP005310,축산물시장 공영주차장,37.4782,126.6874,서구,1,1,0,0,1,0,100.0,100.0,인천광역시 서해구 가좌로84번길 35,한국전력
KP005374,대룡리 공영주차장,37.7817,126.2785,강화군,1,1,0,0,1,0,100.0,100.0,인천광역시 강화군 교동면 교동서로 9-14,한국전력
KP005399,인천보훈병원,37.47557,126.6522,미추홀구,2,2,0,0,2,0,100.0,100.0,인천광역시 미추홀구 인주대로 138,한국전력
KP005423,영종역 공영주차장,37.511,126.5243,중구,1,1,0,0,1,0,100.0,100.0,인천광역시 영종구 백운로414번길 75,한국전력
KP005550,계양1동행정복지센터,37.5765,126.734,계양구,1,1,0,0,1,0,100.0,100.0,인천광역시 계양구 장기서로 8,한국전력
KP005564,계양2동 행정복지센터,37.5438,126.7371,계양구,1,1,0,0,1,0,100.0,100.0,인천광역시 계양구 장제로 853,한국전력
KP005565,부개역공영주차장,37.489,126.7394,부평구,1,1,0,0,1,0,100.0,100.0,인천광역시 부평구 수변로 22,한국전력
KP005623,연안동 행정복지센터,37.4532,126.6045,중구,1,1,0,0,1,0,100.0,100.0,인천광역시 제물포구 축항대로86번길 44,한국전력
KP005634,농업기술센터,37.7033,126.4345,강화군,1,1,0,0,1,0,100.0,100.0,인천광역시 강화군 불은면 중앙로 742-2,한국전력
KP005635,국제여객터미널_인천,37.42,126.6,연수구,1,1,0,0,1,0,100.0,100.0,인천광역시 연수구 국제항만대로326번길 57,한국전력
KP005795,(전주거치형)간석동 122-22 노상공영주차장,37.4644,126.7,남동구,1,0,1,0,1,0,100.0,0.0,인천광역시 남동구 남동대로916번길 3,한국전력
KP005796,장수동 136 노상공영주차장,37.45,126.77,남동구,1,0,1,0,1,0,100.0,0.0,인천광역시 남동구 만의골로 168,한국전력
KP005797,간석동 233-2 공영주차장(석천공영주차장),37.46,126.7,남동구,2,2,0,0,2,0,100.0,100.0,인천광역시 남동구 간석동 231-2,한국전력
KP005818,인천지방법원,37.44345,126.66652,미추홀구,1,1,0,0,1,0,100.0,100.0,인천광역시 미추홀구 소성로163번길 17,한국전력
KP005863,인천전력관리처 공용,37.51,126.73,부평구,2,2,0,0,2,0,100.0,100.0,인천광역시 부평구 주부토로 238,한국전력
KP005867,서인천지사 업무용 EVC,37.5338475,126.6449594,서구,1,0,1,0,1,0,100.0,0.0,인천광역시 서해구 청라동 157-4,한국전력
KP006798,장성제 근린공원,37.5294219,126.7487324,계양구,1,1,0,0,1,0,100.0,100.0,인천 계양구 서운동 223,한국전력
KP006818,부평구보건소,37.4988,126.724182,부평구,1,1,0,0,1,0,100.0,100.0,인천광역시 부평구 부흥로 291,한국전력
KP006830,복지근린공원,37.3938961,126.6970446,남동구,2,2,0,0,1,1,50.0,100.0,인천 남동구 고잔동 721-1,한국전력
KP008120,남인천지사(공용),37.425124,126.668388,연수구,2,2,0,0,2,0,100.0,100.0,인천광역시 연수구 비류대로 304,한국전력
KP008122,인천직할(공용),37.516461,126.726897,부평구,2,2,0,0,2,0,100.0,100.0,인천광역시 부평구 주부토로 246,한국전력
KP008123,인천전력관리처(공용),37.51485,126.730577,부평구,1,1,0,0,1,0,100.0,100.0,인천광역시 부평구 주부토로 238,한국전력
KP008124,제물포지사(공용),37.4693582,126.6602667,미추홀구,1,1,0,0,1,0,100.0,100.0,인천광역시 미추홀구 숙골로87번길 27 (도화동),한국전력
KP013149,솔마루어린이공원 지하공영주차장,37.476530486,126.63560385,동구,1,1,0,0,1,0,100.0,100.0,인천광역시 제물포구 솔빛로22번길 2,한국전력
KRC10231,코스테이,37.373917,126.636684,연수구,2,0,2,0,2,0,100.0,0.0,인천광역시 연수구 하모니로 271 코스테이,이브이씨원
L3002573,아름다운타워,37.4000658,126.7242421,남동구,3,0,3,0,3,0,100.0,0.0,인천광역시 남동구 논고개로 101 (논현동),이지차저
L3002574,아름다운타워,37.3999961,126.724296,남동구,3,0,3,0,3,0,100.0,0.0,인천광역시 남동구 논고개로 101 (논현동),이지차저
L3280145,청라달튼외국인학교_L3,37.5475592,126.6222117,서구,3,0,3,0,0,3,0.0,0.0,인천광역시 서해구 첨단동로 344 1층 지상주차장,이지차저
L3280173,조동초등학교_인천,37.460222221,126.73954715,남동구,1,0,1,0,0,1,0.0,0.0,인천광역시 남동구 백범로124번길 164 조동초등학교 지상주차장,(주)엘쓰리일렉트릭파워
L3280176,인천인재개발원,37.541831282,126.68063051,서구,5,0,5,0,1,4,20.0,0.0,인천광역시 서해구 심곡로 98,L3일렉트릭파워
L3280178,중산초등학교,37.4947632,126.5654577,중구,1,0,1,0,1,0,100.0,0.0,인천광역시 영종구 두미포로 100 중산초등학교 지상,엘쓰리일렉트릭파워
L3320010,인천인재개발원,37.541831282,126.68063051,서구,5,0,5,0,1,4,20.0,0.0,인천광역시 서해구 심곡로 98,L3일렉트릭파워
L3410254,더샵센트럴파크1단지,37.3963448,126.6372964,연수구,8,0,8,0,8,0,100.0,0.0,"인천광역시 연수구 센트럴로 232 (송도동, 더샵센트럴파크1)",이지차저
LD280009,LGL 인천터미널,37.441259,126.6179201,중구,2,2,0,0,0,2,0.0,100.0,인천광역시 제물포구 서해대로 135 실외 주차장,롯데이노베이트
LI000039,로젠택배 계양지점,37.5793334,126.65613,서구,8,8,0,0,0,8,0.0,100.0,인천광역시 검단구 한서로53번길 2 로젠택배 계양지점 내부,엘에스이링크(주)
LI000082,쿠팡 인천캠프,37.475879,126.6694715,미추홀구,4,4,0,0,0,4,0.0,100.0,인천광역시 미추홀구 송림로 328,엘에스이링크(주)
LI000090,동아 에스티젠바이오,37.3643912,126.647195,연수구,3,1,2,0,3,0,100.0,33.33,인천광역시 연수구 지식기반로 45 28,엘에스이링크(주)
LI000091,한익스프레스,37.5037937,126.6235402,서구,2,2,0,0,0,2,0.0,100.0,인천광역시 서해구 북항로245번길 13-22 한익스프레스,엘에스이링크(주)
LI000297,화물차 충전소,37.34631512,126.6363568,연수구,1,0,1,0,0,1,0.0,0.0,인천광역시 연수구 인천신항대로 707,엘에스이링크(주)
LI000321,선광신컨테이너터미널(SNCT),37.34713,126.63444,연수구,15,15,0,0,0,15,0.0,100.0,인천광역시 연수구 인천신항대로 707 선광신컨테이너터미널(SNCT) 터미널 입구 우측 안쪽 정비동 인근,엘에스이링크(주)
LI000326,서창동 차고지,37.4257393,126.7580493,남동구,9,9,0,0,0,9,0.0,100.0,인천광역시 남동구 서창방산로 136,엘에스이링크(주)
LI000337,예미지 트리플에듀 1구역(지하 2층 K07 기둥),37.6008108,126.7131806,서구,10,0,10,0,1,9,10.0,0.0,인천광역시 검단구 서로4로 89,엘에스이링크(주)
LI000341,예미지 트리플에듀 2구역(지하 2층 P21 기둥),37.6008108,126.7131806,서구,4,0,4,0,0,4,0.0,0.0,인천광역시 검단구 서로4로 89 B2 지하 2층 P21 기둥,엘에스이링크(주)
LI000342,예미지 트리플에듀 3구역(지하 2층 출입구 옆),37.6008108,126.7131806,서구,5,0,5,0,0,5,0.0,0.0,인천광역시 검단구 서로4로 89 B2 지하 2층 P21 기둥,엘에스이링크(주)
LI000343,항동7가차고지,37.4452925,126.601006,중구,3,3,0,0,0,3,0.0,100.0,인천광역시 제물포구 축항대로86번길 129,엘에스이링크(주)
LI000344,제물포교통,37.5806574,126.6486462,서구,5,5,0,0,0,5,0.0,100.0,인천광역시 검단구 거월로 39,엘에스이링크(주)
LI000359,예미지 트리플에듀 4구역(지하 2층 발전기실 옆),37.6008108,126.7131806,서구,3,0,3,0,0,3,0.0,0.0,인천광역시 검단구 서로4로 89 (지하 2층 발전기실 옆),엘에스이링크(주)
LI000360,예미지 트리플에듀 5구역(지하 2층 2704동),37.6008108,126.7131806,서구,1,0,1,0,0,1,0.0,0.0,인천광역시 검단구 서로4로 89 (지하 2층 2704동),엘에스이링크(주)
LI000361,예미지 트리플에듀 6구역(지하 2층 2703동),37.6008108,126.7131806,서구,1,0,1,0,0,1,0.0,0.0,인천광역시 검단구 서로4로 89 (지하 2층 2703동),엘에스이링크(주)
LI000362,예미지 트리플에듀 7구역(지하 2층 2702동),37.6008108,126.7131806,서구,1,0,1,0,0,1,0.0,0.0,인천광역시 검단구 서로4로 89 (지하 2층 2702동),엘에스이링크(주)
LI000363,예미지 트리플에듀 8구역(지하 2층 2701동),37.6008108,126.7131806,서구,1,0,1,0,0,1,0.0,0.0,인천광역시 검단구 서로4로 89 (지하 2층 2701동),엘에스이링크(주)
LI000364,예미지 트리플에듀 9구역(지하 2층 2714동),37.6008108,126.7131806,서구,1,0,1,0,0,1,0.0,0.0,인천광역시 검단구 서로4로 89 (지하 2층 2714동),엘에스이링크(주)
LI000365,예미지 트리플에듀 10구역(지하 2층 2713동),37.6008108,126.7131806,서구,1,0,1,0,0,1,0.0,0.0,인천광역시 검단구 서로4로 89 (지하 2층 2713동),엘에스이링크(주)
LI000366,예미지 트리플에듀 11구역(지하 2층 2712동),37.6008108,126.7131806,서구,1,0,1,0,0,1,0.0,0.0,인천광역시 검단구 서로4로 89 (지하 2층 2712동),엘에스이링크(주)
LI000367,예미지 트리플에듀 12구역(지하 2층 2711동),37.6008108,126.7131806,서구,1,0,1,0,0,1,0.0,0.0,인천광역시 검단구 서로4로 89 (지하 2층 2711동),엘에스이링크(주)
LI000368,예미지 트리플에듀 13구역(지하 1층 2706동),37.6008108,126.7131806,서구,1,0,1,0,0,1,0.0,0.0,인천광역시 검단구 서로4로 89 (지하 1층 2706동),엘에스이링크(주)
LI000369,예미지 트리플에듀 14구역(지하 1층 2705동),37.6008108,126.7131806,서구,1,0,1,0,0,1,0.0,0.0,인천광역시 검단구 서로4로 89 (지하 1층 2705동),엘에스이링크(주)
LI000370,예미지 트리플에듀 15구역(지하 1층 휘트니스센터),37.6008108,126.7131806,서구,1,0,1,0,0,1,0.0,0.0,인천광역시 검단구 서로4로 89 (지하 1층 휘트니스센터),엘에스이링크(주)
LI000371,예미지 트리플에듀 16구역(지하 1층 2710동),37.6008108,126.7131806,서구,1,0,1,0,0,1,0.0,0.0,인천광역시 검단구 서로4로 89 (지하 1층 2710동),엘에스이링크(주)
LI000372,예미지 트리플에듀 17구역(지하 1층 2709동),37.6008108,126.7131806,서구,1,0,1,0,0,1,0.0,0.0,인천광역시 검단구 서로4로 89 (지하 1층 2709동),엘에스이링크(주)
LI000373,예미지 트리플에듀 18구역(지하 1층 2708동),37.6008108,126.7131806,서구,1,0,1,0,0,1,0.0,0.0,인천광역시 검단구 서로4로 89 (지하 1층 2708동),엘에스이링크(주)
LI000374,예미지 트리플에듀 19구역(지하 1층 2707동),37.6008108,126.7131806,서구,1,0,1,0,0,1,0.0,0.0,인천광역시 검단구 서로4로 89 (지하 1층 2707동),엘에스이링크(주)
LI000458,인천컨테이너터미널,37.4406327,126.6018054,중구,7,0,7,0,7,0,100.0,0.0,인천광역시 제물포구 축항대로118번길 135 인천컨테이너터미널,엘에스이링크(주)
LI280098,삼환교통 서창동차고지,37.426166,126.7583,남동구,2,2,0,0,0,2,0.0,100.0,인천광역시 남동구 서창방산로 136,삼환교통
LI280099,항동7가차고지,37.4455791,126.601327,중구,2,2,0,0,0,2,0.0,100.0,인천광역시 제물포구 항동 7가 73,삼환교통
LU000013,피제이전자,37.532973,126.758979,계양구,2,0,2,0,0,2,0.0,0.0,인천광역시 계양구 서운산단로2길 30,LG유플러스
LU000053,부평우림라이온스밸리,37.517636,126.72011,부평구,5,0,5,0,0,5,0.0,0.0,인천광역시 부평구 부평대로 283,LG유플러스
LU000058,출입국 외국인 지원센터,37.514491,126.498144,중구,4,0,4,0,0,4,0.0,0.0,인천광역시 영종구 영종해안북로1204번길 123,LG유플러스
LU000060,래미안부평아파트,37.502778,126.723485,부평구,27,0,27,0,0,27,0.0,0.0,인천광역시 부평구 길주남로10번길 21 래미안부평아파트 전기차충전소,LG유플러스
LU000082,시대상가,37.421478,126.669128,연수구,7,0,7,0,0,7,0.0,0.0,인천광역시 연수구 용담로 11,LG유플러스
LU000160,경인권역재활병원,37.418428,126.689933,연수구,2,0,2,0,0,2,0.0,0.0,인천광역시 연수구 원인재로 263 경인권역재활병원,LG유플러스
LU000182,영림목재,37.515211,126.603798,서구,3,0,3,0,0,3,0.0,0.0,인천광역시 서해구 북항배후로 1-20 영림목재,LG유플러스
LU000203,아라동행정복지센터,37.593997,126.715631,서구,1,0,1,0,0,1,0.0,0.0,인천광역시 검단구 바리미로 23 지하2층 주차장,LG유플러스
LU000237,HD인프라코어 본사,37.487289,126.62453,동구,2,0,2,0,0,2,0.0,0.0,인천광역시 제물포구 인중로 489 HD인프라코어 본사,LG유플러스
LU000251,부티크646,37.4026237,126.7088601,남동구,5,0,5,0,5,0,100.0,0.0,인천광역시 남동구 논현로26번길 12 지하 4층 주차장,엘지유플러스
LU000253,루원더퍼스트,37.5334651,126.6651474,서구,29,0,29,0,0,29,0.0,0.0,"인천광역시 서해구 봉오재2로 13 루원더퍼스트 105동 뒤 옥외주차장, 106동 지하주차장 G67 기둥, 101동 지하주차장 G1 기둥, 103동 지하주차장 B23 기둥",엘지유플러스
LU000263,운서SK뷰스카이시티,37.4814237,126.5009403,중구,75,0,75,0,0,75,0.0,0.0,"인천광역시 영종구 흰바위로 203 운서 SK 뷰 스카이시티 1차 211동 04,212동 10,215동 25,222동 35,(지하1층 기둥 옆) ,217동 18, 221동 30 223동21(지하2층 기둥 옆)",엘지유플러스
LU000318,펠리스오피스텔(가좌동),37.491412,126.672907,서구,2,0,2,0,2,0,100.0,0.0,인천광역시 서해구 가정로78번길 16 지상주차장,LG유플러스볼트업
LU000340,건화티에스,37.364406256,126.64721064,연수구,3,1,2,0,0,3,0.0,33.33,인천광역시 연수구 지식기반로 45 동아ST 송도 신공장,엘지유플러스
LU000343,경신전선,37.368720142,126.64929192,연수구,4,0,4,0,0,4,0.0,0.0,인천광역시 연수구 첨단대로30번길 25,엘지유플러스
LU000425,동원베네스트 영종타운,37.500243,126.482549,중구,5,0,5,0,0,5,0.0,0.0,인천광역시 영종구 신도시북로43번길 27 지상주차장,LG유플러스볼트업
LU000426,동원베네스트영종타운하우스,37.5002434,126.4825499,중구,2,0,2,0,0,2,0.0,0.0,"인천광역시 영종구 신도시북로43번길 27 101동 지하 1층 주차장(1기), 109동 지하 1층 주차장(1기)",엘지유플러스
LU000507,삼산주공미래타운,37.5172553,126.7446791,부평구,5,0,5,0,0,5,0.0,0.0,인천광역시 부평구 영성중로 16 508동 지하 1층 주차장(2기) / 503동 지하 1층 주차장( 3기),엘지유플러스
LU000508,삼산주공미래타운3단지,37.5225263,126.7453508,부평구,5,0,5,0,0,5,0.0,0.0,인천광역시 부평구 부평북로 463 302동 지상 구역,엘지유플러스
LU000532,서인천월드메르디앙,37.511602332,126.66873063,서구,5,0,5,0,0,5,0.0,0.0,인천광역시 서해구 신석로 71,엘지유플러스
LU000538,성일아파트,37.422745,126.674221,연수구,8,0,8,0,0,8,0.0,0.0,인천광역시 연수구 새말로 20 상가 옆 옥외주차장,엘지유플러스
LU000554,송림파인유앤유아파트,37.4773231,126.6506362,동구,5,0,5,0,0,5,0.0,0.0,인천광역시 제물포구 송림로162번길 10 지하 3층 주차장,엘지유플러스
LU000604,앰코테크놀로지코리아,37.3600543,126.6564762,연수구,4,0,4,0,0,4,0.0,0.0,인천광역시 연수구 송도미래로 150 지상주차장 / 사내버스 승강장 인근,엘지유플러스
LU000607,연수성호아파트,37.4223739,126.6673083,연수구,5,0,5,0,0,5,0.0,0.0,인천광역시 연수구 솔샘로43번길 15 관리실 뒤 지상주차장,엘지유플러스
LU000612,영화빌딩,37.532094776,126.72300865,계양구,2,0,2,0,0,2,0.0,0.0,인천광역시 계양구 계양대로 94,엘지유플러스
LU000654,인천광역시 경제자유구역청(g타워),37.395747544,126.63379527,연수구,14,0,14,0,0,14,0.0,0.0,인천광역시 연수구 아트센터대로 175,엘지유플러스
LU000772,휴먼빌아파트,37.5633175,126.7581048,계양구,5,0,5,0,0,5,0.0,0.0,"인천광역시 계양구 당미길 43 105동 지하 1층 주차장(2기), 102동지하 1층 주차장(3기)",엘지유플러스
LU000785,영종하늘도시트루엘에디션,37.488755,126.560484,중구,4,0,4,0,0,4,0.0,0.0,인천광역시 영종구 자연대로 38,LG유플러스
LU000788,서인천월드메르디앙,37.5116023,126.6687306,서구,2,0,2,0,2,0,100.0,0.0,인천광역시 서해구 신석로 71 108동 앞 옥외주차장,엘지유플러스
LU000792,엠씨넥스,37.3803225,126.6636283,연수구,5,0,5,0,5,0,100.0,0.0,인천광역시 연수구 송도과학로16번길 13-39 지상1층 외부주차장,엘지유플러스
LU000854,연희태영데시앙,37.547406,126.6759388,서구,8,0,8,0,8,0,100.0,0.0,인천광역시 서해구 대평로 10 연희태영아파트,엘지유플러스
LU000866,뉴서울아파트,37.50637,126.735973,부평구,9,0,9,0,0,9,0.0,0.0,"인천광역시 부평구 충선로 191 2동 앞 지상주차장, 1동 앞 놀이터",LG유플러스
LU000870,록키지식산업센터,37.420572,126.701812,남동구,8,0,8,0,0,8,0.0,0.0,인천 남동구 승기천로 361-20,엘지유플러스
LU000888,부평두산위브더파크,37.512608,126.700035,부평구,52,0,52,0,0,52,0.0,0.0,인천광역시 부평구 마곡로 14 지하주차장,LG유플러스
LU000961,부개욱일아파트,37.5064961,126.7316234,부평구,5,0,5,0,5,0,100.0,0.0,"인천광역시 부평구 장제로 234 104동 앞 지상주차장, 103동 앞 지상주차장, 지하주차장",엘지유플러스
LU000962,작전동무지개,37.529347,126.731084,계양구,2,0,2,0,2,0,100.0,0.0,인천광역시 계양구 봉오대로744번길 4 2동앞 지상주차장,엘지유플러스
LU000963,송현주공아파트,37.481743,126.644673,동구,3,0,3,0,0,3,0.0,0.0,인천광역시 제물포구 인중로 653 지상주차장 관리사무소 앞 3대,LG유플러스
LU000964,청천광명아파트,37.5195664,126.7085384,부평구,9,0,9,0,4,5,44.44,0.0,인천광역시 부평구 평천로153번길 13 103동 앞 지상 1층 주차장,엘지유플러스
LU000971,인천뉴월드아파트,37.465743,126.638598,중구,2,0,2,0,0,2,0.0,0.0,인천광역시 제물포구 도원로26번길 33-8 지상주차장 후문 입구 2대,LG유플러스
LU000977,청라광영스너그시티,37.5324976,126.6278906,서구,9,0,9,0,9,0,100.0,0.0,"인천광역시 서해구 청라한내로 82 지하6층 주차장, 지하6층 주차장",엘지유플러스
LU001014,구월아시아드더블루시티,37.442165,126.710549,남동구,20,0,20,0,20,0,100.0,0.0,"인천광역시 남동구 선수촌공원로 36 B5 04~06 기둥, B5 19~20 기둥",LG유플러스
LU001074,남촌풍림1차,37.430952,126.717178,남동구,4,0,4,0,0,4,0.0,0.0,인천광역시 남동구 남촌동로15번길 21 옥외주차장,엘지유플러스
LU001096,엘지헬로비전북인천방송,37.501738269,126.72293695,부평구,2,0,2,0,0,2,0.0,0.0,인천광역시 부평구 부흥북로 7,엘지유플러스
LU001114,삼산신성미소지움,37.515109,126.739827,부평구,42,0,42,0,0,42,0.0,0.0,"인천광역시 부평구 수변로 334 313동 지상주차장,312동 지상주차장,303동 지상주차장,310동 지상주차장, 312동 뒤 지상주차장",엘지유플러스
LU001116,삼산주공미래2단지,37.520914,126.741936,부평구,14,0,14,0,14,0,100.0,0.0,인천광역시 부평구 부평북로 432 203동 204동 206동 앞 지상주차장,LG유플러스
LU001159,계양산파크트루엘아파트,37.547366,126.722265,계양구,8,0,8,0,8,0,100.0,0.0,"인천광역시 계양구 경명대로1045번길 31 108동 측면 지상주차장, 104동 뒷면 지상주차장",LG유플러스
LU001175,정광씨팰리스,37.457758,126.630753,중구,8,0,8,0,8,0,100.0,0.0,인천광역시 제물포구 인항로 6 지상 3층 주차장 A동 B동,엘지유플러스
LU001181,부평동아아파트,37.492769,126.719083,부평구,42,0,42,0,0,42,0.0,0.0,"인천광역시 부평구 부평문화로 37 5, 7, 9, 11, 13동 방음벽 앞 주차장, 25동 뒤 지상주차장",LG유플러스볼트업
LU001205,농협경제지주축산물가공사업소,37.460224,126.600874,중구,1,0,1,0,0,1,0.0,0.0,인천광역시 제물포구 축항대로22번길 6,엘지유플러스
LU001224,성산효대학원대학교,37.466394,126.69601,남동구,2,0,2,0,2,0,100.0,0.0,인천광역시 남동구 석정로 543 옥외주차장,엘지유플러스
LU001230,푸드트리,37.609945,126.631434,서구,1,0,1,0,1,0,100.0,0.0,인천광역시 검단구 소담로 14 옥외주차장,엘지유플러스
LU001246,호텔오라,37.454027,126.417743,중구,2,0,2,0,2,0,100.0,0.0,인천광역시 영종구 공항서로 345 옥외주차장,엘지유플러스
LU001251,동아아파트,37.458895,126.641151,미추홀구,4,0,4,0,0,4,0.0,0.0,인천광역시 미추홀구 능해길 32 관리실 앞 옥외주차장,엘지유플러스
LU001258,만석비치타운,37.484267,126.620146,동구,12,0,12,0,0,12,0.0,0.0,인천광역시 제물포구 화도진로 187 103동 옥외주차장  102동 옥외주차장,LG유플러스 볼트업
LU001356,서해그랑블포레스트,37.401207,126.664267,연수구,10,0,10,0,0,10,0.0,0.0,인천광역시 연수구 능허대로446번길 12 지하3층 주차장 C53번 기둥 뒤   지상2층 주차장 B66번 기둥 뒤,엘지유플러스
LU001381,더샵퍼스트월드,37.392535,126.647994,연수구,52,0,52,0,47,5,90.38,0.0,인천광역시 연수구 해돋이로 107 지하1층 주차장,LG유플러스
LU001403,효성중앙하이츠아파트,37.535042,126.711911,계양구,7,0,7,0,7,0,100.0,0.0,인천광역시 계양구 안남로572번길 17 지상1층 주차장,엘지유플러스
LU001447,동인천역파크푸르지오,37.475109,126.635686,동구,54,1,53,0,0,54,0.0,1.85,인천광역시 제물포구 화도진로 16 동인천역 파크푸르지오 102동 지하2층 R17 기둥 104동 지하2층 G02기둥 105동 지하2층 O71 기둥,LG유플러스볼트업
LU001471,천주교 간석2동 성당,37.462104,126.714224,남동구,1,0,1,0,0,1,0.0,0.0,인천광역시 남동구 용천로 143,엘지유플러스
LU001474,검암2차삼보해피하임,37.567471,126.685545,서구,6,0,6,0,0,6,0.0,0.0,인천광역시 서해구 검암로20번길 52 302동 앞 옥외주차장,엘지유플러스
LU001490,서창임광그대가,37.437916,126.74828,남동구,19,0,19,0,0,19,0.0,0.0,인천광역시 남동구 장아산로 158 지상주차장,엘지유플러스
LU001554,구월프라움시티,37.454362,126.702692,남동구,3,0,3,0,0,3,0.0,0.0,인천 남동구 예술로226번길 17,LG유플러스 볼트업
LU001556,용현 서해,37.45156229,126.6405051,미추홀구,4,0,4,0,0,4,0.0,0.0,인천광역시 미추홀구 토금중로 63 옥외 주차장,엘지유플러스
LU001566,대동아파트,37.506124,126.734062,부평구,7,0,7,0,0,7,0.0,0.0,인천광역시 부평구 길주로 640 대동아파트 1동 옆 지상주차장   6동 옆 지상주차장,앨지유플러스
LU001578,코아시아,37.407642,126.690857,남동구,2,0,2,0,2,0,100.0,0.0,인천광역시 남동구 남동서로 193 옥외주차장,엘지유플러스
LU001594,부평프리상뜨,37.498321,126.706503,부평구,7,0,7,0,7,0,100.0,0.0,인천광역시 부평구 마장로220번길 65 지하2층 주차장,엘지유플러스
LU001624,작전한양아파트,37.534068,126.723172,계양구,6,0,6,0,0,6,0.0,0.0,인천광역시 계양구 계양대로120번길 10 작전한양아파트 정문 좌측 지상 1층 주차장,엘지유플러스
LU001629,산업기술연구직접센터,37.385653,126.649608,연수구,4,0,4,0,0,4,0.0,0.0,인천광역시 연수구 갯벌로 129 1층 야외 주차장,LG유플러스
LU001633,동원로얄듀크아파트,37.484639,126.554215,중구,3,0,3,0,0,3,0.0,0.0,인천광역시 영종구 하늘중앙로 272 지하1층 715동 C38번 기둥,엘지유플러스
LU001649,삼산현대아파트,37.523294,126.739767,부평구,5,0,5,0,0,5,0.0,0.0,인천광역시 부평구 부평북로 407 지하2층 지하주차장 LP-B2 분전반 옆,엘지유플러스
LU001673,루원시티SK리더스뷰2차,37.523917,126.680237,서구,27,0,27,0,27,0,100.0,0.0,"인천광역시 서해구 봉오대로 270 지하4층주차장 11,13,15,16,24기둥",엘지유플러스
LU001685,인천재능대학교,37.475533,126.650473,동구,18,0,18,0,18,0,100.0,0.0,인천광역시 제물포구 재능로 178,엘지유플러스
LU001689,청류지산지식산업센터,37.396607,126.704675,남동구,12,0,12,0,12,0,100.0,0.0,인천광역시 남동구 호구포로 139 1~8층 지상 주차장,엘지유플러스
LU001690,부평하이츠아파트,37.530009,126.730555,계양구,2,0,2,0,0,2,0.0,0.0,인천광역시 계양구 효서로303번길 20 2동 앞 지상주차장,LG유플러스
LU001696,청운대학교인천캠퍼스,37.471764,126.660644,미추홀구,8,0,8,0,8,0,100.0,0.0,인천광역시 미추홀구 숙골로 113 지상1층 주차장,엘지유플러스
LU001697,부평코오롱아파트,37.53138348,126.7260012,계양구,5,0,5,0,0,5,0.0,0.0,인천광역시 계양구 봉오대로691번길 4 102동  앞 지상주차장,엘지유플러스
LU001750,대한적십자사 인천적십자병원,37.418428,126.689933,연수구,5,0,5,0,0,5,0.0,0.0,인천 연수구 원인재로 263,LG유플러스
LU001764,제너셈주식회사,37.37869,126.664794,연수구,5,0,5,0,5,0,100.0,0.0,인천광역시 연수구 송도과학로84번길 24 지하1층 주차장,LG유플러스
LU001791,한국단자공업,37.385278,126.655506,연수구,4,0,4,0,0,4,0.0,0.0,인천광역시 연수구 갯벌로 38,LG유플러스
LU001801,(주)에스피지연구소,37.380488,126.662022,연수구,3,0,3,0,0,3,0.0,0.0,인천광역시 연수구 송도과학로16번길 13-30 지상1층 주차장,LG유플러스
LU001809,다이후쿠코리아본사,37.373259,126.636389,연수구,2,0,2,0,0,2,0.0,0.0,인천광역시 연수구 하모니로275번길 8 1층 주차장,엘지유플러스
LU001893,인천과학고등학교,37.491956,126.508257,중구,1,0,1,0,0,1,0.0,0.0,인천광역시 영종구 영종대로277번길 74-37,엘지유플러스
LU001899,가정역봄2프라자빌딩,37.527117,126.67313,서구,2,0,2,0,0,2,0.0,0.0,인천광역시 서해구 봉오재3로 120,엘지유플러스
LU001900,가정봄프라자,37.526739,126.672029,서구,2,0,2,0,0,2,0.0,0.0,인천광역시 서해구 봉오재3로110번길 7,엘지유플러스
LU001901,루원눈빛담은봄,37.525141,126.677901,서구,2,0,2,0,0,2,0.0,0.0,인천광역시 서해구 봉오대로 255,엘지유플러스
LU001944,청라레이크봄빌딩,37.53328,126.630438,서구,6,0,6,0,0,6,0.0,0.0,인천광역시 서해구 청라한내로100번길 8-28 지하3층 주차장 17번 18번 기둥,엘지유플러스
LU001962,시티필드,37.444368,126.652462,미추홀구,9,0,9,0,9,0,100.0,0.0,인천광역시 미추홀구 매소홀로 262 B2F 01번 기둥 앞,LG유플러스
LU001980,LG유플러스 인천구월,37.450285,126.703885,남동구,2,0,2,0,0,2,0.0,0.0,인천광역시 남동구 인주대로 603,엘지유플러스
LU002001,작전현광아파트,37.52436,126.734919,계양구,4,0,4,0,0,4,0.0,0.0,인천광역시 계양구 아나지로 388 102동 앞 지상주차장,엘지유플러스
LU002008,송도아트포레푸르지오시티,37.393762,126.633308,연수구,2,0,2,0,0,2,0.0,0.0,인천광역시 연수구 인천타워대로 257 지하주차장,LG유플러스
LU002033,YG타운,37.466187,126.712692,남동구,2,0,2,0,0,2,0.0,0.0,인천광역시 남동구 간석로50번길 8 지하2층 주차장,LG유플러스볼트업
LU002036,시티필드,37.444259,126.652474,미추홀구,3,0,3,0,0,3,0.0,0.0,인천 미추홀구 매소홀로 262,LG유플러스
LU002045,송도연세병원빌딩,37.39696,126.648703,연수구,3,0,3,0,0,3,0.0,0.0,인천광역시 연수구 신송로 157-9 지하 1층 주차장,LG유플러스
LU002047,청라월드메르디앙레이크원,37.533836,126.629599,서구,3,0,3,0,0,3,0.0,0.0,인천광역시 서해구 청라한내로100번길 20 지하1층 승강기 앞,LG유플러스
LU002074,새마을금고중앙회 인천지역본부,37.450482,126.707278,남동구,2,0,2,0,0,2,0.0,0.0,인천광역시 남동구 남동대로 763 지상1층 주차장,LG유플러스
LU002083,풍림명품물산,37.518686,126.503524,중구,2,0,2,0,2,0,100.0,0.0,인천광역시 영종구 백운로 574 지상1층 주차장,엘지유플러스
LU002171,송도롯데캐슬캠퍼스타운아파트,37.389236,126.665128,연수구,15,0,15,0,0,15,0.0,0.0,"인천광역시 연수구 송도과학로27번길 55 지하1층 주차장 주차번호 89,104 (1~4)   지하2층 주차장 주차번호 46",LG유플러스
LU002234,우정에쉐르아파트,37.560997,126.652312,서구,3,0,3,0,0,3,0.0,0.0,인천광역시 서해구 경서로 99 304동 앞 지상 주차장,LG유플러스
LU002241,인정프린스아파트,37.538759,126.728859,계양구,7,0,7,0,0,7,0.0,0.0,인천광역시 계양구 계산새로5번길 14 1동 뒤 지상주차장  1동 지하주차장,엘지유플러스
LU002244,더샵퍼스트월드H동,37.392535,126.647994,연수구,10,0,10,0,10,0,100.0,0.0,인천광역시 연수구 해돋이로 107 지하1층 주차장,LG유플러스
LU002256,그린리소스,37.522623,126.651877,서구,2,0,2,0,0,2,0.0,0.0,인천광역시 서해구 파랑로 470 지상 1층 주차장,엘지유플러스
LU002310,비전프라자관리위원회,37.448146,126.64912,미추홀구,3,0,3,0,3,0,100.0,0.0,인천광역시 미추홀구 독배로 311 지하3층 주차장,LG유플러스
LU002334,용현한양2차아파트,37.452704,126.631782,미추홀구,4,0,4,0,0,4,0.0,0.0,인천광역시 미추홀구 매소홀로 23-42 103동 지상주차장,엘지유플러스
LU002343,인천한진아파트,37.458748,126.697494,남동구,18,0,18,0,0,18,0.0,0.0,인천광역시 남동구 경인로524번길 16 1동 옆 3동 앞 5동 앞 6동 뒤  지상주차장,엘지유플러스
LU002344,현대제철종합운동장,37.518546,126.635523,서구,3,0,3,0,3,0,100.0,0.0,인천광역시 서해구 파랑로 268 현대제철종합운동장 주차장,LG유플러스 볼트업
LU002374,강화병원,37.742433,126.496077,강화군,2,0,2,0,2,0,100.0,0.0,인천광역시 강화군 강화읍 강화대로312번길 11 건물 뒤 지상주차장 완속2기,LG유플러스
LU002382,검암1차신명스카이뷰,37.561347,126.672939,서구,5,0,5,0,0,5,0.0,0.0,인천광역시 서해구 승학로 447 103동 뒷편 주차장,LG유플러스
LU002383,당하대주파크빌아파트,37.588678,126.677202,서구,6,0,6,0,0,6,0.0,0.0,인천광역시 검단구 청마로 135 603동 604동 지상주차장,LG유플러스
LU002388,인천간석금호어울림아파트,37.46004025,126.7066985,남동구,17,0,17,0,0,17,0.0,0.0,"인천광역시 남동구 석산로 138 (간석동, 금호어울림) 112동 앞 109동 앞 114동 앞 101동 앞 지상주차장",LG유플러스 볼트업
LU002403,작전한아름아파트,37.532816,126.732562,계양구,3,0,3,0,0,3,0.0,0.0,인천광역시 계양구 봉오대로743번길 27 지상주차장 B동뒷쪽,LG유플러스
LU002404,산곡경남5차아파트,37.501014,126.706102,부평구,4,0,4,0,0,4,0.0,0.0,인천광역시 부평구 마장로264번길 66 501동 지상주차장,LG유플러스
LU002428,효성금호어울림아파트,37.524461,126.715973,계양구,8,0,8,0,0,8,0.0,0.0,인천광역시 계양구 아나지로198번길 11 지상주차장 105동 앞 107동 앞,LG유플러스
LU002430,검암서해그랑블아파트,37.567055,126.675044,서구,15,0,15,0,0,15,0.0,0.0,인천광역시 서해구 승학로495번길 7 지상주차장 104동 앞 108동 앞 109동 앞,LG유플러스
LU002437,부평일동대우아파트,37.4998,126.717938,부평구,7,0,7,0,0,7,0.0,0.0,인천광역시 부평구 부흥로243번길 7 102동 앞 주차장,LG유플러스
LU002438,브라운스톤부평,37.519991,126.733041,부평구,20,0,20,0,0,20,0.0,0.0,인천광역시 부평구 후정로 8 102동 103동  106동 지상주차장,LG유플러스
LU002439,효성5차뉴서울아파트,37.526157,126.714963,계양구,9,0,9,0,0,9,0.0,0.0,인천광역시 계양구 아나지로 199 2동 지상1층 주차장,LG유플러스
LU002460,송도애니오션빌딩,37.381179,126.642304,연수구,10,0,10,0,10,0,100.0,0.0,인천광역시 연수구 인천타워대로 99 지하 3층 E07  지하 3층   D02,LG유플러스
LU002467,학익신동아7차아파트,37.442935,126.674303,미추홀구,10,0,10,0,0,10,0.0,0.0,인천광역시 미추홀구 학익소로61번길 83 45동 앞 지상주차장,엘지유플러스
LU002522,서창에코에비뉴아파트,37.424365,126.740741,남동구,21,0,21,0,0,21,0.0,0.0,인천광역시 남동구 서창남순환로 190-100 601동 앞 지상주차장  607동 앞 지상주차장,엘지유플러스
LU002527,만수주공3단지아파트,37.456154,126.735809,남동구,6,0,6,0,0,6,0.0,0.0,인천광역시 남동구 백범로124번길 16 308동 옆 지상 주차장,엘지유플러스
LU002536,나사렛국제병원,37.407949,126.670484,연수구,1,0,1,0,0,1,0.0,0.0,인천 연수구 먼우금로 98,LG유플러스 볼트업
LU002550,부평삼부한신아파트,37.500795,126.740216,부평구,35,0,35,0,0,35,0.0,0.0,"인천광역시 부평구 부개로 58 102동~104동뒤105동 우측 지상주차장 107동 앞 램프 뒤쪽 110동 우측 상가주차장 109,111 112동 지상주차장",LG유플러스
LU002583,연수2차한양아파트,37.40535,126.670644,연수구,30,0,30,0,0,30,0.0,0.0,인천광역시 연수구 원인재로 59 지상주차장 22동 앞 23동 앞 지상주차장 26동 옆 테니스장 옆 주차장,LG유플러스
LU002619,계양대창센시티아파트,37.549735,126.741716,계양구,6,0,6,0,0,6,0.0,0.0,인천광역시 계양구 장제로 933 102동 지하1층 주차장 1기둥 2-3 기둥,LG유플러스
LU002627,청라국제도시역푸르지오시티,37.552317,126.617765,서구,52,0,52,0,52,0,100.0,0.0,인천광역시 서해구 에코로 65 지상2층 주차장 05 기둥  지상3층 주차장 04 기둥 지상4층 주차장 04 기둥 지상3층 주차장 내부 끝쪽,LG유플러스
LU002644,인천하늘꿈교회,37.475287,126.659285,미추홀구,3,0,3,0,2,1,66.67,0.0,인천광역시 미추홀구 송림로 235 지상1층 교회 측면 부지 주차장,LG유플러스 볼트업
LU002652,마크힐스,37.465379,126.704727,남동구,3,0,3,0,3,0,100.0,0.0,인천광역시 남동구 경인로599번길 10 지상1층 주차장,LG유플러스 볼트업
LU002672,계산삼보아파트,37.540762,126.729972,계양구,6,0,6,0,0,6,0.0,0.0,인천광역시 계양구 주부토로 528 7동 아파트 앞 주차,LG유플러스볼트업
LU002699,만수대동9차아파트,37.444247,126.73366,남동구,9,0,9,0,0,9,0.0,0.0,인천광역시 남동구 장승남로33번길 21 3동 옆 주차장,LG유플러스 볼트업
LU002706,송도자이하버뷰2단지,37.39554,126.643488,연수구,21,0,21,0,0,21,0.0,0.0,"인천광역시 연수구 컨벤시아대로130번길 32 101동 지상주차장램프 우측 휀룸옆 램프 좌측 A50기둥 6기,203동 지하주차장 A08 ~12기둥,후문좌측 B31기둥",LG유플러스
LU002778,갈산하나아파트,37.510641,126.722017,부평구,9,0,9,0,0,9,0.0,0.0,인천광역시 부평구 갈월서로 45 102동 앞 지상주차장,LG유플러스볼트업
LU002846,검암4차신명스카이뷰골드,37.565285,126.685193,서구,6,0,6,0,0,6,0.0,0.0,인천광역시 서해구 검암로10번길 36 지상 1층 507동 뒤  지상 1층 508동 좌측,LG유플러스 볼트업
LU002847,병방아주아파트,37.549586,126.739979,계양구,6,0,6,0,0,6,0.0,0.0,"인천광역시 계양구 장제로927번길 15 3, 5동 사이 주차장 끝",LG유플러스 볼트업
LU002868,인천비취맨션제1단지,37.451767,126.604978,중구,13,0,13,0,0,13,0.0,0.0,인천광역시 제물포구 축항대로86번길 47 3동 1라인 지상주차장,LG유플러스 볼트업
LU002879,코오롱하늘채아이비원,37.399371,126.649464,연수구,8,6,2,0,8,0,100.0,75.0,인천광역시 연수구 컨벤시아대로42번길 21 B2 103동 104동 105동  / 103동 105동 주차장,LG유플러스 볼트업
LU002912,만수신대동아파트,37.465625,126.733902,남동구,6,0,6,0,0,6,0.0,0.0,인천광역시 남동구 만수서로83번길 63-4 4동 뒤 지상주차장,LG유플러스볼트업
LU002943,태산아파트,37.539561,126.733827,계양구,3,0,3,0,0,3,0.0,0.0,인천광역시 계양구 계산새로33번길 26 지상주차장,LG유플러스볼트업
LU002975,우미린 더 헤리티지,37.591893,126.720148,서구,28,1,27,0,0,28,0.0,3.57,인천광역시 검단구 이음4로 94 지하1층_주차장램프옆_A39기둥 지하2층_1203동_B44기둥 지하2층_주차장램프옆_B09기둥,LG유플러스볼트업
LU002983,위너스프라자,37.456508,126.715635,남동구,2,0,2,0,0,2,0.0,0.0,인천광역시 남동구 구월로 223 지하3층 기계실 옆,LG유플러스볼트업
LU003011,삼산타운 2단지,37.516827,126.737023,부평구,30,0,30,0,0,30,0.0,0.0,"인천광역시 부평구 수변로 333 1층 201,202,205,206,212,214,217,218,219동 주차장 중앙부",LG유플러스 볼트업
LU003013,루원대성베르힐더센트로,37.523216,126.678802,서구,69,0,69,0,0,69,0.0,0.0,인천광역시 서해구 서곶로 50 지하 2층 지하3층 지하4층 지하5층 주차장,LG유플러스 볼트업
LU003015,스타디움센트럴시티오피스텔,37.467642,126.643012,미추홀구,10,0,10,0,10,0,100.0,0.0,인천광역시 미추홀구 참외전로 268 지하2층 주차장 04기둥,LG유플러스볼트업
LU003066,학익월드타워,37.444665,126.665983,미추홀구,2,0,2,0,2,0,100.0,0.0,인천광역시 미추홀구 한나루로 420 지하2층 주차장,LG유플러스볼트업
LU003074,포레시안,37.463559,126.733601,남동구,28,0,28,0,0,28,0.0,0.0,인천광역시 남동구 만수서로 55 126동 앞 지상1층 주차장 124동 지하1층 주차장 102동 앞 지하1층 주차장 119동앞 지상1층 주차장,LG유플러스볼트업
LU003078,서해그랑블아파트,37.435117,126.747132,남동구,12,0,12,0,0,12,0.0,0.0,인천광역시 남동구 독곡로48번길 9 103동 뒤 지상주차장,LG유플러스 볼트업
LU003097,가좌타워지식산업센터,37.479052,126.686592,서구,4,0,4,0,4,0,100.0,0.0,인천광역시 서해구 백범로630번길 16 지상10층 주차장,LG유플러스 볼트업
LU003102,도림주공그린빌2단지아파트,37.41864107,126.7307037,남동구,14,0,14,0,0,14,0.0,0.0,인천광역시 남동구 오봉로 33 지상1층 주차장,LG유플러스볼트업
LU003105,부평테크시티관리단,37.51769,126.720946,부평구,7,0,7,0,7,0,100.0,0.0,인천광역시 부평구 부평대로 293 지상6층 주차장,LG유플러스 볼트업
LU003108,부평제이플러스제이,37.472557,126.689471,부평구,2,0,2,0,2,0,100.0,0.0,인천광역시 부평구 가재울로 169 지상1층 주차장,LG유플러스 볼트업
LU003112,인천쓰리엠파크주차장,37.53203562,126.6302341,서구,2,0,2,0,2,0,100.0,0.0,인천광역시 서해구 청라한내로72번길 23 지상3층 주차장,LG유플러스 볼트업
LU003113,인천쓰리엠파크2주차장,37.533828,126.630217,서구,3,0,3,0,3,0,100.0,0.0,인천광역시 서해구 청라한내로100번길 24 지상 3층 주차장,LG유플러스 볼트업
LU003132,롯데하이텔,37.45994,126.678581,미추홀구,3,0,3,0,0,3,0.0,0.0,인천광역시 미추홀구 미추홀대로697번길 22 지상1층 주차장,LG유플러스 볼트업
LU003150,송현교회,37.475707,126.635709,동구,3,0,3,0,3,0,100.0,0.0,인천광역시 제물포구 화도진로44번길 38 지상주차장,LG유플러스 볼트업
LU003158,효성1차현대아파트,37.533184,126.712761,계양구,12,0,12,0,0,12,0.0,0.0,인천광역시 계양구 길마로 70 지상주차장,LG유플러스볼트업
LU003196,계양서해그랑블더테라스,37.534674,126.713157,계양구,5,0,5,0,0,5,0.0,0.0,인천광역시 계양구 안남로572번길 23 단지입구 주차장,LG유플러스 볼트업
LU003220,하나비전감리교회,37.406416,126.708014,남동구,2,0,2,0,2,0,100.0,0.0,인천광역시 남동구 은봉로 159 지하1층 주차장,LG유플러스볼트업
LU003243,옥련쌍용아파트,37.425076,126.653321,연수구,12,0,12,0,0,12,0.0,0.0,인천광역시 연수구 청량로 210 104동 105동 지상주차장,LG유플러스볼트업
LU003244,옥련쌍용아파트,37.425076,126.653321,연수구,5,0,5,0,0,5,0.0,0.0,인천광역시 연수구 청량로 210 105동 앞 지상주차장,LG유플러스볼트업
LU003248,간석두진아파트,37.463177,126.719768,남동구,2,0,2,0,0,2,0.0,0.0,인천광역시 남동구 호구포로899번길 8 정문 경비실 옆 지상주차장,LG유플러스볼트업
LU003255,만수주공1단지,37.457058,126.731341,남동구,6,0,6,0,0,6,0.0,0.0,인천광역시 남동구 만수로 14-26 106동 옆 지상주차장,LG유플러스볼트업
LU003263,인천엔아이씨지식산업센터,37.410625,126.697402,남동구,6,0,6,0,6,0,100.0,0.0,인천광역시 남동구 은봉로 52 8층 801동 옆 실내주차장,LG유플러스볼트업
LU003276,옥련2차우성아파트,37.422766,126.648977,연수구,5,0,5,0,0,5,0.0,0.0,인천광역시 연수구 청량로185번길 73 201동 앞 지상1층 주차장,LG유플러스볼트업
LU003281,현대유비스병원,37.477323,126.650636,동구,3,0,3,0,3,0,100.0,0.0,인천광역시 미추홀구 독배로 503 지상 부설주차장 입구,LG유플러스볼트업
LU003282,인천검단힐스테이트2차,37.599619,126.663383,서구,7,0,7,0,0,7,0.0,0.0,인천광역시 검단구 완정로92번길 41 관리사무소 옆 주차장  204동 앞 주차장,LG유플러스볼트업
LU003295,연희삼성아파트,37.54431009,126.6708905,서구,9,0,9,0,0,9,0.0,0.0,인천광역시 서해구 용두산로13번길 12 102동 지상주차장,LG유플러스볼트업
LU003298,갈산두산아파트,37.511121,126.728827,부평구,11,0,11,0,0,11,0.0,0.0,인천광역시 부평구 갈월동로 45 상가 옆 지상주차장  체육시설 옆 주차장,LG유플러스볼트업
LU003299,인천대신아파트자치이사회,37.529959,126.712003,계양구,1,0,1,0,0,1,0.0,0.0,인천광역시 계양구 안남로 526 경비실 옆 지상,LG유플러스볼트업
LU003316,인천광명아파트,37.441841,126.736804,남동구,7,0,7,0,0,7,0.0,0.0,인천광역시 남동구 담방로21번길 24 지상주차장,LG유플러스볼트업
LU003326,인천브랫슬,37.417095,126.678093,연수구,4,0,4,0,4,0,100.0,0.0,인천광역시 연수구 벚꽃로 114 지하주차장 출입구 인근,LG유플러스볼트업
LU003366,서희스타디움센트럴시티,37.467642,126.643012,미추홀구,60,0,60,0,0,60,0.0,0.0,인천광역시 미추홀구 참외전로 268 지하2층주차장,LG유플러스볼트업
LU003367,서창센트럴푸르지오아파트,37.429686,126.748137,남동구,16,0,16,0,0,16,0.0,0.0,인천광역시 남동구 서창남순환로 55 B1 관리동 옆 / B1 후문램프 우측 / B1 후문램프 좌측 / B1 509동 옆,LG유플러스볼트업
LU003394,공촌경남아파트,37.551095,126.685026,서구,5,0,5,0,0,5,0.0,0.0,인천광역시 서해구 경명대로694번길 10 101동 뒤 지상주차장  103동 옆 지상주차장,LG유플러스볼트업
LU003398,인천학마을서원아파트,37.54556,126.74197642,계양구,3,0,3,0,0,3,0.0,0.0,인천광역시 계양구 용종로 123 129동 옆 지상주차장,LG유플러스볼트업
LU003404,인천새롬노빌리안1차,37.444754,126.702638,남동구,2,0,2,0,2,0,100.0,0.0,인천광역시 남동구 인하로 497-28 지하1층 주차장,LG유플러스볼트업
LU003411,주안역청울림,37.463295,126.688709,미추홀구,4,0,4,0,4,0,100.0,0.0,인천광역시 미추홀구 주안로 170 램프 옆 지상주차장,LG유플러스볼트업
LU003421,오류신동아아파트,37.579922,126.732431,계양구,61,0,61,0,0,61,0.0,0.0,인천광역시 계양구 황어로115번길 12 지하주차장,LG유플러스볼트업
LU003434,엘에이치청아안아파트,37.430138,126.746601,남동구,14,0,14,0,0,14,0.0,0.0,인천광역시 남동구 서창남순환로 110 310동 앞 지하1층 주차장  지하1층 주차장 입구 좌측 301동 지상주차장,LG유플러스볼트업
LU003473,학익현광2차,37.439173,126.667709,미추홀구,4,0,4,0,0,4,0.0,0.0,인천광역시 미추홀구 매소홀로418번길 14-13 지상 1동 앞 주차장,LG유플러스볼트업
LU003523,계양센트레빌1단지,37.569353,126.751169,계양구,8,0,8,0,0,8,0.0,0.0,인천광역시 계양구 형제봉길 100 107동 지하1층 03기둥  108동 지하1층 26기둥  111동 지하1층 23기둥,LG유플러스볼트업
LU003542,용현오션뷰경남아너스빌,37.452405,126.631098,미추홀구,4,0,4,0,0,4,0.0,0.0,인천광역시 미추홀구 아암대로 118 지하 1층 주차장 램프 앞(E01 기둥),LG유플러스볼트업
LU003543,오류신동아아파트,37.579922,126.732431,계양구,3,0,3,0,0,3,0.0,0.0,인천광역시 계양구 황어로115번길 12 지상주차장,LG유플러스볼트업
LU003544,호반써밋 인천영종하늘 A56,37.478876,126.511946,중구,16,8,8,0,0,16,0.0,50.0,인천광역시 영종구 숲쟁이로 11 지하주차장,LG유플러스 볼트업
LU003584,검암로열파크씨티1M층,37.578766,126.664596,서구,53,0,53,0,0,53,0.0,0.0,인천광역시 검단구 한들로 33 지하M층 주차장,LG유플러스 볼트업
LU003585,검암로열파크씨티1B1층,37.578766,126.664596,서구,70,0,70,0,23,47,32.86,0.0,인천광역시 검단구 한들로 33 지하1층 주차장,LG유플러스 볼트업
LU003586,검암로열파크씨티2M층,37.578052,126.66914,서구,49,0,49,0,0,49,0.0,0.0,인천광역시 검단구 한들로 73 204동 B1층 램피옆 G31번 기둥 203동 B1층 G01번 기둥 209동 B1층 B20번 기둥,LG유플러스 볼트업
LU003587,검암로열파크씨티2B1층,37.578052,126.66914,서구,77,0,77,0,77,0,100.0,0.0,인천광역시 검단구 한들로 73 212동 M층 R51번 기둥 207동 M층1~2라인 R01번기둥 206동 M층 R38번 기둥 208동 M층 램프앞 G01번 기둥,LG유플러스 볼트업
LU003637,계산동서해그린아파트,37.542007,126.718415,계양구,3,0,3,0,0,3,0.0,0.0,인천광역시 계양구 계산로 18-1 1동 앞 지상1층 주차장,LG유플러스볼트업
LU003656,주안캐슬앤더샾에듀포레,37.45397,126.692801,미추홀구,78,0,78,0,0,78,0.0,0.0,"인천광역시 미추홀구 경원대로780번길 22 지하3층101동 5,6 라인 주차장 101동 1,2라인 주차장 102동 기둥 18-20 102동 기둥 18-20 103동 기둥 62-53",LG유플러스볼트업
LU003657,주안캐슬앤더샾에듀포레,37.45397,126.692801,미추홀구,24,0,24,0,0,24,0.0,0.0,인천광역시 미추홀구 경원대로780번길 22 지하3층 주차장,LG유플러스볼트업
LU003658,인천학마을서원아파트,37.545938,126.741466,계양구,8,0,8,0,0,8,0.0,0.0,인천광역시 계양구 용종로 123 128동 옆 지상주차장 / 131동 뒤 지상주차장 / 129동 뒤 지상주차장,LG유플러스볼트업
LU003735,인천서영아너시티플러스,37.593538,126.712648,서구,2,0,2,0,2,0,100.0,0.0,인천광역시 검단구 이음대로 384 지하1층 주차장,LG유플러스볼트업
LU003782,부평대림아파트,37.502653,126.718118,부평구,19,0,19,0,0,19,0.0,0.0,인천광역시 부평구 부영로 196 1동뒤 주차장  2동뒤 주차장,LG유플러스볼트업
LU003784,용현오션뷰경남아너스빌,37.452405,126.631098,미추홀구,2,0,2,0,0,2,0.0,0.0,인천광역시 미추홀구 아암대로 118 지하 1층 주차장 램프 앞(E01 기둥),LG유플러스볼트업
LU003788,인천담방마을아파트,37.439093,126.737326,남동구,9,0,9,0,0,9,0.0,0.0,인천광역시 남동구 매소홀로 1030 출입구 옆 지상주차장,LG유플러스볼트업
LU003801,소래마을풍림아파트,37.405861,126.738312,남동구,22,0,22,0,0,22,0.0,0.0,인천광역시 남동구 청능대로718번길 7 지상1층 주차장,LG유플러스볼트업
LU003818,인천금호어울림4단지아파트,37.451514,126.639444,미추홀구,4,0,4,0,0,4,0.0,0.0,인천광역시 미추홀구 토금중로 60 406동 뒤 지상주차장,LG유플러스볼트업
LU003819,인천대원레스피아2차,37.611841,126.661846,서구,6,0,6,0,0,6,0.0,0.0,인천광역시 검단구 가현로 71 501동 앞 지하주차장 램프 옆 지상주차장,LG유플러스볼트업
LU003839,송도이안아파트,37.396611,126.651897,연수구,4,0,4,0,0,4,0.0,0.0,인천광역시 연수구 컨벤시아대로 55 101동앞지상주차장,LG유플러스볼트업
LU003840,계산영남아파트,37.538883,126.733452,계양구,2,0,2,0,0,2,0.0,0.0,인천광역시 계양구 주부토로532번길 52 2동 뒤 실외 주자장,LG유플러스볼트업
LU003855,산곡우성123차아파트,37.500279,126.713049,부평구,25,0,25,0,0,25,0.0,0.0,인천광역시 부평구 부영로 165 101동 110동 뒤 114동 뒤 지상주차장,LG유플러스볼트업
LU003985,풍산사택,37.753035,126.501653,강화군,3,0,3,0,0,3,0.0,0.0,인천광역시 강화군 강화읍 동문로152번길 45 지상주차장,LG유플러스볼트업
LU003991,부평삼보아파트,37.504371,126.698074,부평구,2,0,2,0,0,2,0.0,0.0,인천광역시 부평구 원적로 288 가동 뒤편 지상주차장,LG유플러스볼트업
LU004002,인천서창꿈에그린아파트,37.43095,126.756275,남동구,28,0,28,0,0,28,0.0,0.0,인천광역시 남동구 운연천로 11 1309동 뒤 지상주차장  1308동 뒤 지상주차장,LG유플러스볼트업
LU004025,인천더원스테이트오피스텔,37.522937,126.699849,부평구,2,0,2,0,2,0,100.0,0.0,인천광역시 부평구 부평북로 65 지상1층 주차장,LG유플러스볼트업
LU004029,선학시영,37.417851,126.69509,연수구,5,0,5,0,0,5,0.0,0.0,인천광역시 연수구 선학로 14 117동 지상주차장  110~111동 지상주차장,LG유플러스볼트업
LU004030,연수시영,37.415015,126.687503,연수구,5,0,5,0,0,5,0.0,0.0,인천광역시 연수구 원인재로 212 104동 앞 재활용장 옆 주차장 전기실 입구 앞 주차장,LG유플러스볼트업
LU004031,청학아파트,37.425466,126.665917,연수구,3,0,3,0,0,3,0.0,0.0,인천광역시 연수구 비류대로294번길 16 2동 후면 지상주차장,LG유플러스볼트업
LU004033,연희해드림,37.54892,126.680531,서구,5,0,5,0,0,5,0.0,0.0,인천광역시 서해구 간촌로 40 102동 1층 입구 지상주차장 화단 105동 1층 입구 분리수거장 옆 화단,LG유플러스볼트업
LU004042,검암역로열파크씨티푸르지오1단지,37.578766,126.664596,서구,26,0,26,0,0,26,0.0,0.0,"인천광역시 검단구 한들로 33 109동 B1층 후문 램프옆, 104동 B1층 후문 램프옆, 107동 B1층 1-2라인 R03번기둥, 111동 B1층 Y70번기둥, 111동 B1층 Y71번기둥, 113동 B1층 3-4라인 Y01번기둥",LG유플러스볼트업
LU004043,검암역로열파크씨티푸르지오2단지,37.578052,126.66914,서구,25,0,25,0,0,25,0.0,0.0,"인천광역시 검단구 한들로 73 208동 210동 사이 지하1층 주차장 좌측, 210동 사이 지하1층 주차장 우측, 208동 1.2라인 앞 지하1층 주차장, 208동 1.2라인 앞 지하1층 주차장 외 총 6거점",LG유플러스볼트업
LU004102,연수주공3차,37.415662,126.684762,연수구,10,0,10,0,0,10,0.0,0.0,인천광역시 연수구 새말로 154 302동 303동 뒤 지상주차장,LG유플러스볼트업
LU004108,원당e편한세상,37.595484,126.701687,서구,6,0,6,0,0,6,0.0,0.0,인천광역시 검단구 고산로40번길 12 105동 지상주차장,LG유플러스볼트업
LU004116,이편한세상계양더프리미어,37.528358,126.713054,계양구,9,0,9,0,0,9,0.0,0.0,인천광역시 계양구 효서로 145 107동 지하2층 주차장,LG유플러스볼트업
LU004126,이화신동아파밀리에,37.580103,126.736379,계양구,10,0,10,0,0,10,0.0,0.0,인천광역시 계양구 황어로 139 202동 5~6라인 뒷편 지상주차장 206동 1~3라인 앞 지상주차장 203동 1~2라인 앞 지상주차장,LG유플러스볼트업
LU004151,효성메트하임,37.529979,126.710835,계양구,6,0,6,0,0,6,0.0,0.0,인천광역시 계양구 안남로519번길 4 지하1층 전기실 앞 지하1층 주차장,LG유플러스볼트업
LU004172,부평LH2단지,37.483858,126.729508,부평구,15,0,15,0,0,15,0.0,0.0,인천광역시 부평구 동수로120번길 43 201동 203동 204동 205동 212동 앞 지상주차장,LG유플러스볼트업
LU004173,간석태화아파트,37.463604,126.720948,남동구,9,0,9,0,0,9,0.0,0.0,인천광역시 남동구 호구포로900번길 5 101동 뒤 지상주차장  지상1층 후문 주차장,LG유플러스볼트업
LU004174,스카이시티,37.460996,126.655933,미추홀구,5,0,5,0,0,5,0.0,0.0,인천광역시 미추홀구 장천로112번길 44 지상주차장,LG유플러스볼트업
LU004182,우정에쉐르,37.5610088,126.65281547,서구,2,0,2,0,0,2,0.0,0.0,인천광역시 서해구 경서로 99 지상1층 주차장,LG유플러스볼트업
LU004207,남동영흥화력사택,37.249944,126.454689,옹진군,6,0,6,0,0,6,0.0,0.0,인천광역시 옹진군 영흥면 영흥남로369번길 22 지상주차장,LG유플러스볼트업
LU004209,인천비취맨션2단지아파트,37.451767,126.604978,중구,9,0,9,0,0,9,0.0,0.0,인천광역시 제물포구 축항대로86번길 47 11동 지상주차장,LG유플러스볼트업
LU004260,왕길유승아파트,37.600506,126.649024,서구,13,0,13,0,0,13,0.0,0.0,인천광역시 검단구 단봉로 12 104동 뒤 지상주차장 104동5-6라인앞지상주차장,LG유플러스볼트업
LU004286,만수현대아파트,37.443137,126.740861,남동구,7,0,7,0,0,7,0.0,0.0,인천광역시 남동구 장승남로 82 101동 지상주차장  102동 지상주차장   104동 지상주차장,LG유플러스볼트업
LU004292,도두리동보아파트,37.531454,126.738975,계양구,16,0,16,0,0,16,0.0,0.0,인천광역시 계양구 도두리로 52 502동앞 지상주차장  504동앞 지상주차장  506동앞 지상주차장,LG유플러스볼트업
LU004295,부개주공7단지아파트,37.495874,126.739524,부평구,10,0,10,0,0,10,0.0,0.0,인천광역시 부평구 동수천로 118 4주차장 입구 지상주차장,LG유플러스볼트업
LU004304,동원로얄듀크아파트,37.484639,126.554215,중구,3,0,3,0,0,3,0.0,0.0,인천광역시 영종구 하늘중앙로 272 B1 713동 22번 기둥 B1 713동 휀룸,LG유플러스볼트업
LU004323,검단 우미린파크뷰1단지,37.583595,126.716689,서구,24,0,24,0,0,24,0.0,0.0,"인천광역시 검단구 이음2로 89 1거점 지하1층 A25 A27 2거점 지하2층 B36 B38 3거점 지하 2층 B23-25 4거점 지하1층 101동 1,2라인 앞",LG유플러스볼트업
LU100003,계양대창센시티아파트,37.549735,126.741716,계양구,1,0,1,0,0,1,0.0,0.0,인천광역시 계양구 장제로 933 지상주차장,LG유플러스볼트업
LU100032,검암2차풍림아이원,37.5687,126.681324,서구,14,0,14,0,0,14,0.0,0.0,인천광역시 서해구 검암로 53 지상주차장 101동 105동 107동 113동 111동,LG유플러스볼트업
LU100037,계양박촌풍림아이원아파트,37.55692,126.746951,계양구,5,0,5,0,0,5,0.0,0.0,인천 계양구 동양로 11 지상 1층 102동 앞 주차장,LG유플러스볼트업
LU100044,효성동2차유승아파트,37.52595,126.698803,계양구,7,0,7,0,0,7,0.0,0.0,인천 계양구 새풀로 27 204동뒤 지상주차장 204동뒤 지상주차장 우측,LG유플러스볼트업
LU100053,송도더샵그린워크3차17블럭,37.399386,126.639781,연수구,9,0,9,0,0,9,0.0,0.0,인천광역시 연수구 아트센터대로97번길 20 지하2층 주차장 1701동 20번-21번 기둥 1702동 12번-13번 기둥 1703동 #3번 휀룸 옆,LG유플러스볼트업
LU100061,인천금호어울림1차아파트,37.591782,126.699484,서구,8,0,8,0,0,8,0.0,0.0,인천광역시 검단구 고산후로78번길 9 지상주차장 301동 뒤 306동 앞,LG유플러스볼트업
LU100075,부평힐스테이트,37.483827,126.704941,부평구,90,0,90,0,0,90,0.0,0.0,인천 부평구 경원대로 1192 지하3층 102동 107동 104동,LG유플러스볼트업
LU100082,인천세인트재활병원,37.45662,126.635852,미추홀구,2,0,2,0,2,0,100.0,0.0,인천광역시 미추홀구 아암대로 53 B1 휀룸실 앞,LG유플러스볼트업
LU100087,인천에몬스프라자,37.378988,126.645973,연수구,2,0,2,0,2,0,100.0,0.0,인천 연수구 인천타워대로54번길 9 지하 2층 펌프실 옆,LG유플러스볼트업
LU100089,인천논현두손지젤타워,37.401315,126.70817,남동구,6,0,6,0,6,0,100.0,0.0,인천 남동구 호구포로 201 지하2층주차장,LG유플러스볼트업
LU100105,시티짱빌딩,37.401848,126.735145,남동구,2,0,2,0,2,0,100.0,0.0,인천 남동구 앵고개로934번길 5 B1주차장 입구 맞은편,LG유플러스볼트업
LU100155,옥련1차현대,37.428207,126.643793,연수구,4,0,4,0,0,4,0.0,0.0,인천 연수구 옥련로 33 104동 앞 지상주차장,LG유플러스볼트업
LU100156,부평동아2단지,37.49857,126.719275,부평구,31,0,31,0,0,31,0.0,0.0,인천광역시 부평구 부흥로 246 지상 주차장 15동 19동 21동 16동,LG유플러스볼트업
LU100157,효성다섬프라자관리단,37.525581,126.699713,계양구,3,0,3,0,3,0,100.0,0.0,인천광역시 계양구 아나지로 75 지하1층 주차장(물탱크실 앞),LG유플러스볼트업
LU100158,가정한국아파트,37.51371581,126.6773577,서구,4,0,4,0,0,4,0.0,0.0,인천광역시 서해구 가석로 324 101동지상주차장,LG유플러스볼트업
LU100159,마전영남탑스빌,37.59832,126.667622,서구,10,0,10,0,0,10,0.0,0.0,인천광역시 검단구 완정로64번길 7 119동 1/2라인 앞 지상 주차장 108동 3/4라인 앞 지상 주차장,LG유플러스볼트업
LU100250,계양벽산블루밍아파트,37.57951283,126.73133229,계양구,2,0,2,0,0,2,0.0,0.0,인천광역시 계양구 황어로115번길 13 101동 뒤 지상주차장,LG유플러스볼트업
LU100279,인천신현효성아파트,37.51520235,126.66504967,서구,11,0,11,0,0,11,0.0,0.0,인천광역시 서해구 새오개로 53 101동 뒤 지상주차장 102동 5-6라인 옆 지상주차장 104동 지하주차장 출입구 앞 지상주차장,LG유플러스볼트업
LU100282,계양한화꿈에그린아파트,37.55532062,126.74674107,계양구,14,0,14,0,0,14,0.0,0.0,인천광역시 계양구 동양로 10 104동 뒤 지상주차장 108동 뒤 지상주차장,LG유플러스볼트업
LU100298,청라힐데스하임,37.52848936,126.6516195,서구,42,0,42,0,0,42,0.0,0.0,인천광역시 서해구 청라라임로 17 지하1층주차장 D13 E03 E02 D01 D02 E13,LG유플러스볼트업
LU100312,학익1차하나,37.43858226,126.66920261,미추홀구,7,0,7,0,0,7,0.0,0.0,인천광역시 미추홀구 매소홀로418번길 21 102동 3~4라인 경비실 옆,LG유플러스볼트업
LU100408,인천희망찬요양병원,37.41465328,126.67740377,연수구,2,0,2,0,2,0,100.0,0.0,인천광역시 연수구 용담로 118 지상 4층 주차장,LG유플러스볼트업
LU100412,씨제이제일제당인천2공장,37.43983441,126.6246297,중구,5,0,5,0,5,0,100.0,0.0,인천광역시 제물포구 서해대로140번길 49 관리초소 앞 주차장,LG유플러스볼트업
LU100434,부평3주구현대아파트,37.4899042,126.70477846,부평구,16,0,16,0,0,16,0.0,0.0,인천광역시 부평구 마장로 121 테니스코트 옆 301동 302동 303동 306동 307동 308동 310동 311동 앞 311동 뒤 314동 옆 지상주차장,LG유플러스볼트업
LU100458,인천논현파크포레,37.4065466,126.7103708,남동구,20,0,20,0,0,20,0.0,0.0,"인천광역시 남동구 은봉로165번길 24 107동 앞 지상주차장, 105동 앞 지상주차장, 101동 옆 지상주차장",LG유플러스볼트업
LU100479,부평금호어울림아파트,37.47856629,126.697397,부평구,11,0,11,0,0,11,0.0,0.0,인천광역시 부평구 경원대로1110번길 20 102동 앞 지상주차장 105동 앞 지상주차장 (좌측)(우측),LG유플러스볼트업
LU100505,가정한국아파트201동,37.51448912,126.6780777,서구,4,0,4,0,0,4,0.0,0.0,인천광역시 서해구 서달로163번길 10 201동 지상주차장,LG유플러스볼트업
LU100506,가정한국아파트301동,37.5140291,126.67861571,서구,4,0,4,0,0,4,0.0,0.0,인천광역시 서해구 서달로163번길 6 301동 지상주차장,LG유플러스볼트업
LU100507,검단우미린파크뷰2단지아파트,37.58299791,126.71547265,서구,20,0,20,0,0,20,0.0,0.0,인천광역시 검단구 이음2로 90 지하1층 주차장 기둥B10 기둥A01-03 기둥A25 기둥B31,LG유플러스볼트업
LU100698,극지연구소,37.36812808,126.64428142,연수구,2,0,2,0,2,0,100.0,0.0,인천광역시 연수구 송도미래로12번길 24 지상 1층 입구 오른쪽 주차라인 끝,LG유플러스볼트업
LU100745,인천용현금호타운,37.44780405,126.63677977,미추홀구,10,0,10,0,0,10,0.0,0.0,인천광역시 미추홀구 낙섬동로 9 6동 3동 옆 지상주차장,LG유플러스볼트업
LU100760,인천태평아파트,37.53499746,126.74281839,계양구,4,0,4,0,0,4,0.0,0.0,인천광역시 계양구 용종로 20 414동 뒤 지상주차장,LG유플러스볼트업
LU100764,연수동남아파트,37.4237156,126.6742831,연수구,11,0,11,0,0,11,0.0,0.0,인천광역시 연수구 새말로 21 상가 앞 지상주차장 / 102동 앞 지상주차장	 / 105동 앞 지상주차장,LG유플러스볼트업
LU100779,부평이모시온,37.49315848,126.72825769,부평구,3,0,3,0,3,0,100.0,0.0,인천광역시 부평구 부평문화로106번길 24 지하1층주차장,LG유플러스볼트업
LU100805,주안현대홈타운,37.46789579,126.67472248,미추홀구,12,0,12,0,0,12,0.0,0.0,인천광역시 미추홀구 석정로351번길 12 102동 앞 지상주차장 105동 앞 지상주차장,LG유플러스볼트업
LU100816,청라국제도시역 푸르지오시티,37.55231731,126.6177653,서구,32,0,32,0,32,0,100.0,0.0,인천광역시 서해구 에코로 65 지하 1층 주차장(1)(2) 지하 2층 주차장(1)(2) 지하 3층 주차장(1)(2),LG유플러스볼트업
LU100826,신흥풍림아파트,37.4650949,126.6319565,중구,6,0,6,0,0,6,0.0,0.0,인천광역시 제물포구 인중로 109 101동램프옆 지상주차장,LG유플러스볼트업
LU100853,검암로열파크씨티푸르지오2(급속),37.57805243,126.6691396,서구,2,2,0,0,0,2,0.0,100.0,인천광역시 검단구 한들로 73 지상주차장,LG유플러스볼트업
LU100854,검암로열파크씨티푸르지오1(급속),37.57876607,126.66459566,서구,2,2,0,0,0,2,0.0,100.0,인천광역시 검단구 한들로 33 지상주차장,LG유플러스볼트업
LU100862,남경포브아파트,37.4795864,126.6191422,중구,3,0,3,0,0,3,0.0,0.0,인천광역시 제물포구 제물량로 317 102동 뒤 지상주차장,LG유플러스볼트업
LU100863,주안선정아파트,37.46547096,126.68555968,미추홀구,2,0,2,0,0,2,0.0,0.0,인천광역시 미추홀구 염창로 101 101동 뒤편 지상주차장,LG유플러스볼트업
LU100870,검단신도시모아엘가그랑데아파트,37.5930676,126.7188328,서구,34,1,33,0,0,34,0.0,2.94,"인천광역시 검단구 이음4로 93 지상주차장, 지하2층 G32기둥, 지하2층 G46기둥, 지하2층 G37기둥, 지하2층 G39,38기둥 외 총 1거점",LG유플러스볼트업
LU100882,주안캐슬앤더샵에듀포레(급속),37.45397016,126.69280064,미추홀구,1,1,0,0,0,1,0.0,100.0,인천광역시 미추홀구 경원대로780번길 22 지상주차장,LG유플러스볼트업
LU100888,검암풍림아이원1단지,37.5684745,126.6840219,서구,7,0,7,0,0,7,0.0,0.0,인천광역시 서해구 검암로20번길 47 202동 앞 아파트 후문 옆 지상주차장,LG유플러스볼트업
LU100912,옥련현대4차아파트,37.4257826,126.6509325,연수구,23,0,23,0,0,23,0.0,0.0,"인천광역시 연수구 한나루로105번길 68 409동옆 지상주차장, 404동앞 지상주차장, 402동옆 지상주차장",LG유플러스볼트업
LU100922,인천청라LH아파트,37.5275933,126.6484014,서구,15,0,15,0,0,15,0.0,0.0,"인천광역시 서해구 청라커낼로 232 414동, 419동, 412동, 420동, 422동 지하1층주차장",LG유플러스볼트업
LU100981,삼보해피하임1차아파트,37.5623393,126.6729625,서구,5,0,5,0,0,5,0.0,0.0,"인천광역시 서해구 승학로 457 후문(402동) 지상주차장(좌,우)",LG유플러스볼트업
LU101078,원당풍림아이원아파트,37.5923411,126.69495195,서구,33,0,33,0,0,33,0.0,0.0,인천광역시 검단구 원당대로840번길 21 지하주차장,LG유플러스볼트업
LU101276,송도더샵퍼스트파크F13,37.3891093,126.6320679,연수구,6,0,6,0,0,6,0.0,0.0,인천광역시 연수구 컨벤시아대로252번길 70 1305동 지하2층 G07기둥,LG유플러스볼트업
LU101414,송도풍림아이원1단지,37.39571613,126.65360023,연수구,12,0,12,0,0,12,0.0,0.0,"인천광역시 연수구 신송로118번길 6 102동 뒤 지상주차장, 114동 지상주차장, 117동 지상주차장",LG유플러스볼트업
LU101421,한화꿈에그린에코메트로6단지,37.3947571,126.7285522,남동구,20,0,20,0,0,20,0.0,0.0,"인천광역시 남동구 아암대로1503번길 98 지하 2층 010 기둥, 지하 2층 011 기둥, 지하 2층 188 기둥, 지하 2층 075 기둥",LG유플러스볼트업
LU101424,인천한신더휴캐널파크,37.5902018,126.7049636,서구,9,0,9,0,0,9,0.0,0.0,"인천광역시 검단구 이음3로 125 지하 2층 1104동 B13기둥, 지하 2층 B38기둥, 지하 2층 1108동 P20기둥 외 총 1 거점",LG유플러스볼트업
LU101425,청라롯데캐슬,37.5302536,126.6477824,서구,28,0,28,0,0,28,0.0,0.0,"인천광역시 서해구 청라커낼로 252 101동 지하 2층 5번 기둥, 지하 2층 102동 10번 기둥 외 총 5 거점",LG유플러스볼트업
LU101426,청라힐스테이트커낼뷰,37.5343991,126.6433077,서구,7,0,7,0,0,7,0.0,0.0,"인천광역시 서해구 청라커낼로 297 지하 1층 344동 C23기둥, 지하 1층 343동 B30번기둥, 지하 1층 341동 A20기둥",LG유플러스볼트업
LU101429,효성3차뉴서울아파트,37.52499234,126.7171765,계양구,6,0,6,0,0,6,0.0,0.0,"인천광역시 계양구 새벌로 88 지하 1층 301동 입구, 지하 1층 302동 입구, 지하 1층 304동 입구",LG유플러스볼트업
LU101470,검단호수공원역 호반써밋,37.6073595,126.6878424,서구,12,3,9,0,0,12,0.0,25.0,인천광역시 검단구 검마루로 124 지상주차장,LG유플러스볼트업
LU101500,영종풍림2차 2단지,37.49960355,126.48463897,중구,4,0,4,0,0,4,0.0,0.0,인천광역시 영종구 신도시북로43번길 12 203동 뒤 지상주차장,LG유플러스볼트업
LU101501,영종풍림2차 3단지,37.50047558,126.48545671,중구,3,0,3,0,0,3,0.0,0.0,인천광역시 영종구 신도시북로43번길 86 304동 앞 지상주차장,LG유플러스볼트업
LU101502,영종풍림2차 5단지,37.49960355,126.48463897,중구,2,0,2,0,0,2,0.0,0.0,인천광역시 영종구 신도시북로43번길 12 지상주차장,LG유플러스볼트업
LU101558,용현오션뷰경남아너스빌아파트,37.4524049,126.631098,미추홀구,2,0,2,0,0,2,0.0,0.0,인천광역시 미추홀구 아암대로 118 지하1층 주차장(E01기둥),LG유플러스볼트업
LU101560,계양신명스카이홈오피스텔,37.5393792,126.7382086,계양구,3,0,3,0,3,0,100.0,0.0,인천광역시 계양구 계산새로87번길 16 지하1층 램프 옆,LG유플러스볼트업
LU101604,계양센트레빌3단지,37.5657822,126.7461001,계양구,14,0,14,0,0,14,0.0,0.0,"인천광역시 계양구 형제봉길 1 303동 지하1층 주차장, 301동 지하1층 12번기둥, 306동 지하1층 주차장, 304동 지하1층 59번 기둥 외 총 7 거점",LG유플러스볼트업
LU101608,송도더샵그린워크3차18블럭,37.3983301,126.6372197,연수구,26,0,26,0,0,26,0.0,0.0,"인천광역시 연수구 컨벤시아대로130번길 100 B1 M22기둥, 1806동 B2 F22기둥, B2 F18기둥",LG유플러스볼트업
LU101614,송도테크노파크IT센터,37.3818594,126.6626942,연수구,4,0,4,0,4,0,100.0,0.0,인천광역시 연수구 송도과학로 32 지상4층 20번기둥,LG유플러스볼트업
LU101649,송도자이하버뷰1단지,37.3962681,126.6425783,연수구,19,0,19,0,0,19,0.0,0.0,"인천광역시 연수구 컨벤시아대로130번길 58 101동 지하2층 D11번기둥, 102동 지하2층 C29기둥 외 총 3 거점",LG유플러스볼트업
LU101670,우정에쉐르아파트_EC,37.5609975,126.6523121,서구,2,0,2,0,0,2,0.0,0.0,인천광역시 서해구 경서로 99 관리사무소 옆 지상주차장,LG유플러스볼트업
LU101671,원당e편한세상_EC,37.595484,126.7016872,서구,5,0,5,0,0,5,0.0,0.0,인천광역시 검단구 고산로40번길 12 105동 뒤 지상주차장,LG유플러스볼트업
LU101675,송도푸르지오하버뷰,37.3982834,126.6397577,연수구,21,0,21,0,0,21,0.0,0.0,"인천광역시 연수구 컨벤시아대로130번길 80 (송도동, 송도 푸르지오 하버뷰) 101동 지하2층 G04기둥, 102동 지하2층 B01기둥 외 총 3 거점",LG유플러스볼트업
LU101691,부평아이파크아파트,37.5081423,126.7028863,부평구,7,0,7,0,0,7,0.0,0.0,"인천광역시 부평구 길주로364번길 9 지하4층 05번기둥 앞, 지하4층 18번기둥",LG유플러스볼트업
LU101716,검단신도시대방디에트르리버파크,37.59063789,126.7192114,서구,19,0,19,0,0,19,0.0,0.0,인천광역시 검단구 이음1로 332,LG유플러스볼트업
LU101728,송도더샵퍼스트파크14단지,37.3880089,126.6337363,연수구,21,0,21,0,0,21,0.0,0.0,"인천광역시 연수구 컨벤시아대로252번길 50 1401동 지하 2층 a01기둥, 1402동 지하 2층 a08기둥, 1402동 지하 2층 07기둥, 1403동 지하 2층 08기둥 외 3거점",LG유플러스볼트업
LU101735,갈산대동2차아파트,37.5131729,126.7244199,부평구,8,0,8,0,0,8,0.0,0.0,"인천광역시 부평구 주부토로 201 203동 앞 지상주차장, 203동 뒤 지상주차장",LG유플러스볼트업
LU101736,청천우민늘푸른아파트,37.5209084,126.7062877,부평구,12,0,12,0,0,12,0.0,0.0,"인천광역시 부평구 평천로141번길 11 101동 뒤 지상주차장, 103동 옆 지상주차장, 102동 지하 1층 주차장",LG유플러스볼트업
LU101764,검단신도시우미린더시그니처아파트,37.5965154,126.710599,서구,25,0,25,0,0,25,0.0,0.0,"인천광역시 검단구 이음5로 39 3006동 지하2층 G30기둥, 3007동 지하2층 G53기둥, 3008동 지하2층 G41기둥, 3009동 지하2층 G20기둥, 3004동 지하1층 P04기둥 외 6거점",LG유플러스볼트업
MO281101,운서역 공영 주차장-1,37.4935702,126.4935167,중구,50,0,50,0,50,0,100.0,0.0,인천광역시 영종구 흰바위로59번길 32 1층,매니지온
MO281102,운서역 공영 주차장-2,37.4943744,126.4940428,중구,50,0,50,0,50,0,100.0,0.0,인천광역시 영종구 흰바위로59번길 32 1층,매니지온
MO281401,현대두산인프라코어,37.4889673,126.6272146,동구,11,0,11,0,0,11,0.0,0.0,인천광역시 제물포구 인중로 489 지상1층 외부 주차장,매니지온
MO281801,인천테크노파크,37.3822547,126.654631,연수구,9,0,9,0,9,0,100.0,0.0,인천광역시 연수구 갯벌로 12 지하2층 지하2층 주차장,매니지온
MO910005,송도 스마트밸리 C동,37.3666026,126.6473245,연수구,6,1,5,0,6,0,100.0,16.67,인천광역시 연수구 송도미래로 30 C동 C동 지하1층 주차장,매니지온
MO910055,송도 스마트밸리 E동,37.367184,126.648941,연수구,6,0,6,0,6,0,100.0,0.0,인천광역시 연수구 송도미래로 30 E동 지하 1층 21기둥,매니지온
MO910065,송도 스마트밸리 D동,37.367201,126.647831,연수구,6,0,6,0,6,0,100.0,0.0,인천광역시 연수구 송도미래로 30 D동 지하 1층 01기둥,매니지온
MO910067,엔에스브이(NSV),37.393844,126.699894,남동구,3,0,3,0,1,2,33.33,0.0,인천광역시 남동구 앵고개로 547 엔에스브이(NSV) 지하 1층 주차장,매니지온
MO910124,송도 스마트밸리 A동 - 1,37.3663994,126.6491833,연수구,3,0,3,0,3,0,100.0,0.0,인천광역시 연수구 송도동 214 송도 BRC 스마트밸리 지식산업센터 지하주차장 A02기둥,매니지온
MO910125,송도 스마트밸리 A동 - 2,37.3659048,126.6491672,연수구,3,0,3,0,3,0,100.0,0.0,인천광역시 연수구 송도동 214 송도 BRC 스마트밸리 지식산업센터 A동 지상 주차장 A동 지상7층 주차장 하역장,매니지온
MO910126,송도 스마트밸리 B동 - 1,37.366054,126.6478757,연수구,3,0,3,0,3,0,100.0,0.0,인천광역시 연수구 송도동 214 송도 BRC 스마트밸리 지식산업센터 B동 지하주차장 B01기둥,매니지온
MO910127,송도 스마트밸리 B동 - 2,37.3656234,126.6484966,연수구,3,0,3,0,3,0,100.0,0.0,인천광역시 연수구 송도동 214 송도 BRC 스마트밸리 지식산업센터 B동 B동 지상 주차장 하역장 위쪽,매니지온
MO910158,스마트밸리 A동-3(급속),37.3663226,126.649186,연수구,1,1,0,0,1,0,100.0,100.0,인천광역시 연수구 송도미래로 30 A동 지하1층 A동 주차장,매니지온
MO910159,스마트밸리 B동-3(급속),37.3657854,126.6477161,연수구,1,1,0,0,1,0,100.0,100.0,인천광역시 연수구 송도미래로 30 B동 지하1층 B동 주차장,매니지온
MO910160,스마트밸리 D동-2(급속),37.3673459,126.6478449,연수구,1,1,0,0,1,0,100.0,100.0,인천광역시 연수구 송도미래로 30 D동 지하1층 D동주차장,매니지온
MO910161,스마트밸리 E동-2(급속),37.3671497,126.6490787,연수구,1,1,0,0,1,0,100.0,100.0,인천광역시 연수구 송도미래로 30 E동 E동 지하주차장,매니지온
MO910178,순교자의모후전교수녀회,37.6530504,126.4518538,강화군,1,0,1,0,1,0,100.0,0.0,인천광역시 강화군 양도면 고려왕릉로 33 순교자의모후전교수녀회 옥외주차장,매니지온
MO910204,남동테크노파크 B동,37.4081881,126.7042358,남동구,1,0,1,0,1,0,100.0,0.0,인천광역시 남동구 은봉로 51 남동테크노파크 B동 옥상 지상8층 주차장,매니지온
MO910206,운서역 전기차 충전구역,37.4935702,126.4935167,중구,8,0,8,0,8,0,100.0,0.0,인천광역시 영종구 흰바위로59번길 32 지상1층,매니지온
MTDAONIC,공영급행,37.589699353,126.62656347,서구,4,4,0,0,0,4,0.0,100.0,인천광역시 검단구 원당대로 227-10,모던텍
MTGANGHW,선진상운 강화차고지,37.739776677,126.4904067,강화군,4,4,0,0,0,4,0.0,100.0,인천광역시 강화군 강화읍 중앙로 43,모던텍
MX000003,모트렉스이브이_공장,37.476873,126.685795,서구,3,0,3,0,3,0,100.0,0.0,인천광역시 서해구 백범로 619 801호 앞 모트렉스이브이 앞 주차장,모트렉스이브이
MX000004,엘림스포츠,37.476856,126.685741,서구,2,0,2,0,2,0,100.0,0.0,인천광역시 서해구 백범로 619 804호 앞 804호 앞 주차장,모트렉스이브이
NNEVN003,CJ대한통운 영종SUB,37.5179814,126.5440616,중구,10,0,10,0,0,10,0.0,0.0,인천광역시 영종구 중산동 1850-360 CJ대한통운 영종SUB,CJ대한통운 영종SUB
NS850035,인천 부원여자중학교,37.49329274,126.7170968,부평구,2,0,2,0,2,0,100.0,0.0,인천광역시 부평구 부영로 88 주차장,뉴텍솔루션(주)
NS850041,송도 극지연구소 급속충전소,37.36805751,126.6466537,연수구,2,2,0,0,2,0,100.0,100.0,인천광역시 연수구 송도미래로 26 1층,뉴텍솔루션(주)
NS850046,을왕리 추리븐 급속충전소,37.4639729,126.3695987,중구,2,2,0,0,2,0,100.0,100.0,인천광역시 영종구 용유서로479번길 42 1층,뉴텍솔루션(주)
NS850056,인천 용현남초등학교,37.4478941,126.64195996,미추홀구,1,0,1,0,1,0,100.0,0.0,인천광역시 미추홀구 매소홀로 133 주차장,뉴텍솔루션(주)
NS850061,인천 블루핸즈인천공항점(스카이네트웍스),37.45216689,126.3913327,중구,6,0,6,0,6,0,100.0,0.0,인천광역시 영종구 용유서로172번길 56 주차장,뉴텍솔루션(주)
NS850065,인천 초은중학교,37.5283809,126.6539275,서구,1,0,1,0,1,0,100.0,0.0,인천광역시 서해구 청라라임로 10 주차장,뉴텍솔루션(주)
NS850066,인천 하정초등학교,37.47526063,126.7007076,부평구,2,0,2,0,1,1,50.0,0.0,인천광역시 부평구 이규보로 14 주차장,뉴텍솔루션(주)
NS850074,인천체육고등학교,37.545925,126.6094511,서구,3,0,3,0,3,0,100.0,0.0,인천광역시 서해구 로봇랜드로 473 주차장,뉴텍솔루션(주)
NS850095,인천 하버파크호텔,37.47218022,126.6195586,중구,3,0,3,0,3,0,100.0,0.0,인천광역시 제물포구 제물량로 217 지상주차장,뉴텍솔루션(주)
NS850138,강화 온수주차장 급속100,37.63206836,126.48459,강화군,2,2,0,0,2,0,100.0,100.0,인천광역시 강화군 길상면 전등사로 53-8 지상주차장,뉴텍솔루션(주)
NS850203,인천 해넘이하우스펜션,37.60790232,126.39511,강화군,1,0,1,0,1,0,100.0,0.0,인천광역시 강화군 화도면 해안남로 2206-11 지상주차장,뉴텍솔루션(주)
NT000153,인천 그린모터스,37.50445,126.6241,서구,1,0,1,0,1,0,100.0,0.0,인천광역시 서해구 원석로196번길 22 / 2층 출입구 좌측 벽면,한국전자금융
NT100001,인천 유승테라폴리스,37.400546,126.709725,남동구,11,0,11,0,0,11,0.0,0.0,인천광역시 남동구 논현로46번길 51 유승테라폴리스 10000101~03 : 3F주차장 / 10000104~06 : 5F주차장 / 10000107~08 : 2F주차장 / 10000109~11 : 4F주차장,한국전자금융
NT100004,청라 한화꿈에그린,37.538585,126.638777,서구,39,0,39,0,0,39,0.0,0.0,인천광역시 서해구 크리스탈로 148 청라 한화꿈에그린 지하주차장,한국전자금융
NT100045,인천 주안프라움에스,37.4663633,126.6820364,미추홀구,2,0,2,0,0,2,0.0,0.0,인천광역시 미추홀구 주염로 8 지하2층 주차장,한국전자금융(주)
NT100064,인천 베어즈베스트청라GC,37.548656,126.635928,서구,4,0,4,0,4,0,100.0,0.0,인천광역시 서해구 청라대로316번길 45 베어즈베스트청라GC B1 주차장,한국전자금융(주)
NT100119,인천 장수주공,37.4517633,126.7485357,남동구,14,0,14,0,0,14,0.0,0.0,"인천광역시 남동구 장수로 27 장수주공 B1F주차장(101동, 102동, 105동, 106동, 108동)",NICE인프라
NT100180,부평 2지구현대아파트,37.4918787,126.7089053,부평구,15,0,15,0,0,15,0.0,0.0,인천광역시 부평구 안남로 91 1층 후문주차장 15기,한국전자금융
NT100181,검단 로데오스퀘어,37.59372,126.71495,서구,2,0,2,0,2,0,100.0,0.0,인천광역시 검단구 바리미로 17 7F주차장,한국전자금융
NT100191,논현 라피에스타,37.3975373,126.7275204,남동구,6,0,6,0,6,0,100.0,0.0,인천광역시 남동구 논고개로 61 B1F주차장 / B2F주차장,한국전자금융
NT100192,인천 라움타워,37.39826,126.72655,남동구,1,0,1,0,1,0,100.0,0.0,인천광역시 남동구 논고개로 73 B1F주차장,한국전자금융
NT100245,인천 서해그랑블아파트,37.5181327,126.7479144,부평구,10,0,10,0,0,10,0.0,0.0,인천광역시 부평구 영성동로18번길 20 B1F(기둥번호:125) (5기) / B2F(기둥번호:125) (5기),한국전자금융
NT100263,송도 비엠빌딩,37.398029259,126.64801762,연수구,1,0,1,0,1,0,100.0,0.0,인천광역시 연수구 해돋이로172번길 42 B1F주차장 (건물입구 옆 주차면),한국전자금융
NT100330,송도파크레인동일하이빌,37.4067059,126.6573593,연수구,10,0,10,0,0,10,0.0,0.0,인천광역시 연수구 능허대로 343 지하2층 주차장 C29~C31기둥,한국전자금융
NT100364,청라 경연타워,37.5338723,126.6392133,서구,8,0,8,0,8,0,100.0,0.0,인천광역시 서해구 크리스탈로102번길 22 3F주차장 / 6F주차장 / 8F주차장,한국전자금융
NT100385,인천 지젤엠청라,37.5336074,126.6557319,서구,11,0,11,0,11,0,100.0,0.0,인천광역시 서해구 청라에메랄드로 99 지하3층 C69기둥옆,한국전자금융
NT100411,인천 불로이편한세상,37.6180492,126.6939157,서구,10,0,10,0,0,10,0.0,0.0,"인천광역시 검단구 고산후로 398 B1F주차장(102동, 104동, 107동)",NICE인프라
NT100413,강화 벽원빌딩,37.7481,126.48138,강화군,1,0,1,0,1,0,100.0,0.0,인천광역시 강화군 강화읍 강화대로 456 지상층 주차출구 오른쪽 면,한국전자금융
NT100430,인천 현대썬앤빌더테라스,37.533660507,126.64744115,서구,21,0,21,0,0,21,0.0,0.0,인천광역시 서해구 청라커낼로288번길 26,한국전자금융
NT100432,인천 연수1차하나아파트,37.4209456,126.6694651,연수구,6,0,6,0,0,6,0.0,0.0,인천광역시 연수구 용담로 14 지상주차장(107동 옆 주차면),한국전자금융
NT100476,인천 터미널물류단지,37.5659447,126.6135196,서구,6,1,5,0,6,0,100.0,16.67,인천광역시 검단구 뱃길1로 41,한국전자금융
NT100506,부평 일번가,37.4918556,126.7244688,부평구,3,0,3,0,3,0,100.0,0.0,인천광역시 부평구 경원대로 1395 지하 5층 (3기),한국전자금융
NT100532,인천 서창먹거리타운주차장,37.424365266,126.75105264,남동구,3,0,3,0,3,0,100.0,0.0,인천광역시 남동구 서창남순환로10번길 16-10,한국전자금융
NT100565,인천 아인시티주차타워,37.5932974,126.71528,서구,6,0,6,0,6,0,100.0,0.0,인천광역시 검단구 원당대로 1029 4F주차장,한국전자금융
NT100587,인천병무지청,37.440065221,126.65738,미추홀구,1,0,1,0,1,0,100.0,0.0,인천광역시 미추홀구 노적산로 76,한국전자금융
NT100588,영종 수린나오피스텔,37.4904668,126.4953373,중구,3,0,3,0,0,3,0.0,0.0,인천광역시 영종구 흰바위로 97 B4F주차장(08기둥 주차면),한국전자금융
NT100589,인천 리더스프라자,37.401806,126.7106755,남동구,4,0,4,0,4,0,100.0,0.0,인천광역시 남동구 논현로46번길 14 B1F주차장(05기둥 주차면),한국전자금융
NT100592,인천 더예스포레스트,37.4897528,126.4969354,중구,6,0,6,0,0,6,0.0,0.0,인천광역시 영종구 흰바위로 113 B1F주차장(04기둥 주차면),한국전자금융
NT100605,부평 테크노타워,37.519491947,126.71536687,부평구,4,0,4,0,4,0,100.0,0.0,인천광역시 부평구 새벌로 29 옥상주차장,한국전자금융
NT100608,이삭볼링장,37.404644168,126.66898764,연수구,2,0,2,0,2,0,100.0,0.0,인천광역시 연수구 먼우금로63번길 13,한국전자금융
NT100658,검단 오류풍림아이원아파트,37.600129531,126.63833359,서구,6,0,6,0,0,6,0.0,0.0,인천광역시 검단구 봉화로 78 101동 B1F 주차장(기둥 : G28),한국전자금융(주)
NT100681,인천 LG에클라트오피스텔,37.4391936,126.4620479,중구,4,0,4,0,0,4,0.0,0.0,인천광역시 영종구 공항로424번길 66 지상주차장(출구 옆 주차면),NICE인프라
NT100686,강화군 산림조합,37.743082681,126.49228604,강화군,1,0,1,0,1,0,100.0,0.0,인천광역시 강화군 강화읍 강화대로 340,한국전자금융
NT100690,주안 진도로르빌아파트,37.4665211,126.6809059,미추홀구,3,0,3,0,0,3,0.0,0.0,인천광역시 미추홀구 석정로 412 지상주차장(램프 위 주차면),NICE인프라
NT100694,인천 도시에창오피스텔,37.467704458,126.70657849,남동구,3,0,3,0,0,3,0.0,0.0,인천광역시 남동구 백범로 404 B1F주차장,한국전자금융
NT100702,인천 주안베스티움,37.46624005,126.6778783,미추홀구,2,0,2,0,0,2,0.0,0.0,인천광역시 미추홀구 염창로 35,한국전자금융
NT100726,인천 주안시민지하도상가,37.45858,126.67492,미추홀구,1,1,0,0,1,0,100.0,100.0,인천광역시 미추홀구 제일로 42-1 B1F주차장(21기둥 주차면),한국전자금융
NT100866,인천 프라임시티2차,37.4907137,126.4977001,중구,2,0,2,0,0,2,0.0,0.0,인천광역시 영종구 햇내로 18 B3F주차장(A5기둥 주차면),한국전자금융
NT100879,인천 글래드빌,37.4902212,126.4958894,중구,3,0,3,0,0,3,0.0,0.0,인천광역시 영종구 흰바위로 103 B5F주차장(01기둥 주차면),한국전자금융
NT100900,영종 프라임시티3차,37.4911932,126.4966296,중구,1,0,1,0,0,1,0.0,0.0,인천광역시 영종구 햇내로13번길 8 B3F주차장(02기둥 주차면),한국전자금융
NT100904,인천 신흥경남아너스빌,37.4656026,126.6338302,중구,12,0,12,0,0,12,0.0,0.0,인천광역시 제물포구 서해대로 439 B1F주차장(104동 A19기둥 주차면),NICE인프라
NT100917,인천 인하아리스타오피스텔,37.447490943,126.65154207,미추홀구,6,0,6,0,0,6,0.0,0.0,인천광역시 미추홀구 소성로 16 인하아리스타오피스텔 4F주차장,한국전자금융
NT100928,인천 잭니클라우스 골프클럽,37.382481732,126.62700481,연수구,6,0,6,0,6,0,100.0,0.0,인천광역시 연수구 아카데미로 209 10092801~10092803 : B1F주차장(12번 기둥 주차면) / 10092804~10092806 : B2F주차장(12번 기둥 주차면),한국전자금융
NT100940,인천 계산국민체육센터,37.546112772,126.72919147,계양구,2,0,2,0,0,2,0.0,0.0,인천광역시 계양구 주부토로 580,한국전자금융
NT100975,인천 삼라마이다스아파트,37.6118989,126.6733973,서구,3,0,3,0,0,3,0.0,0.0,인천광역시 검단구 검단로 653 지상주차장(관리사무소 옆 외벽),한국전자금융
NT100976,부평 삼산임광그대가,37.518969639,126.74287234,부평구,4,0,4,0,0,4,0.0,0.0,인천광역시 부평구 영성서로 10,한국전자금융
NT100982,청라 리치아노오피스텔,37.53393045,126.65747364,서구,3,0,3,0,0,3,0.0,0.0,인천광역시 서해구 청라에메랄드로102번길 10,한국전자금융
NT101021,인천 영종창보5단지아파트,37.4952023,126.4816446,중구,9,0,9,0,0,9,0.0,0.0,인천광역시 영종구 영종대로27번길 9 지상주차장(517동) / B1F주차장(C9기둥 주차면),한국전자금융
NT101028,인천 학산재단만인빌딩,37.485991275,126.66014838,서구,4,0,4,0,4,0,100.0,0.0,인천광역시 서해구 백범로 884 학산재단만인빌딩 10102801~10102802 : B1F 주차장 / 10102803~10102804 : B2F 주차장,한국전자금융
NT101046,인천 명성푸르네오피스텔,37.516883316,126.70772873,부평구,2,0,2,0,0,2,0.0,0.0,인천광역시 부평구 청중로 96 지상주차장,한국전자금융
NT101057,인천 계양경기장,37.53104792,126.74435406,계양구,7,0,7,0,7,0,100.0,0.0,인천광역시 계양구 봉오대로 855 10105701~10105705 : 지상주차장(계양체육관 내 유소년야구단 주차면) / 10105706~10105707 : 지상주차장(서운체육공원주차장 입구 들어와서 우측 주차면),한국전자금융
NT101107,인천 투민힐스빌아파트,37.465807735,126.65330057,미추홀구,3,0,3,0,0,3,0.0,0.0,인천광역시 미추홀구 경인로 98 지상주차장,한국전자금융
NT101195,검단 정석프라자,37.593023,126.7120112,서구,2,0,2,0,2,0,100.0,0.0,인천광역시 검단구 발산로 41 옥상주차장,한국전자금융
NT101196,김포 다온프라자2,37.592914916,126.71062486,서구,1,0,1,0,1,0,100.0,0.0,인천광역시 검단구 발산로 23 B4F주차장,한국전자금융
NT101205,송도 AT센터,37.380486,126.66519,연수구,17,2,15,0,17,0,100.0,11.76,"인천광역시 연수구 송도과학로 70 B1F(09기둥), B2F(01기둥), 2F(01기둥), 4F(07기둥), 6F(01기둥)",NICE인프라
NT101206,송도 하나요양병원,37.43989893,126.63559689,미추홀구,1,0,1,0,1,0,100.0,0.0,인천광역시 미추홀구 아암대로253번길 36 지상주차장(장례원입구 맞은편 주차면),한국전자금융
NT101213,인천 경남3차아파트,37.5026819,126.7080911,부평구,15,0,15,0,0,15,0.0,0.0,"인천광역시 부평구 마장로272번길 89 지상주차장(301동, 305동, 312동) / B1F주차장(304동, 311동) 주차면",NICE인프라
NT101216,인천 소래포구종합어시장,37.398751807,126.73715684,남동구,4,0,4,0,4,0,100.0,0.0,인천광역시 남동구 소래역로 12 B2F주차장(B07기둥 주차면),한국전자금융
NT101217,인천 스카이가든,37.4881717,126.5598829,중구,3,0,3,0,3,0,100.0,0.0,인천광역시 영종구 자연대로 37 B1F주차장(램프 앞 주차면),NICE인프라
NT101218,인천 오덕프라자,37.59421274,126.61231922,서구,6,0,6,0,6,0,100.0,0.0,인천광역시 검단구 보듬5로 5 4F주차장,한국전자금융
NT101220,인천 한일골프클럽,37.4569582,126.630101,중구,1,0,1,0,1,0,100.0,0.0,인천광역시 제물포구 서해대로 340 지상주차장,한국전자금융
NT101222,인천 화미골프클럽,37.486058218,126.66103952,서구,2,0,2,0,2,0,100.0,0.0,인천광역시 서해구 봉수대로 118 1F주차장,한국전자금융
NT101238,인천 부평대아지하도상가,37.49048,126.72447,부평구,1,0,1,0,1,0,100.0,0.0,인천광역시 부평구 광장로 지하30 B1F주차장,한국전자금융
NT101245,인천 송도센트로드,37.3991383,126.6303637,연수구,34,0,34,0,34,0,100.0,0.0,"인천광역시 연수구 인천타워대로 323 B1F주차장(A동, C09기둥, D18기둥, D20기둥, G14기둥)",NICE인프라
NT101257,강화 경기장(강화아시아드BMX경기장),37.756343663,126.47073538,강화군,3,0,3,0,3,0,100.0,0.0,인천광역시 강화군 강화읍 강화대로 600 지상주차장(강화아시아드BMX경기장 주차면),한국전자금융
NT101258,인천 더샵센트럴파크2차,37.394186756,126.64068883,연수구,10,0,10,0,0,10,0.0,0.0,인천광역시 연수구 센트럴로 194 B2F주차장(201동 E01~H01 주차면),한국전자금융
NT101321,강화 고인돌체육관,37.754954903,126.46855386,강화군,6,0,6,0,6,0,100.0,0.0,인천광역시 강화군 강화읍 강화대로 603 지상주차장,한국전자금융
NT101322,인천 동암비버리씨티오피스텔,37.471188815,126.70040457,부평구,2,0,2,0,0,2,0.0,0.0,인천광역시 부평구 열우물로25번길 14-3 B1F주차장,한국전자금융
NT101331,인천 커뮤니티프라자,37.442524033,126.71520475,남동구,1,0,1,0,1,0,100.0,0.0,인천광역시 남동구 인하로 616 지상주차장(건물 뒤 주차면),NICE인프라
NT101349,인천 월드게이트오피스텔,37.4394986,126.4600344,중구,4,0,4,0,0,4,0.0,0.0,"인천광역시 영종구 공항로424번길 50 B2F주차장(9,10기둥 주차면)",NICE인프라
NT101366,인천 SR노빌리안2차,37.451884135,126.70409426,남동구,2,0,2,0,0,2,0.0,0.0,인천광역시 남동구 미래로 21 B1F주차장,한국전자금융
NT101382,인천 아이오시티오피스텔,37.514229022,126.70543808,부평구,3,0,3,0,0,3,0.0,0.0,인천광역시 부평구 세월천로40번길 24 지상주차장(1동 입구 주차면),한국전자금융
NT101393,강화 장엄사,37.606966314,126.41156511,강화군,1,0,1,0,1,0,100.0,0.0,인천광역시 강화군 화도면 해안남로 1962-19 지상주차장,한국전자금융
NT101483,인천 누리자타운,37.44199,126.7086,남동구,1,0,1,0,1,0,100.0,0.0,인천광역시 남동구 선수촌공원로23번길 10-21 B1F주차장,한국전자금융
NT101495,인천 이조식자재마트,37.40202,126.73567,남동구,2,0,2,0,2,0,100.0,0.0,인천광역시 남동구 소래역로46번길 31 B1F주차장,한국전자금융
NT101528,인천 대덕노바체,37.54051,126.72311,계양구,3,0,3,0,3,0,100.0,0.0,인천광역시 계양구 계양대로 188 B1F주차장,한국전자금융
NT101532,인천 트리플타워주차빌딩,37.60138,126.65741,서구,3,0,3,0,3,0,100.0,0.0,인천광역시 검단구 완정로165번길 8 7F주차장,한국전자금융
NT101533,인천 한별프라이빌아파트,37.46339,126.63467,중구,8,0,8,0,0,8,0.0,0.0,인천광역시 제물포구 인중로63번길 28 지상주차장(아파트입구 옆 주차면),한국전자금융
NT101562,인천 인향콤비타워,37.44909,126.71138,남동구,2,0,2,0,2,0,100.0,0.0,인천광역시 남동구 인주대로 670 지상주차장,한국전자금융
NT101564,인천 대흥평창로시스빌딩,37.44194,126.6673,미추홀구,2,0,2,0,2,0,100.0,0.0,인천광역시 미추홀구 소성로 171 B1F주차장,한국전자금융
NT101565,인천 유니스프라자,37.43978,126.66509,미추홀구,2,0,2,0,2,0,100.0,0.0,인천광역시 미추홀구 매소홀로 388 지상주차장,한국전자금융
NT101567,인천 광영스너그에어시티,37.48485,126.56097,중구,9,0,9,0,0,9,0.0,0.0,인천광역시 영종구 영종대로 875 B5F주차장,한국전자금융
NT101572,아시아나항공 인천제1격납고,37.45835,126.42769,중구,3,0,3,0,3,0,100.0,0.0,인천광역시 영종구 공항로 272 지상주차장(건물 정문 옆 주차면),한국전자금융
NT101573,아시아나항공 인천제2격납고,37.45835,126.42769,중구,8,0,8,0,8,0,100.0,0.0,인천광역시 영종구 공항로 272 지상주차장(건물 우측 주차면),한국전자금융
NT101578,인천 동아씨랜드26,37.39974,126.73691,남동구,2,0,2,0,2,0,100.0,0.0,인천광역시 남동구 장도로 64 B3F주차장,한국전자금융
NT101596,인천시 청소년수련관,37.45354,126.74959,남동구,2,0,2,0,2,0,100.0,0.0,인천광역시 남동구 장수로 42 지상주차장(본관 좌측 주차면),한국전자금융
NT101645,청라 딜라이트타워1차,37.53212,126.65682,서구,6,0,6,0,0,6,0.0,0.0,인천광역시 서해구 청라에메랄드로 78 B1F주차장(11기둥 주차면),한국전자금융
NT101646,청라 딜라이트타워2차,37.5326,126.65683,서구,8,0,8,0,0,8,0.0,0.0,인천광역시 서해구 청라에메랄드로 84 B1F주차장(02기둥 주차면),한국전자금융
NT101647,청라 매그놀리아2차,37.53264,126.65788,서구,4,0,4,0,0,4,0.0,0.0,인천광역시 서해구 청라에메랄드로76번길 7-13 B2F주차장,한국전자금융
NT101653,인천 아델리움오피스텔,37.4589,126.64917,미추홀구,1,0,1,0,1,0,100.0,0.0,인천광역시 미추홀구 독배로 440 3F주차장,한국전자금융
NT101672,인천 현대해상사옥,37.4507,126.70397,남동구,3,0,3,0,0,3,0.0,0.0,인천광역시 남동구 미래로 7 지상주차장,한국전자금융
NT101701,인천 정광산호아파트,37.43851,126.65684,미추홀구,6,0,6,0,0,6,0.0,0.0,"인천광역시 미추홀구 한나루로357번길 87-18 지상주차장(101동, 102동 앞 주차면)",NICE인프라
NT101725,송도 더하이츠,37.39759,126.64843,연수구,2,0,2,0,2,0,100.0,0.0,인천광역시 연수구 신송로 161 B2F주차장,한국전자금융
NT101726,송도 더제니스,37.39777,126.64976,연수구,4,0,4,0,4,0,100.0,0.0,인천광역시 연수구 신송로 154 B1F주차장(주차장 입구 옆 주차면),한국전자금융
NT101727,송도 제이큐브,37.39653,126.64822,연수구,3,0,3,0,3,0,100.0,0.0,인천광역시 연수구 신송로 157-15 B2F주차장(12기둥 주차면),한국전자금융
NT101730,인천 청라매그놀리아,37.53262,126.65118,서구,9,0,9,0,0,9,0.0,0.0,인천광역시 서해구 중봉대로586번길 9-11,한국전자금융
NT101731,송도 더마란츠타워,37.39717,126.64915,연수구,4,0,4,0,4,0,100.0,0.0,인천광역시 연수구 신송로 153 B2F주차장(기둥:13),한국전자금융
NT101732,송도 제이스퀘어,37.38248,126.63686,연수구,2,0,2,0,2,0,100.0,0.0,인천광역시 연수구 벤처로 10 지상주차장,한국전자금융
NT101752,인천 영종스카이탑,37.49131,126.50082,중구,5,0,5,0,5,0,100.0,0.0,인천광역시 영종구 영종대로196번길 15-7 B1F주차장,한국전자금융
NT101766,인천 마크원지식산업센터,37.3997,126.70866,남동구,10,0,10,0,10,0,100.0,0.0,인천광역시 남동구 호구포로 194 4F주차장(B동 주차면),한국전자금융
NT101776,인천 가좌두산위브트레지움1단지,37.49089,126.68636,서구,18,0,18,0,0,18,0.0,0.0,"인천광역시 서해구 여우재로 136 B1F주차장(102동, 105동, 108동) / B2F주차장(101동, 103동, 108동 주차면)",NICE인프라
NT101777,인천 가좌두산위브트레지움2단지,37.48989,126.68558,서구,27,0,27,0,0,27,0.0,0.0,"인천광역시 서해구 여우재로 119 B1F주차장(15기둥, 29기둥 주차면) / B2F주차장(41기둥, 204동 주차면)",NICE인프라
NT101795,송도 더넥서스,37.39801,126.64919,연수구,2,0,2,0,2,0,100.0,0.0,인천광역시 연수구 신송로 160 B1F주차장(관리사무소옆),한국전자금융
NT101796,인천 석바위VIP클리닉,37.458332,126.688434,미추홀구,2,0,2,0,2,0,100.0,0.0,인천광역시 미추홀구 경인로 433 B2F 주차장,한국전자금융
NT101810,인천 지웰푸르지오시티오피스텔,37.38406,126.64321,연수구,7,0,7,0,0,7,0.0,0.0,인천광역시 연수구 하모니로 144 10181001~05: B2F주차장(상가 01기둥) / 06~07: B1F주차장(상가 01기둥),한국전자금융
NT101814,송도 풍림아이원2단지아파트,37.39425,126.65213,연수구,21,0,21,0,0,21,0.0,0.0,인천광역시 연수구 해돋이로120번길 16,한국전자금융
NT101817,인천 용현금호타운,37.4478,126.63677,미추홀구,6,0,6,0,0,6,0.0,0.0,인천광역시 미추홀구 낙섬동로 9 10181701~03: 지상주차장(105동 뒤) / 04~06: 지상주차장(110동 뒤),NICE인프라
NT101844,인천 하늘지움오피스텔,37.38496,126.71671,남동구,4,0,4,0,0,4,0.0,0.0,인천광역시 남동구 에코중앙로48번길 31 지상주차장(지하주차장 입구 옆 주차면),한국전자금융
NT101883,"인천 가좌한신휴플러스1,2단지",37.49526,126.6844,서구,74,0,74,0,0,74,0.0,0.0,"인천광역시 서해구 건지로 402 지상주차장(104,105,106,107,108,204,205,206,207,208,210,214동) / B2F주차장(1단지8기둥,2단지6~12기둥)",한국전자금융
NT101927,인천 서해그린3차아파트,37.54074,126.72578,계양구,3,0,3,0,0,3,0.0,0.0,인천광역시 계양구 주부토로501번길 26 지상주차장(3동 옆 주차면),NICE인프라
NT101930,송도 푸르지오월드마크1단지,37.39816,126.65169,연수구,7,0,7,0,7,0,100.0,0.0,인천광역시 연수구 컨벤시아대로 50 B1F주차장 / B2F주차장,한국전자금융
NT101955,송도 SK뷰센트럴,37.38215,126.63955,연수구,8,0,8,0,0,8,0.0,0.0,"인천광역시 연수구 하모니로188번길 17 B1F(101동09기둥주차면),B2F(101동04기둥,102동10기둥,103동32기둥주차면",한국전자금융
NT101983,인천 주안더월드스테이트,37.46236,126.69445,미추홀구,71,0,71,0,0,71,0.0,0.0,인천광역시 미추홀구 경원대로 884 지상주차장 / B1F주차장 / B2F주차장,NICE인프라
NT102018,인천 브라운스톤백운,37.48277,126.70738,부평구,12,0,12,0,0,12,0.0,0.0,인천광역시 부평구 마장로 43-20 B1F주차장,한국전자금융
NT102031,인천 신흥현대아이파크,37.45736,126.63321,중구,23,0,23,0,0,23,0.0,0.0,인천광역시 제물포구 인항로 30 지상주차장 / B1F주차장,한국전자금융
NT102037,인천 검단우림필유아파트,37.59822,126.67112,서구,10,0,10,0,0,10,0.0,0.0,인천광역시 검단구 완정로34번길 29 지상주차장 / B1F주차장,한국전자금융
NT102039,인천 가좌풍림아파트,37.49175,126.67996,서구,8,0,8,0,0,8,0.0,0.0,인천광역시 서해구 원적로47번길 6 지상주차장(102동 뒤 주차면),한국전자금융
NT102045,인천 서창퍼스트뷰아파트,37.4232,126.74496,남동구,49,0,49,0,0,49,0.0,0.0,"인천광역시 남동구 서창남순환로 190-15 B1F주차장(A154, A059, A068, B121, B100기둥) / B2F주차장(E080, E076, E054, E035, E020, E118기둥)",한국전자금융
NT102047,인천 현대모닝사이드아파트,37.43903,126.74642,남동구,13,0,13,0,0,13,0.0,0.0,"인천광역시 남동구 매소홀로 1103 지상주차장(303, 305동 주차면)",NICE인프라
NT102049,인천 간석우성아파트,37.46685,126.6935,남동구,7,0,7,0,0,7,0.0,0.0,인천광역시 남동구 방축로 501 지상주차장(9동 옆 주차면),한국전자금융
NT102090,인천 창보밀레시티1단지2단지,37.5018,126.48719,중구,3,0,3,0,0,3,0.0,0.0,인천광역시 영종구 신도시북로43번길 73 지상주차장(108동 옆 주차면),한국전자금융
NT102094,인천 용현대림아파트,37.44893,126.6353,미추홀구,3,0,3,0,1,2,33.33,0.0,인천광역시 미추홀구 낙섬중로 4 지상주차장(9동 뒤 주차면),NICE인프라
NT102107,인천 삼환1단지아파트,37.54496,126.72385,계양구,2,0,2,0,0,2,0.0,0.0,인천광역시 계양구 하느재로 15 지상주차장(105동 앞 주차면),NICE인프라
NT102144,인천 서창센트라스아파트,37.42594,126.74566,남동구,12,0,12,0,0,12,0.0,0.0,"인천광역시 남동구 서창남순환로 201 지상주차장(803동 뒤, 802동 뒤 주차면)",한국전자금융
NT102148,인천 동춘대동아파트,37.40634,126.66878,연수구,7,0,7,0,0,7,0.0,0.0,인천광역시 연수구 먼우금로 69 지상주차장(아파트상가 뒤 주차면),한국전자금융
NT102176,인천 구월성문아파트,37.44828,126.72036,남동구,2,0,2,0,0,2,0.0,0.0,인천광역시 남동구 호구포로744번길 26 지상주차장(1동 주차면),NICE인프라
NT102183,인천 석남신광1차아파트,37.51066,126.67729,서구,2,0,2,0,0,2,0.0,0.0,인천광역시 서해구 서달로137번길 13 지상주차장(1동 주차면),NICE인프라
NT102392,인천 산곡뉴서울1차아파트,37.50195,126.70552,부평구,7,0,7,0,7,0,100.0,0.0,인천광역시 부평구 마장로264번길 33 지상주차장(102동 앞 주차면),NICE인프라
NT102397,인천 효성동태산그린아파트,37.53045,126.7002,계양구,14,0,14,0,0,14,0.0,0.0,"인천광역시 계양구 봉오대로477번길 20 지상주차장(103동, 106동, 112동)",NICE인프라
NT102411,송도 도담프라자,37.39848,126.64954,연수구,1,1,0,0,1,0,100.0,100.0,인천광역시 연수구 신송로170번길 10,한국전자금융
NT102451,인천 서창자이아파트,37.43797,126.74986,남동구,11,0,11,0,0,11,0.0,0.0,"인천광역시 남동구 장아산로 157 지상주차장(102동, 103동, 106동 주차면)",NICE인프라
NT102453,인천 구월아시아드선수촌1단지,37.44661,126.71174,남동구,11,0,11,0,0,11,0.0,0.0,인천광역시 남동구 선수촌공원로 85 지상주차장(107동 앞 주차면),NICE인프라
NT102467,인천 남촌3차풍림아파트,37.42848,126.71676,남동구,9,0,9,0,1,8,11.11,0.0,인천광역시 남동구 남촌로84번길 38 지상주차장(301동/306동/307동 앞 주차면),NICE인프라
NT102490,인천 일신주공아파트,37.4827,126.74148,부평구,11,0,11,0,0,11,0.0,0.0,"인천광역시 부평구 항동로75번길 11 지상주차장(104동, 106동, 112동 뒤 주차면)",한국전자금융
NT102493,인천 연수유천아파트,37.42347,126.68307,연수구,11,0,11,0,0,11,0.0,0.0,"인천광역시 연수구 먼우금로 302 지상주차장(101동, 102동, 108동)",NICE인프라
NT102498,인천 남촌2차풍림아파트,37.43267,126.71779,남동구,3,0,3,0,0,3,0.0,0.0,인천광역시 남동구 남촌동로 8 지상주차장(관리실 뒤 주차면),NICE인프라
NT102509,인천 마시안스테이,37.42867,126.41851,중구,1,0,1,0,0,1,0.0,0.0,인천광역시 영종구 마시란로 71 지상주차장(주차장입구 주차면),한국전자금융
NT102557,인천 산곡한화1차아파트,37.50472,126.70672,부평구,5,0,5,0,0,5,0.0,0.0,인천광역시 부평구 원적로 361 지상주차장(108동 앞 주차면),NICE인프라
NT102597,인천 청라휴먼시아4단지,37.52759,126.6484,서구,21,0,21,0,0,21,0.0,0.0,"인천광역시 서해구 청라커낼로 232 B1F주차장(402동, 404동, 407동)",NICE인프라
NT102627,인천 청라푸르지오,37.53509,126.637,서구,19,0,19,0,0,19,0.0,0.0,"인천광역시 서해구 크리스탈로102번길 25 B1F주차장(27기둥, 28기둥, 30기둥)",NICE인프라
NT102628,인천 청라호수공원한신더휴,37.5292,126.62855,서구,56,0,56,0,0,56,0.0,0.0,인천광역시 서해구 청라한내로 40,NICE인프라
NT102629,인천 송도글로벌베르디움,37.37471,126.65481,연수구,10,0,10,0,0,10,0.0,0.0,인천광역시 연수구 송도문화로28번길 27 B1F주차장(71기둥 주차면),NICE인프라
NT102645,인천 초정마을하나아파트,37.54018,126.74375,계양구,9,0,9,0,0,9,0.0,0.0,"인천광역시 계양구 계양문화로 168 지상주차장(318동, 319동)",NICE인프라
NT102735,인천 검단SK뷰아파트,37.5849,126.67787,서구,9,0,9,0,0,9,0.0,0.0,"인천광역시 검단구 독정로 17 B1F주차장(101동, 103동, 104동)",NICE인프라
NT102762,인천 산곡한화2단지,37.50472,126.70672,부평구,14,0,14,0,0,14,0.0,0.0,"인천광역시 부평구 원적로 361 지상주차장(209동, 219동)",NICE인프라
NT102776,인천 검단금호어울림,37.59522,126.66683,서구,12,0,12,0,0,12,0.0,0.0,"인천광역시 검단구 완정로65번안길 17 B1F주차장(104동, 105동)",NICE인프라
NT102876,인천 SK스카이뷰아파트1,37.45201,126.64506,미추홀구,99,0,99,0,0,99,0.0,0.0,"인천광역시 미추홀구 용정공원로 33 B2F주차장(101동, 105동, 107동, 112동, 113동, 114동, 116동, 117동, 119동, 120동, 122동, 123동)",NICE인프라
NT102877,인천 SK스카이뷰아파트2,37.45201,126.64506,미추홀구,18,0,18,0,0,18,0.0,0.0,"인천광역시 미추홀구 용정공원로 33 B2F주차장(125동, 126동)",NICE인프라
NT102880,인천 서창청광플러스원아파트,37.4313,126.74776,남동구,15,0,15,0,1,14,6.67,0.0,"인천광역시 남동구 서창남순환로 82 B1F주차장(관리사무소, 101동, 106동 주차면)",NICE인프라
NT200189,인천 주안진흥아파트,37.4464096,126.6812735,미추홀구,18,0,18,0,0,18,0.0,0.0,"인천광역시 미추홀구 인하로298번길 33 지상(105동) / B1F(106동, 108동) / B2F(101동, 102동, 106동, 108동)",NICE인프라
NT200209,송도 아메리칸타운,37.3848048,126.6616824,연수구,12,0,12,0,0,12,0.0,0.0,인천광역시 연수구 송도과학로27번길 15 지하1층주차장 01번기둥 왼쪽 3기 오른쪽 3기 / 지하1층 주차장 37번기둥 맨 왼쪽 2기 = 총 8기,한국전자금융
NT300001,인천 이편한세상도화6-1단지,37.47472,126.66562,미추홀구,23,0,23,0,0,23,0.0,0.0,인천광역시 미추홀구 숙골로88번길 46 B1F주차장 / B2F주차장,한국전자금융
NT300012,인천 구월아시아드선수촌아파트,37.44334,126.71245,남동구,26,0,26,0,0,26,0.0,0.0,"인천광역시 남동구 선수촌로 55 B1F주차장(101동, 102동, 103동, 104동, 105동, 106동, 107동, 04기둥)",NICE인프라
NT300020,인천 다정한마을서해아파트,37.45751,126.70618,남동구,5,0,5,0,0,5,0.0,0.0,인천광역시 남동구 구월로157번길 7 지상주차장(101동 앞 주차면),한국전자금융
NT300024,송도 랜드마크시티센트럴더샵아파트,37.41511,126.61822,연수구,42,0,42,0,0,42,0.0,0.0,인천광역시 연수구 랜드마크로 68 B3F주차장,한국전자금융
NT300025,인천 루원호반베르디움더센트럴,37.52933,126.66815,서구,9,0,9,0,0,9,0.0,0.0,인천광역시 서해구 봉오재3로 75,한국전자금융
NT300026,인천 만수주공6단지아파트,37.46037,126.73673,남동구,10,0,10,0,0,10,0.0,0.0,인천광역시 남동구 만수로50번길 19 지상주차장,한국전자금융
NT300046,송도 SK뷰아파트,37.41411,126.62497,연수구,17,0,17,0,0,17,0.0,0.0,인천광역시 연수구 랜드마크로 19 B2F주차장,한국전자금융
NT300056,인천 신흥풍림아이원,37.46509,126.63195,중구,5,0,5,0,0,5,0.0,0.0,인천광역시 제물포구 인중로 109 B2F주차장(전기실 앞 주차면),한국전자금융
NT300061,인천 영종자이아파트,37.48792,126.53134,중구,15,0,15,0,0,15,0.0,0.0,인천광역시 영종구 운남서로 7 B1F주차장 / B2F주차장,한국전자금융
NT300088,청라 엑슬루타워아파트,37.5308,126.65134,서구,17,0,17,0,0,17,0.0,0.0,인천광역시 서해구 중봉대로586번길 22,한국전자금융
NUNR0031,재단법인 인천테크노파크,37.382559,126.653488,연수구,21,0,21,0,20,1,95.24,0.0,인천광역시 연수구 갯벌로 12,뉴로모빌리티
NUNR0037,서울빌딩,37.4516,126.690195,미추홀구,1,0,1,0,0,1,0.0,0.0,인천광역시 미추홀구 경원대로 766(주안동),뉴로모빌리티
NUNUROM6,인천광역시남촌농축산물도매시장,37.423305,126.71938,남동구,51,5,46,0,51,0,100.0,9.8,인천광역시 남동구 비류대로 763 업무동 앞,뉴로모빌리티
OB000012,EV충전소 인천대교주유소,37.396492,126.661617,연수구,1,0,0,1,0,1,0.0,0.0,인천광역시 연수구 아암대로 815,현대오일뱅크
OB000030,HD현대오일뱅크 유화셀프주유소,37.5250388,126.7187597,계양구,1,1,0,0,1,0,100.0,100.0,인천광역시 계양구 아나지로 240 유화셀프주유소,HD현대오일뱅크
OB000034,HD현대오일뱅크 수인주유소,37.4605801,126.7208238,남동구,1,1,0,0,1,0,100.0,100.0,인천광역시 남동구 백범로 255 현대오일뱅크 직영 수인주유소,HD현대오일뱅크
OB000035,HD현대오일뱅크 싸이클셀프주유소,37.4840892,126.7522484,부평구,1,1,0,0,1,0,100.0,100.0,인천광역시 부평구 경인로 1195 현대오일뱅크 직영 싸이클셀프주유소,HD현대오일뱅크
OB000037,HD현대오일뱅크 영종셀프주유소,37.4893215,126.5582009,중구,1,1,0,0,1,0,100.0,100.0,인천광역시 영종구 자연대로 55 현대오일뱅크 직영 영종셀프주유소,HD현대오일뱅크
OB000040,HD현대오일뱅크 부평공단셀프주유소,37.5148339,126.7217433,부평구,1,1,0,0,1,0,100.0,100.0,인천광역시 부평구 부평대로 262 현대오일뱅크 직영 부평공단셀프주유소,HD현대오일뱅크
OB000042,HD현대오일뱅크 도화충전소,37.4647978,126.6645412,미추홀구,1,1,0,0,1,0,100.0,100.0,인천광역시 미추홀구 경인로 200 HD현대오일뱅크 도화충전소,HD현대오일뱅크
OB000051,HD현대오일뱅크 미추홀셀프주유소,37.4510433,126.6802912,미추홀구,1,1,0,0,1,0,100.0,100.0,인천광역시 미추홀구 인주대로 394 HD현대오일뱅크 직영 미추홀셀프주유소,HD현대오일뱅크
OB000052,HD현대오일뱅크 신공항주유소,37.4942417,126.489519,중구,1,1,0,0,1,0,100.0,100.0,인천광역시 영종구 신도시남로141번길 6 HD현대오일뱅크 직영 신공항주유소,HD현대오일뱅크
OB000061,HD현대오일뱅크 검단주유소,37.6009456,126.6607948,서구,1,1,0,0,1,0,100.0,100.0,인천광역시 검단구 완정로 138 HD현대오일뱅크 검단주유소,HD현대오일뱅크
PA280006,능허대중학교,37.3735373,126.6578118,연수구,1,0,1,0,1,0,100.0,0.0,인천광역시 연수구 송도교육로 31 능허대중학교 외부주차,이브이페이
PA280007,석정초등학교,37.46693592,126.69582215,남동구,1,0,1,0,1,0,100.0,0.0,인천광역시 남동구 석정로539번길 32 지상1층 주차장 지상1층 주차장 초등학교 건물 뒷편,이브이페이
PA280008,예송중학교,37.3834156,126.6275486,연수구,1,0,1,0,1,0,100.0,0.0,인천광역시 연수구 아카데미로 212 예송중학교 지상1층 주차,이브이페이
PA280010,인천바이오과학고등학교,37.4208229,126.6688912,연수구,2,0,2,0,2,0,100.0,0.0,인천광역시 연수구 용담로 12 인천바이오과학고등학교 외부주차,이브이페이
PA280013,인천송일초등학교,37.38418801,126.635135,연수구,1,0,1,0,1,0,100.0,0.0,인천광역시 연수구 컨벤시아대로252번길 15 인천송일초등학교 옥외주차,이브이페이
PA280014,송현근린공원 주차장,37.479,126.6394866,동구,7,4,3,0,7,0,100.0,57.14,인천광역시 제물포구 송현공원로 75-21 송현근린공원 주차장 송현근린공원 주차,이브이페이
PC000013,비알오토솔루션,37.491039,126.661864,서구,2,0,2,0,0,2,0.0,0.0,인천광역시 서해구 봉수대로170번길 5 옥외주차장 1층,파킹클라우드
PC000089,앨리웨이 인천,37.469546,126.664538,미추홀구,15,2,13,0,15,0,100.0,13.33,"인천광역시 미추홀구 숙골로88번길 12 앨리웨이 인천 컬쳐동 B4, 라이프동 B1",파킹클라우드
PC000118,키움프라자(인천),37.533884,126.646355,서구,15,0,15,0,15,0,100.0,0.0,인천광역시 서해구 청라커낼로288번길 16 키움프라자 지상 5~7층 주차장,파킹클라우드
PC000140,산곡 푸르지오 아파트(인천),37.507247,126.707134,부평구,15,0,15,0,0,15,0.0,0.0,"인천광역시 부평구 안남로 269 부평산곡푸르지오아파트 놀이터 앞 지상 1층 주차장, B2 103동 앞, B2 104동 앞, B2 106동 앞",파킹클라우드
PC000147,베로나 오피스텔(인천),37.493191,126.729296,부평구,1,0,1,0,1,0,100.0,0.0,인천광역시 부평구 부평문화로116번길 19 베로나 오피스텔 지상 1층 주차장,파킹클라우드
PC000155,단클러스터빌딩(인천),37.367811,126.650176,연수구,2,0,2,0,2,0,100.0,0.0,인천광역시 연수구 송도미래로 47 단클러스터빌딩(인천) 옥외 지상주차장 1층,파킹클라우드
PC000213,계양DSE지식산업센터(인천),37.53189,126.753238,계양구,9,1,8,0,9,0,100.0,11.11,인천광역시 계양구 서운산단로1길 19 지상 5층 주차장,파킹클라우드
PC000214,아르코(인천),37.597367,126.707891,서구,2,1,1,0,2,0,100.0,50.0,인천광역시 검단구 서로3로 198 지하 1층 주차장,파킹클라우드
PC000236,루원시티1공영주차장(인천),37.525003,126.681101,서구,2,1,1,0,2,0,100.0,50.0,인천광역시 서해구 가정동 산21-17 지상 2층 주차장,파킹클라우드
PC000245,한국폴리텍대학 인천캠퍼스,37.4791385,126.7542073,부평구,15,3,12,0,15,0,100.0,20.0,인천광역시 부평구 무네미로448번길 56 학생관 앞 야외주차장,파킹클라우드
PC000247,인천계양경찰서,37.5378551,126.7352368,계양구,4,0,4,0,0,4,0.0,0.0,인천광역시 계양구 계산새로 68 차단기 좌측 야외 주차장,파킹클라우드
PC000276,계양세무서(인천),37.527642,126.723382,계양구,6,3,3,0,6,0,100.0,50.0,인천광역시 계양구 효서로 244 지상 주차장,파킹클라우드
PC000379,루원시티2공영주차장(인천),37.524899,126.684154,서구,8,6,2,0,8,0,100.0,75.0,"인천광역시 서해구 가정동 산21-6 루원시티2공영주차장 2,3층 공영주차장",파킹클라우드
PC000390,인천삼산경찰서,37.511012,126.73224,부평구,1,1,0,0,1,0,100.0,100.0,인천광역시 부평구 굴포로 104 지상 주차장 지상 옥외 주차장,파킹클라우드
PC000400,마스타프라자(인천),37.4247277,126.7475898,남동구,2,0,2,0,2,0,100.0,0.0,인천광역시 남동구 서창남순환로215번길 17 지상 1층 화단 앞 주차장,아이파킹 주식회사
PC000406,청라여성병원(인천),37.533364,126.650295,서구,3,0,3,0,3,0,100.0,0.0,인천광역시 서해구 중봉대로 602 지하 3층 주차장,파킹클라우드
PC000460,세종팰리스(인천),37.531357,126.734234,계양구,2,0,2,0,2,0,100.0,0.0,인천광역시 계양구 장제로 714 지하 1층 주차장,파킹클라우드
PC000487,부개동 백영아파트(인천),37.496531,126.741688,부평구,4,1,3,0,4,0,100.0,25.0,인천광역시 부평구 수변로 115 지상 주차장,파킹클라우드
PC000524,인천영종하늘 호반써밋 스카이센트럴,37.495459,126.567125,중구,18,2,16,0,16,2,88.89,11.11,인천광역시 영종구 두미포로 113,파킹클라우드
PC000527,옥토끼우주센터(인천),37.6741428,126.487308,강화군,3,1,2,0,3,0,100.0,33.33,인천광역시 강화군 불은면 강화동로 403 지상 주차장,파킹클라우드
PC000535,E편한세상 영종국제도시 오션하임,37.493225,126.567777,중구,32,2,30,0,32,0,100.0,6.25,"인천광역시 영종구 두미포로 112 B1 102동 104동 사이, 116동 주차장",파킹클라우드
PC000651,인천청라 골드클래스1차 오피스텔,37.532007,126.631248,서구,10,1,9,0,10,0,100.0,10.0,"인천광역시 서해구 청라한내로72번길 7-31 B2층 08기둥 뒤편, B3층 16-17기둥",파킹클라우드
PC000652,인천청라 골드클래스2차 오피스텔,37.532514,126.631244,서구,10,1,9,0,10,0,100.0,10.0,"인천광역시 서해구 청라한내로72번길 7-29 B2층 08기둥 뒤편, B3층 16-17기둥",파킹클라우드
PC000691,작전삼성홈타운아파트(인천),37.5295156,126.7300628,계양구,3,0,3,0,0,3,0.0,0.0,인천광역시 계양구 효서로303번길 19 지상 주차장 램프 앞,파킹클라우드 주식회사
PC000708,아이지이 주식회사(인천),37.5085846,126.6531336,서구,2,1,1,0,2,0,100.0,50.0,인천광역시 서해구 중봉대로306번길 33 행정동 앞 지상주차장,파킹클라우드
PC000755,장원 가경 (인천),37.6352037,126.4935015,강화군,2,1,1,0,2,0,100.0,50.0,인천광역시 강화군 길상면 전등사로 76-4 1층 옥외 주차장,파킹클라우드
PC000756,중식당 신(인천),37.6392785,126.4873655,강화군,1,1,0,0,1,0,100.0,100.0,인천광역시 강화군 길상면 온수길 66 지상 1층 주차장,파킹클라우드
PC000757,안다미로 한정식(인천),37.7243364,126.4736362,강화군,2,1,1,0,2,0,100.0,50.0,인천광역시 강화군 선원면 시리미로 56 지상 1층 주차장,파킹클라우드
PC000758,강화섬쌀밥집(인천),37.6258436,126.5330754,강화군,2,1,1,0,2,0,100.0,50.0,인천광역시 강화군 길상면 해안남로 17 지상 1층 주차장,파킹클라우드
PC000759,너멍골펜션(인천),37.6077941,126.5173797,강화군,2,1,1,0,2,0,100.0,50.0,인천광역시 강화군 길상면 해안남로 332 지상 1층 주차장,파킹클라우드
PC000760,명진컨벤션웨딩부페(인천),37.7307637,126.4752634,강화군,2,1,1,0,2,0,100.0,50.0,인천광역시 강화군 강화읍 충렬사로 138 지상 1층 주차장,파킹클라우드
PC000761,강화초지인삼센터(인천),37.6271345,126.5330646,강화군,2,1,1,0,2,0,100.0,50.0,인천광역시 강화군 길상면 초지로 151 지상 1층 주차장,파킹클라우드
PC000944,하우스디아파트(인천),37.511645102,126.7086862,부평구,10,0,10,0,10,0,100.0,0.0,인천광역시 부평구 안남로 315 지상주차장,아이파킹
PC000983,인천항 국제여객터미널,37.4240553,126.6055742,연수구,20,2,18,0,20,0,100.0,10.0,인천광역시 연수구 국제항만대로326번길 57 지상주차장,아이파킹
PC000984,인천항 크루즈터미널,37.4251516,126.5916724,연수구,2,0,2,0,2,0,100.0,0.0,인천광역시 연수구 국제항만대로 438 지상주차장,아이파킹
PC000985,인천항 연안여객터미널 제2주차장,37.4535242,126.5963163,중구,6,1,5,0,6,0,100.0,16.67,인천광역시 제물포구 연안부두로 88 지상주차장,아이파킹
PC000986,인천항 연안여객터미널 제1주차장,37.4540734,126.5981035,중구,6,0,6,0,6,0,100.0,0.0,인천광역시 제물포구 연안부두로 70 지상주차장,아이파킹
PC001136,인천상공회의소,37.408950409,126.6963965,남동구,2,0,2,0,2,0,100.0,0.0,인천광역시 남동구 은봉로60번길 46 지상 주차장 후문 옆,아이파킹
PC001342,영종P-TOWER28(인천),37.491533408,126.49911484,중구,10,1,9,0,10,0,100.0,10.0,인천광역시 영종구 햇내로28번길 7 지상7층 옥상주차장,아이파킹
PC001350,스카이캐슬(인천),37.491553634,126.5002527,중구,4,0,4,0,4,0,100.0,0.0,"인천광역시 영종구 영종대로196번길 7 지하1층 07기둥 좌, 우",아이파킹
PC001357,인천지방법원,37.442947738,126.6674984,미추홀구,27,2,25,0,27,0,100.0,7.41,인천광역시 미추홀구 소성로163번길 17 별관 뒤 지하1층 A14기둥/ 별관 뒤 지상1층/ 별관 앞 지상1층,아이파킹
PC001519,한국폴리텍대학 남인천캠퍼스,37.4726181,126.6773152,미추홀구,10,0,10,0,10,0,100.0,0.0,인천광역시 미추홀구 염전로333번길 23 복지관 앞 지상주차장,아이파킹
PC001537,아크로팰리스(인천),37.5136412,126.7050202,부평구,3,0,3,0,3,0,100.0,0.0,인천광역시 부평구 세월천로40번길 13 지상1층,아이파킹
PC001546,검단사거리역 듀클래스(인천),37.6017525,126.6593189,서구,5,0,5,0,0,5,0.0,0.0,인천광역시 검단구 완정로 154 B2주차장 램프 우측,아이파킹
PC001578,송도 제이블록(인천),37.3954703,126.6470445,연수구,5,1,4,0,5,0,100.0,20.0,"인천광역시 연수구 해돋이로 160-14 지하 1층 07번, 03번 기둥",아이파킹
PC001770,인천대학교,37.3780165,126.6326264,연수구,24,0,24,0,24,0,100.0,0.0,"인천광역시 연수구 아카데미로 119 교수회관, 정보전산원, 자연과학대, 기숙사 지상주차장",아이파킹 주식회사
PC001835,다우림 201동(인천),37.4636792,126.6473203,미추홀구,1,0,1,0,0,1,0.0,0.0,인천광역시 미추홀구 경인로 38 지하 1층 출입구 인근,아이파킹
PC001952,롯데오피스텔(인천),37.4598491,126.6729642,미추홀구,2,0,2,0,2,0,100.0,0.0,인천광역시 미추홀구 한나루로 604 지하1층 출입구 좌측,아이파킹
PE000004,송빛 초등학교,37.38567,126.612803,연수구,5,1,4,0,5,0,100.0,20.0,인천광역시 연수구 아카데미로343번길 27 1층 주차장,viveEV
PEEBS001,영종권역 버스공영차고지,37.510326457,126.50236759,중구,27,27,0,0,27,0,100.0,100.0,인천광역시 영종구 영종순환로877번길 29,피앤이시스템즈
PI000084,인천광역시 이마트(계양점),37.530993,126.736869,계양구,1,0,1,0,1,0,100.0,0.0,인천광역시 계양구 봉오대로 785 본관3층 C1구역,GS차지비
PI000087,인천광역시 이마트(동인천점),37.4665518,126.6291732,중구,1,0,1,0,1,0,100.0,0.0,인천광역시 제물포구 인중로 134 본관3층 B구역,GS차지비
PI000089,인천광역시 동북아무역센터(송도),37.3891405,126.6444425,연수구,3,0,3,0,3,0,100.0,0.0,인천광역시 연수구 컨벤시아대로 165 B2층 J27구역,GS차지비
PI000250,인천시 연수구청,37.4094925,126.6783361,연수구,8,0,8,0,1,7,12.5,0.0,인천광역시 연수구 원인재로 115 연수구청 서문 우측 지상주차장 8기,차지비
PI000439,인천시 중구 해양광장공용주차장지하,37.454923,126.601112,중구,1,0,1,0,0,1,0.0,0.0,인천광역시 제물포구 연안부두로 36 지하1층 B34기둥 지하주차장,GS차지비
PI000440,인천광역시 운서동 행정복지센터,37.4933299,126.4883438,중구,1,0,1,0,1,0,100.0,0.0,인천광역시 영종구 흰바위로27번길 10 주차장,포스코ICT
PI000441,인천광역시 영종1동 행정복지센터,37.4888527,126.5548425,중구,1,0,1,0,1,0,100.0,0.0,인천광역시 영종구 운남서로 100 주차장,차지비
PI000802,인천시 중구청,37.493633,126.5309952,중구,3,0,3,0,3,0,100.0,0.0,인천광역시 영종구 운남서로 100-1 청사 뒷편주차장,GS차지비
PI001686,LG원당자이아파트,37.5956866,126.695448,서구,13,0,13,0,0,13,0.0,0.0,인천광역시 검단구 원당대로839번길 34,GS차지비
PI001706,이안더테라스아파트,37.3845814,126.720427,남동구,6,0,6,0,0,6,0.0,0.0,인천광역시 남동구 에코중앙로84번길 42,GS차지비
PI001716,검단2차풍림아이원아파트,37.5972564,126.669556,서구,2,0,2,0,0,2,0.0,0.0,인천광역시 검단구 완정로64번길 23,GS차지비
PI001728,월드메르디앙아파트,37.5114464,126.669597,서구,6,0,6,0,0,6,0.0,0.0,인천광역시 서해구 신석로 71,GS차지비
PI001814,태화아파트,37.463604007,126.72094838,남동구,3,0,3,0,0,3,0.0,0.0,인천광역시 남동구 호구포로900번길 5,GS차지비
PI018280,커낼힐스빌,37.5325339,126.6449645,서구,6,0,6,0,0,6,0.0,0.0,인천광역시 서해구 청라커낼로 270,GS차지비
PI052741,송도캠퍼스푸르지오오피스텔,37.377757438,126.65352929,연수구,14,0,14,0,0,14,0.0,0.0,"인천광역시 연수구 송도문화로28번길 28 지하1층 201동 상가 입구 55번 기둥, 04번 기둥 우측 / 202동 관리소 앞, 50번 기둥 좌우측",GS차지비
PI052955,논현유호엔시티2단지,37.4027633,126.7375267,남동구,4,0,4,0,0,4,0.0,0.0,인천광역시 남동구 포구로 45 지하4층 01번 기둥,GS차지비
PI052971,일신풍림아파트,37.483687319,126.74467111,부평구,9,0,9,0,0,9,0.0,0.0,"인천광역시 부평구 일신로14번길 23 101동 지하 3기, 103동 지상 3기, 107동 지상 3기",GS차지비
PI066281,주안역센트레빌아파트,37.4687807,126.6861912,미추홀구,81,0,81,0,0,81,0.0,0.0,"인천광역시 미추홀구 염전로 414 B1-101동 A10,106동 C06 /B2-101동 A12,101동 A15,106동 C06,106동 C05,106동 C08, 106동 C11,106동 지상",GS차지비
PI067632,세림더펠리체,37.4650167,126.6932443,남동구,3,0,3,0,3,0,100.0,0.0,인천광역시 남동구 석정로 522-12,GS차지비
PI068397,장미아파트,37.6060587,126.6597683,서구,3,0,3,0,3,0,100.0,0.0,인천광역시 검단구 완정로178번길 49,GS차지비
PI069719,청라한화꿈에그린,37.5367335,126.6398812,서구,63,0,63,0,0,63,0.0,0.0,"인천광역시 서해구 크리스탈로 148 B1-A256~A261,A262~A265,A375,A376~A381, A386~A391,A393~A395,A400~A402,B025~B020,B019,B016~B014,B012~",GS차지비
PI069782,와이지원본사,37.3799651,126.6627215,연수구,8,0,8,0,8,0,100.0,0.0,인천광역시 연수구 송도과학로16번길 13-40 지하2층 전기실 앞 주차램프 옆,GS차지비
PI070170,가천대학교,37.6030578,126.4949725,강화군,4,0,4,0,4,0,100.0,0.0,인천광역시 강화군 길상면 해안남로 646-1 학생회관 입구 우측 30m,GS차지비
PI070747,부평삼보아파트,37.5211427,126.7378743,부평구,6,0,6,0,0,6,0.0,0.0,인천광역시 부평구 후정동로 43 지상 주차장 A1~A2기둥 주차면,GS차지비
PI070753,연희2차한국아파트,37.5508805,126.6759943,서구,2,0,2,0,0,2,0.0,0.0,인천광역시 서해구 서곶로369번길 6 지하1층 주차장 전기실앞 주차장,GS차지비
PI070868,간석lh1단지아파트,37.4637101,126.7172606,남동구,13,0,13,0,0,13,0.0,0.0,"인천광역시 남동구 백범로294번길 15 지상1층 101동앞 10M, 지하1층 106동 주차장 출입구 좌측 2M",GS차지비
PI121462,형제전기,37.399,126.694,남동구,2,0,2,0,0,2,0.0,0.0,인천광역시 남동구 남동대로 150 (고잔동) 주차장,GS차지비
PI121464,소래포구종합어시장,37.398596,126.737337,남동구,1,0,1,0,1,0,100.0,0.0,"인천광역시 남동구 소래역로 12 (논현동, 소래포구종합어시장) 주차장",차지비
PI121609,당하KCC스위첸아파트,37.5879,126.679,서구,13,0,13,0,0,13,0.0,0.0,"인천광역시 검단구 청마로 124 (당하동, 당하KCC스위첸아파트) 지하 1층 B33 기둥, 504동 지상1층, 513동뒤 지상1층",차지비
PI121611,인천시 서구 인천드림파크CC,37.574496,126.645777,서구,6,0,6,0,0,6,0.0,0.0,인천광역시 검단구 자원순환로260번길 46 드림파크CC 클럽하우스주차장 드림파크CC 클럽하우스주차장 L열,차지비
PI122201,케이티계양빌딩,37.529,126.722,계양구,1,0,1,0,0,1,0.0,0.0,인천광역시 계양구 계양대로 57 (작전동) 주차장,차지비
PI122229,케이티석남빌딩,37.5011,126.675,서구,1,0,1,0,0,1,0.0,0.0,인천광역시 서해구 석남로 121 (석남동     KT석남지점) 주차장,차지비
PI122318,인천시 남동구 삼천리기계,37.395704,126.690386,남동구,3,0,3,0,3,0,100.0,0.0,"인천광역시 남동구 남동대로 99 (고잔동) 1층 주차장 끝, 1주차장 3층",GS차지비
PI122369,송도코오롱더프라우2단지,37.399272,126.651506,연수구,3,0,3,0,0,3,0.0,0.0,"인천광역시 연수구 컨벤시아대로42번길 12 (송도동, 송도코오롱더프라우2단지) 201동~202동",차지비
PI122407,송도아트윈푸르지오아파트,37.392731,126.632261,연수구,2,0,2,0,0,2,0.0,0.0,인천광역시 연수구 인천타워대로 253-25 지상주차장,차지비
PI202107,은행마을삼보아파트(지하2층),37.536403422,126.74086238,계양구,7,0,7,0,6,1,85.71,0.0,"인천광역시 계양구 계산새로 108 (계산동, 은행마을강북.삼보아파트) B2 B2, 408동 B2",GS차지비
PI202184,가톨릭대학교인천성모병원,37.4848,126.726,부평구,19,4,15,0,19,0,100.0,21.05,"인천광역시 부평구 동수로 56 완속 8기, 급속 2기 주차타워 1층 / 완속 6기 주차타워 7층",GS차지비
PI202298,연수대우아파트,37.417363456,126.6873013,연수구,3,0,3,0,3,0,100.0,0.0,"인천광역시 연수구 원인재로 237 (연수동, 대우1차아파트) 연수대우아파트 지하 1층",GS차지비
PI202310,은행마을삼보아파트(지하1층),37.536372613,126.74119344,계양구,6,0,6,0,6,0,100.0,0.0,"인천광역시 계양구 계산새로 108 (계산동, 은행마을강북.삼보아파트) B1 B1, 408동 B1",GS차지비
PI202527,인천논현푸르지오,37.4006,126.725,남동구,11,0,11,0,8,3,72.73,0.0,"인천광역시 남동구 청능대로 596 6층 A8(5기), 5층 A8(6기)",GS차지비
PI202699,케이티항동빌딩,37.4703713,126.6229449,중구,4,0,4,0,0,4,0.0,0.0,"인천광역시 제물포구 제물량로 189 (항동6가, 케이티항동지점) 주차장",GS차지비
PI202702,케이티검단빌딩,37.601,126.653,서구,5,0,5,0,0,5,0.0,0.0,"인천광역시 검단구 검단로 441 (왕길동, KT검단지점) 주차장",차지비
PI202727,케이티서인천빌딩,37.543181,126.673386,서구,3,0,3,0,0,3,0.0,0.0,인천광역시 서해구 탁옥로34번길 9 주차장,차지비
PI202786,케이티인천빌딩,37.460313,126.695828,남동구,8,0,8,0,0,8,0.0,0.0,"인천광역시 남동구 경인로 508 (간석동, KT인천지사) 주차장",차지비
PI202807,케이티강화빌딩,37.7430459,126.4907012,강화군,1,0,1,0,0,1,0.0,0.0,"인천광역시 강화군 강화읍 강화대로 353 (갑곳리, 강화전화국) 주차장",GS차지비
PI202822,케이티부평빌딩,37.5045,126.711,부평구,1,0,1,0,0,1,0.0,0.0,"인천광역시 부평구 원적로 399 (산곡동, KT부평지사) 주차장",차지비
PI202823,케이티연수빌딩,37.410662,126.679421,연수구,2,0,2,0,0,2,0.0,0.0,"인천광역시 연수구 청능대로 145 (연수동, KT연수빌딩) 주차장",차지비
PI202930,케이티송도빌딩,37.420985,126.64469,연수구,3,0,3,0,0,3,0.0,0.0,인천광역시 연수구 능허대로 136 (옥련동),차지비
PI203021,인천표면처리센터,37.5876291,126.5983031,서구,5,0,5,0,5,0,100.0,0.0,"인천광역시 검단구 가람로 14 옥상주차장 입구, B1 A29 기둥",GS차지비
PI203028,인천산업용품유통1단지,37.487129485,126.65291173,동구,3,0,3,0,3,0,100.0,0.0,인천광역시 제물포구 방축로37번길 30(송현동) 인천산업유통사업협동조합(1단지) 지하1층 가-1 지하 1층 가-1,GS차지비
PI203030,인천산업용품유통2단지,37.485899578,126.65520705,동구,3,0,3,0,3,0,100.0,0.0,인천광역시 제물포구 방축로37번길 30(송현동) 인천산업유통사업협동조합(2단지) B6-바6 지하 2층 바-6,GS차지비
PI203055,송도더샵하버뷰2,37.397786,126.643227,연수구,13,0,13,0,13,0,100.0,0.0,"인천광역시 연수구 아트센터대로97번길 56 지하2층 1501동 상가앞, 1507동B2",GS차지비
PI203091,부평현대아파트,37.488895,126.705216,부평구,3,0,3,0,0,3,0.0,0.0,인천광역시 부평구 마장로 121 테니스장 옆,차지비
PI306164,더샵센트럴파크1,37.396730574,126.6377216,연수구,5,0,5,0,5,0,100.0,0.0,인천광역시 연수구 센트럴로 232 지하2층 I-10 B2 I10 기둥,GS차지비
PI306173,검단우방아이유쉘,37.604363,126.654198,서구,2,0,2,0,0,2,0.0,0.0,"인천광역시 검단구 완정로 208 107동 3,4라인 B1",차지비
PI306174,수정성결교회,37.613958,126.679265,서구,1,0,1,0,1,0,100.0,0.0,인천광역시 검단구 불로로 64 제3주차장 방송실 옆,GS차지비
PI320033,인천시 연수구 송도푸르지오월드마크7단지,37.393475835423,126.6467168,연수구,3,0,3,0,0,3,0.0,0.0,"인천광역시 연수구 컨벤시아대로 116 지하1층 C3, 지하2층 G1",포스코ICT
PI320037,인천시 남동구 이안더테라스,37.385434,126.7188451,남동구,15,0,15,0,0,15,0.0,0.0,"인천광역시 남동구 에코중앙로84번길 42 103동 1,2라인앞 지하1층주차장",GS차지비
PI320038,인천시 서구 은빛마을풍림1차,37.568426692342,126.6839384102,서구,2,0,2,0,0,2,0.0,0.0,"인천광역시 서해구 검암로20번길 47 지하1층 주차장 (05, 06)",GS차지비
PI320040,인천시 서구 검단오류풍림아이원,37.600728063391,126.6396059581,서구,2,0,2,0,0,2,0.0,0.0,"인천광역시 검단구 봉화로 78 지하주차장 B2, O27",GS차지비
PI320046,인천시 서구 청라파크자이더테라스1단지,37.521713389336,126.6230361952,서구,4,0,4,0,0,4,0.0,0.0,인천광역시 서해구 보석로 31 자하1층 16번,포스코ICT
PI320050,인천시 강화군 자유공간모텔,37.72887647,126.4895499,강화군,2,0,2,0,2,0,100.0,0.0,인천광역시 강화군 선원면 중앙로 169 주차장,GS차지비
PI320051,인천시 미추홀구 스위스여관,37.4645455,126.6683432,미추홀구,2,0,2,0,0,2,0.0,0.0,인천광역시 미추홀구 숙골로 11 주차장,GS차지비
PI320054,인천시 연수구 포스코글로벌RND센터,37.379178,126.6676853,연수구,11,2,9,0,0,11,0.0,18.18,"인천광역시 연수구 송도과학로 100 연구동 16L구역(완속#1~5) , P03기둥(급속 #1,2 완속 #6~9)",GS차지비
PI320055,인천시 강화군 저어새팬션,37.60145552,126.4016765,강화군,2,0,2,0,2,0,100.0,0.0,인천광역시 강화군 화도면 해안남로 2099 주차장,GS차지비
PI320056,인천시 강화군 엔모텔,37.62675948,126.5336943,강화군,2,0,2,0,2,0,100.0,0.0,인천광역시 강화군 길상면 해안남로 13-21 주차장,GS차지비
PI320058,인천시 강화군 세븐일레븐길상장흥점,37.60769668,126.5171518,강화군,2,0,2,0,2,0,100.0,0.0,인천광역시 강화군 길상면 해안남로 336 주차장,GS차지비
PI320060,인천시 강화군 크루즈모텔,37.62050583,126.5380603,강화군,2,0,2,0,2,0,100.0,0.0,인천광역시 강화군 길상면 해안남로117번길 29-26 주차장,GS차지비
PI320061,인천시 강화군 베이사이드카페,37.70503709,126.3662764,강화군,2,0,2,0,2,0,100.0,0.0,인천광역시 강화군 내가면 해안서로 1027 주차장,GS차지비
PI320062,인천시 강화군 참맛있게식당,37.70179304,126.3735839,강화군,2,0,2,0,2,0,100.0,0.0,인천광역시 강화군 내가면 해안서로 949 주차장,GS차지비
PI320063,인천시 강화군 장어마을,37.61002292,126.5202218,강화군,2,0,2,0,2,0,100.0,0.0,인천광역시 강화군 길상면 해안남로 298 주차장,GS차지비
PI320064,인천시 강화군 진복호식당,37.59666409,126.5090566,강화군,2,0,2,0,2,0,100.0,0.0,인천광역시 강화군 길상면 해안남로 488 주차장,GS차지비
PI320065,인천시 강화군 큐티팬션,37.61730806,126.383273,강화군,2,0,2,0,2,0,100.0,0.0,인천광역시 강화군 화도면 해안남로 2394 주차장,GS차지비
PI320166,인천시 미추홀구 이편한세상도화5단지,37.473130618,126.66320172,미추홀구,5,0,5,0,4,1,80.0,0.0,인천광역시 미추홀구 숙골로112번길 11 502동 지하2층 B02기둥,GS차지비
PI320167,인천시 연수구 송도글로벌캠퍼스푸르지오,37.376961451,126.65401279,연수구,5,0,5,0,4,1,80.0,0.0,인천광역시 연수구 송도문화로28번길 28 105동 지하2층,GS차지비
PI320168,인천시 남동구 구월지웰오피스텔,37.454303894,126.70710415,남동구,5,0,5,0,5,0,100.0,0.0,인천광역시 남동구 남동대로799번길 34 지하6층,GS차지비
PI320170,인천시 서구 라일씰크빌,37.486725654,126.68234436,서구,2,0,2,0,2,0,100.0,0.0,인천광역시 서해구 열우물로282번길 16-6 지하1층,GS차지비
PI320171,인천시 서구 마전영진아파트,37.604818789,126.66210561,서구,5,0,5,0,5,0,100.0,0.0,"인천광역시 검단구 가현로 168 109동 지하1,2,3층",GS차지비
PI320172,인천시 서구 청라에일린의뜰,37.532140393,126.65290995,서구,5,0,5,0,5,0,100.0,0.0,인천광역시 서해구 청라라임로 51 지하4층 13기둥,GS차지비
PI320173,인천시 연수구 아트포레푸르지오,37.393781848,126.63328931,연수구,5,0,5,0,5,0,100.0,0.0,"인천광역시 연수구 인천타워대로 257 A동 지하2층 01기둥, 지하3층 09기둥",GS차지비
PI320174,인천시 남동구 논현푸르지오시티2차,37.409568984,126.69511154,남동구,5,0,5,0,4,1,80.0,0.0,"인천광역시 남동구 남동서로236번길 30 지하4,5층 F1기둥",GS차지비
PI320175,인천시 서구 영화블렌하임,37.532612786,126.6529098,서구,5,0,5,0,5,0,100.0,0.0,인천광역시 서해구 청라라임로 57 지하6층 F05기둥,GS차지비
PI320176,인천시 중구 영종웰메이드시티,37.488136192,126.56435628,중구,3,1,2,0,3,0,100.0,33.33,인천광역시 영종구 하늘별빛로65번길 7-11 지하 1층 출입구 입구,GS차지비
PI320181,인천시 연수구 송도더샵그린워크2차,37.40140451,126.64067463,연수구,15,0,15,0,15,0,100.0,0.0,"인천광역시 연수구 아트센터대로97번길 15 1101동,1102동 B2",차지비
PI320182,인천시 서구 청라크리스탈뷰1차,37.532051429,126.63757119,서구,4,0,4,0,4,0,100.0,0.0,인천광역시 서해구 크리스탈로74번길 7 B4,GS차지비
PI320183,인천시 미추홀구 학익두산위브,37.44306266,126.65577391,미추홀구,6,0,6,0,6,0,100.0,0.0,"인천광역시 미추홀구 노적산로 43 101,103동 B2",GS차지비
PI320184,인천시 연수구 송도아메리칸타운아이파크,37.384812408,126.6620869,연수구,24,0,24,0,0,24,0.0,0.0,인천광역시 연수구 송도과학로27번길 15 102동B2,GS차지비
PI320185,인천시 동구 동구청,37.4734098,126.6429082,동구,2,0,2,0,2,0,100.0,0.0,인천광역시 제물포구 금곡로 67 건물뒷편 지상주차장,차지비
PI320188,인천시 중구 영종하늘도시KCC스위첸,37.492590287,126.55278112,중구,16,0,16,0,16,0,100.0,0.0,"인천광역시 영종구 은하수로 380 105,108,110,111동 B1",GS차지비
PI320189,인천시 연수구 송도코오롱더프라우1단지,37.398620014,126.65194251,연수구,3,0,3,0,3,0,100.0,0.0,"인천광역시 연수구 컨벤시아대로42번길 8 B1층 B03, B2층 B03",GS차지비
PI320190,인천시 연수구 에이치엘클레무브,37.379202542,126.63905435,연수구,2,2,0,0,2,0,100.0,100.0,인천광역시 연수구 하모니로 224 지상 관리실 뒤쪽,GS차지비
PI320191,인천시 중구 운서역공영주차장,37.494048092,126.49374555,중구,10,2,8,0,10,0,100.0,20.0,인천광역시 영종구 흰바위로59번길 32 공영주차장 1층,GS차지비
PI320192,인천시 남동구 삼성생명구월동빌딩,37.45025887,126.70506385,남동구,6,0,6,0,6,0,100.0,0.0,인천광역시 남동구 인주대로 611 지하6층,GS차지비
PI320193,BMW드라이빙센터 차징스테이션,37.461350656,126.48522579,중구,72,8,64,0,72,0,100.0,11.11,"인천광역시 영종구 공항동로 136 입구 오른쪽 지상주차장, 트레이닝센터 주차장, 트레이닝센터 입구 왼쪽 장애인주차장 옆",GS차지비
PI320195,인천시 서구 마전도서관,37.594199704,126.66344289,서구,1,1,0,0,1,0,100.0,100.0,인천광역시 검단구 원당대로 563 주차장 1층,GS차지비
PI320196,인천시 연수구 송도더샵마스터뷰22BL,37.3822127,126.6314245,연수구,18,0,18,0,18,0,100.0,0.0,"인천광역시 연수구 컨벤시아대로274번길 35 2201,2202,2203,2204,2205,2206동 B2",GS차지비
PI320197,인천시 연수구 더샵센트럴파크2차,37.393786265,126.64187418,연수구,8,0,8,0,8,0,100.0,0.0,인천광역시 연수구 센트럴로 194 201동 B2,GS차지비
PI320199,인천시 부평구 부개도서관,37.49102114,126.73950968,부평구,1,0,1,0,1,0,100.0,0.0,인천광역시 부평구 부일로83번길 46 주차장,GS차지비
PI320200,부평구 부평아트센터,37.482238297,126.70493344,부평구,4,0,4,0,4,0,100.0,0.0,인천광역시 부평구 아트센터로 166 B2,GS차지비
PI320201,인천시 연수구 경신,37.3881915,126.6493216,연수구,4,0,4,0,4,0,100.0,0.0,인천광역시 연수구 갯벌로 98 지상주차장,차지비
PI320203,인천시 연수구 송도더샵그린워크1차,37.3982977,126.6414413,연수구,21,0,21,0,21,0,100.0,0.0,"인천광역시 연수구 아트센터대로97번길 30 1601동(2거점),1605동,1606동B2",GS차지비
PI320206,인천시 서구 이마트검단점,37.5857151,126.6772162,서구,3,0,3,0,0,3,0.0,0.0,인천광역시 검단구 서곶로 754 지상2층(마트입구 우측),GS차지비
PI320207,인천시 연수구 이마트연수점,37.4042186,126.6811196,연수구,3,0,3,0,0,3,0.0,0.0,인천광역시 연수구 경원대로 184 4F D라인 구역,GS차지비
PI320208,인천시 동구 이마트TR송림점,37.4830589,126.6603513,동구,5,0,5,0,0,5,0.0,0.0,"인천광역시 제물포구 봉수대로 82 2F, 옥상주차장",GS차지비
PI320209,인천시 연수구 옥련현대2차,37.426390942,126.64657428,연수구,6,0,6,0,6,0,100.0,0.0,"인천광역시 연수구 독배로 58 1주차장 B1, 2주차장 B1,3주차장 B1",GS차지비
PI320210,인천시 계양구 초정마을하나,37.53960321,126.74349617,계양구,3,0,3,0,3,0,100.0,0.0,인천광역시 계양구 계양문화로 168 317동 지상주차장,GS차지비
PI320212,인천시 부평구 청천동무지개,37.523284263,126.70666263,부평구,3,0,3,0,3,0,100.0,0.0,인천광역시 부평구 부평북로 123 B1,GS차지비
PI320214,인천시 중구 눈돌마을공영주차장,37.492962667,126.48400115,중구,2,0,2,0,2,0,100.0,0.0,인천광역시 영종구 눈돌로 26 주차장,GS차지비
PI320215,BMW차징스테이션 파라다이스시티호텔,37.437235358,126.45558324,중구,14,2,12,0,14,0,100.0,14.29,인천광역시 영종구 영종해안남로321번길 186 지하1층 G01기둥,GS차지비
PI320216,인천시 중구 파라다이스시티펀시티,37.435658949,126.45712851,중구,22,1,21,0,22,0,100.0,4.55,인천광역시 영종구 영종해안남로321번길 186 지하1층씨메르 제2주차장 B1 씨메르 제2주차장 B1,GS차지비
PI320217,인천시 중구 파라다이스시티호텔직원P,37.43595312,126.45595127,중구,6,0,6,0,0,6,0.0,0.0,인천광역시 영종구 영종해안남로321번길 186 지상2층,GS차지비
PI320221,인천시 연수구 삼용아파트,37.4237701,126.6677439,연수구,8,0,8,0,0,8,0.0,0.0,인천광역시 연수구 솔샘로 20 102동 앞 지상1층,차지비
PI320222,인천시 중구 파라다이스시티메인호텔,37.437911871,126.45525913,중구,12,1,11,0,12,0,100.0,8.33,인천광역시 영종구 영종해안남로321번길 186 B1지하1층주차장 F04 ~ J04기둥 지하1층주차장 F04 ~ J04기둥,GS차지비
PI320224,인천시 서구 파크자이더테라스2단지,37.522266239,126.62504518,서구,6,0,6,0,6,0,100.0,0.0,인천광역시 서해구 보석로 32 지하1층 40기둥,GS차지비
PI320226,인천시 서구 청라동양엔파트5단지,37.523852253,126.62190425,서구,7,0,7,0,7,0,100.0,0.0,"인천광역시 서해구 솔빛로 13 B2 O65 기둥(1~6번기), B2 O43 기둥(7~13번기)",GS차지비
PI320227,BMW차징스테이션 송도콤플렉스 by바바리안모터스,37.3601856,126.6521003,연수구,2,2,0,0,2,0,100.0,100.0,인천광역시 연수구 첨단대로124번길 74 지상1층주차장,GS차지비
PI320228,BMW차징스테이션 계양전시장 by바바리안모터스,37.5320808,126.7567308,계양구,2,2,0,0,2,0,100.0,100.0,인천광역시 계양구 서운산단로2길 6 지상1층주차장,GS차지비
PI320230,인천시 연수구 송도4동행정복지센터,37.3881691,126.6297842,연수구,1,0,1,0,1,0,100.0,0.0,인천광역시 연수구 컨벤시아대로252번길 79 주민센터 옆 부설주차장 1기,차지비
PI320231,BMW차징스테이션 파라다이스시티호텔(BMW회원전용),37.437083194,126.45580185,중구,2,0,2,0,0,2,0.0,0.0,인천광역시 영종구 영종해안남로321번길 186 지하1층,GS차지비
PI320232,인천시 부평구 글로벌숙련기술진흥원,37.480251866,126.75358025,부평구,2,0,2,0,2,0,100.0,0.0,인천광역시 부평구 무네미로448번길 77 주차장,GS차지비
PI320233,인천시 부평구 인천부평경찰서,37.507852638,126.71934296,부평구,2,0,2,0,2,0,100.0,0.0,인천광역시 부평구 길주로 511 주차장,GS차지비
PI320234,인천시 중구 신흥동행정복지센터,37.467655039,126.63408709,중구,1,0,1,0,1,0,100.0,0.0,인천광역시 제물포구 제물량로80번길 3-14 주차장,GS차지비
PI320235,인천 중구 부평고등학교,37.501416689,126.72746326,부평구,1,0,1,0,0,1,0.0,0.0,인천광역시 부평구 부흥북로 43 주차장,GS차지비
PI320236,인천시 강화군 리니스하우스,37.690595978,126.41700002,강화군,1,0,1,0,1,0,100.0,0.0,인천광역시 강화군 양도면 강화남로 1077-23 주차장,GS차지비
PI320237,인천시 동구 송현초등학교,37.481904543,126.63403469,동구,1,0,1,0,0,1,0.0,0.0,인천광역시 제물포구 송화로 45 지상주차장,GS차지비
PI320238,인천시 중구 무의도스킨스쿠버,37.391011587,126.42875602,중구,2,0,2,0,2,0,100.0,0.0,인천광역시 영종구 대무의로301번길 13-31 주차장,GS차지비
PI320240,인천시 옹진군 빠체펜션,37.23391011,126.53382449,옹진군,1,0,1,0,1,0,100.0,0.0,인천광역시 옹진군 영흥면 선재로 38-19 주차장,GS차지비
PI320241,인천시 옹진군 측도펜션,37.233271999,126.51767051,옹진군,1,0,1,0,1,0,100.0,0.0,인천광역시 옹진군 영흥면 선재로95번길 273 주차장,GS차지비
PI320242,인천시 옹진군 클로버펜션,37.247081998,126.48132084,옹진군,1,0,1,0,1,0,100.0,0.0,인천광역시 옹진군 영흥면 영흥남로9번길 143-13 지상주차장,GS차지비
PI320243,인천시 남동구 만수주공4단지,37.4599835,126.7405451,남동구,3,0,3,0,0,3,0.0,0.0,인천광역시 남동구 백범로124번길 126 관리동 지상1층,차지비
PI320244,인천시 중구 동인천동행정복지센터,37.476825214,126.62894817,중구,1,0,1,0,1,0,100.0,0.0,인천광역시 제물포구 참외전로72번길 25 건물뒷쪽벽,GS차지비
PI320245,인천시 강화군 낙조가보이는펜션,37.618401273,126.38261292,강화군,1,0,1,0,1,0,100.0,0.0,인천광역시 강화군 화도면 해안남로 2408 주차장,GS차지비
PI320246,인천시 강화군 제제펜션,37.758473093,126.45787473,강화군,1,0,1,0,1,0,100.0,0.0,인천광역시 강화군 송해면 오류내길51번길 63 주차장,GS차지비
PI320247,인천시 강화군 지베르니펜션,37.705056268,126.36968552,강화군,1,0,1,0,1,0,100.0,0.0,인천광역시 강화군 내가면 해안서로 990-14 주차장,GS차지비
PI320248,인천시 강화군 산들펜션,37.66174566,126.52484668,강화군,1,0,1,0,1,0,100.0,0.0,인천광역시 강화군 불은면 해안동로 436-8 주차장,GS차지비
PI320249,인천시 강화군 편가명가영농조합법인,37.640954964,126.41967324,강화군,3,0,3,0,3,0,100.0,0.0,인천광역시 강화군 화도면 가능포로 89 주차장,GS차지비
PI320250,인천시 부평구 부광고등학교,37.488419753,126.70307138,부평구,1,0,1,0,0,1,0.0,0.0,인천광역시 부평구 화랑로 28 옥외주차장,GS차지비
PI320251,인천시 연수구 송도더샵그린스퀘어,37.3737871,126.6540402,연수구,5,1,4,0,5,0,100.0,20.0,인천광역시 연수구 송도문화로28번길 81 지하1층 커뮤니티센터 앞 주차장지하1층 커뮤니티센터 앞,GS차지비
PI320252,인천시 연수구 송도센트럴파크호텔,37.390514107,126.63740269,연수구,3,0,3,0,3,0,100.0,0.0,인천광역시 연수구 테크노파크로 193 B1 B23기둥,GS차지비
PI320253,인천시 서구 호반써밋프라임뷰,37.5841377,126.7127753,서구,20,0,20,0,0,20,0.0,0.0,"인천광역시 검단구 이음2로 70 B1주차장, B2주차장",차지비
PI320254,인천시 서구 센트럴씨티오피스텔,37.4927245,126.6719349,서구,2,0,2,0,2,0,100.0,0.0,인천광역시 서해구 가정로 88 지하2층 기둥09,GS차지비
PI320255,인천시 옹진군 갤러리스파펜션,37.234883476,126.53461961,옹진군,1,0,1,0,1,0,100.0,0.0,인천광역시 옹진군 영흥면 선재로 38-47 지상주차장,GS차지비
PI320256,인천시 미추홀구 서원아파트,37.4421482,126.6725299,미추홀구,9,0,9,0,0,9,0.0,0.0,"인천광역시 미추홀구 학익소로61번길 36-23 2동 앞 3기, 3동 앞 5기, 4동 앞 1기",차지비
PI320257,인천시 남동구 이삭2차아파트,37.4471464,126.7368903,남동구,5,0,5,0,0,5,0.0,0.0,인천광역시 남동구 담방서로23번길 5 지상주차장,차지비
PI320259,인천시 중구 풍림아이원6-1단지,37.4997044,126.4865177,중구,4,0,4,0,0,4,0.0,0.0,인천광역시 영종구 신도시북로 44 613동앞 지상1층,차지비
PI320260,인천시 서구 북청라하우스토리,37.5556412,126.6518274,서구,10,1,9,0,0,10,0.0,10.0,"인천광역시 서해구 경서로31번길 15 지상1층 주출입구옆 5m(#011~#041), 103동 1-2라인앞 지하2층(#051~#091, 급속)",차지비
PI320261,인천시 동구 송림동공구상가,37.4835908,126.6622109,동구,5,0,5,0,5,0,100.0,0.0,"인천광역시 제물포구 봉수대로 98 1층주차장(3기), 2층주차장(2기)",GS차지비
PI320262,인천시 남동구 세종보라아파트,37.4686869,126.7056291,남동구,2,0,2,0,0,2,0.0,0.0,인천광역시 남동구 동암남로26번길 42 101동 B1주차장,차지비
PI320263,인천시 계양구 계양구청,37.5374406,126.7377601,계양구,1,0,1,0,1,0,100.0,0.0,인천광역시 계양구 계산새로 88 지상주차장,GS차지비
PI320264,인천시 연수구 송도건강생활지원센터,37.3797809,126.6465727,연수구,2,0,2,0,2,0,100.0,0.0,인천광역시 연수구 인천타워대로54번길 19 건물 지하주차장 입구 우측 지상 2기,차지비
PI320265,인천시 서구 현대썬앤빌더테라스레이크,37.5332689,126.6290598,서구,12,0,12,0,12,0,100.0,0.0,"인천광역시 서해구 청라한내로100번길 8-16 2,5,5(B2 기둥12, B6 기둥29, B6 기둥34)",GS차지비
PI320267,인천시 중구 개항동행정복지센터,37.475225502,126.61854255,중구,1,0,1,0,1,0,100.0,0.0,인천광역시 제물포구 차이나타운로44번길 13-2 지하주차장,GS차지비
PI320269,인천시 중구 영종초등학교,37.488699637,126.55372359,중구,1,0,1,0,1,0,100.0,0.0,인천광역시 영종구 하늘달빛로 133 옥외,GS차지비
PI320270,인천시 중구 삼목초등학교,37.498655853,126.486412,중구,1,0,1,0,1,0,100.0,0.0,인천광역시 영종구 신도시북로 42 옥외,GS차지비
PI320271,인천시 중구 영종중학교,37.483512065,126.52525287,중구,1,0,1,0,1,0,100.0,0.0,인천광역시 영종구 남디로 92 옥외,GS차지비
PI320272,인천시 계양구 계산여자중학교,37.536350468,126.73266844,계양구,1,0,1,0,1,0,100.0,0.0,인천광역시 계양구 장제로755번길 16 옥외,GS차지비
PI320274,인천시 계양구 작전고등학교,37.532855542,126.73038996,계양구,2,0,2,0,2,0,100.0,0.0,인천광역시 계양구 봉오대로729번길 27 옥외,GS차지비
PI320275,인천시 부평구 인천영선초등학교,37.515270021,126.73437258,부평구,1,0,1,0,1,0,100.0,0.0,인천광역시 부평구 충선로 293 옥외,GS차지비
PI320276,인천시 미추홀구 문학박태환수영장,37.4365452,126.6864606,미추홀구,3,0,3,0,3,0,100.0,0.0,인천광역시 미추홀구 매소홀로 618 지상주차장,GS차지비
PI320277,인천시 계양구 인천계수중학교,37.53515968,126.74491639,계양구,1,0,1,0,1,0,100.0,0.0,인천광역시 계양구 살라리로2번길 25 지상주차장,GS차지비
PI320278,인천시 서구 인천청람중학교,37.538719496,126.64381137,서구,1,0,1,0,1,0,100.0,0.0,인천광역시 서해구 청라커낼로 335 지하1층주차장,GS차지비
PI320280,인천시 서구 코모텍,37.485507,126.6815065,서구,1,0,1,0,1,0,100.0,0.0,인천광역시 서해구 열우물로 271 입구옆 지상1층,GS차지비
PI320281,인천시 연수구 연수대명아파트,37.4218494,126.6805682,연수구,7,0,7,0,0,7,0.0,0.0,인천광역시 연수구 함박뫼로 128 지상 놀이터옆,차지비
PI320282,인천시 부평구 인천부곡초등학교,37.503512428,126.70709896,부평구,1,0,1,0,1,0,100.0,0.0,인천광역시 부평구 마장로272번길 73 지상1층,GS차지비
PI320283,인천시 연수구 백산1차아파트,37.4222192,126.6459332,연수구,4,0,4,0,0,4,0.0,0.0,인천광역시 연수구 한나루로79번길 11 101동 지상1층,GS차지비
PI320284,인천시 부평구 인천부평남초등학교,37.488708712,126.7202026,부평구,1,0,1,0,1,0,100.0,0.0,인천광역시 부평구 경인로911번길 28 지상1층,GS차지비
PI320285,인천시 계양구 인천세원고등학교,37.551613964,126.74470925,계양구,1,0,1,0,1,0,100.0,0.0,인천광역시 계양구 장제로 966 지상1층,GS차지비
PI320286,인천시 계양구 계양고등학교,37.5419311,126.7438765,계양구,1,0,1,0,0,1,0.0,0.0,인천광역시 계양구 계양문화로 177 지상1층,차지비
PI320287,인천시 중구 국제고등학교,37.489713981,126.50941177,중구,2,0,2,0,2,0,100.0,0.0,인천광역시 영종구 영종대로277번길 74-40 지상1층,GS차지비
PI320288,인천시 서구 왕길초등학교,37.601976828,126.65105845,서구,2,0,2,0,2,0,100.0,0.0,인천광역시 검단구 봉수대로1440번길 20 지상1층,GS차지비
PI320289,인천시 서구 인천경명초등학교,37.5369986,126.63733035,서구,1,0,1,0,1,0,100.0,0.0,인천광역시 서해구 크리스탈로 130 지상1층,GS차지비
PI320290,인천시 미추홀구 학익여자고등학교,37.443819329,126.67539006,미추홀구,1,0,1,0,1,0,100.0,0.0,인천광역시 미추홀구 주승로52번길 8 지상1층,GS차지비
PI320291,인천시 계양구 신대초등학교,37.538956206,126.74358064,계양구,1,0,1,0,1,0,100.0,0.0,인천광역시 계양구 계산새로 133 지상1층,GS차지비
PI320292,인천시 서구 마전중학교,37.597969421,126.6652753,서구,1,0,1,0,1,0,100.0,0.0,인천광역시 검단구 완정로 91 지상1층,GS차지비
PI320293,인천시 부평구 진산중학교,37.509458608,126.74030996,부평구,1,0,1,0,0,1,0.0,0.0,인천광역시 부평구 충선로234번길 70 지상1층,GS차지비
PI320294,인천시 서구 청라중흥S클래스2단지,37.5344041,126.6554513,서구,10,1,9,0,0,10,0.0,10.0,"인천광역시 서해구 청라에메랄드로 113 2,2,3,2(지하1층 전기실앞, 232동 1-2라인, 233동 3-5라인, 234동 1-2라인)",차지비
PI320295,인천시 서구 신현원흥아파트,37.5154231,126.6641791,서구,3,0,3,0,0,3,0.0,0.0,인천광역시 서해구 율도로15번길 26-8 1-8동 지상주차장,차지비
PI320301,인천시 동구 서림초등학교,37.475409939,126.64601788,동구,1,0,1,0,1,0,100.0,0.0,인천광역시 제물포구 금곡로 105 지상1층,GS차지비
PI320302,인천시 부평구 상정고등학교,37.480718977,126.69638099,부평구,1,0,1,0,1,0,100.0,0.0,인천광역시 부평구 경원대로 1109 지상1층,GS차지비
PI320303,인천시 부평구 삼산고등학교,37.521610933,126.74589273,부평구,1,0,1,0,1,0,100.0,0.0,인천광역시 부평구 영성중로 54 지상1층,GS차지비
PI320304,인천시 중구 공항고등학교,37.497631021,126.48592698,중구,2,0,2,0,2,0,100.0,0.0,인천광역시 영종구 신도시북로 20 지상1층,GS차지비
PI320305,인천시 서구 마전고등학교,37.610821925,126.66433283,서구,1,0,1,0,1,0,100.0,0.0,인천광역시 검단구 마전로 74 지상1층,GS차지비
PI320306,인천시 부평구 인천백운초등학교,37.4800491,126.7048644,부평구,1,0,1,0,1,0,100.0,0.0,인천광역시 부평구 아트센터로 130 지상1층,GS차지비
PI320307,인천시 서구 가현초등학교,37.5221781,126.6683691,서구,1,0,1,0,0,1,0.0,0.0,인천광역시 서해구 염곡로 417 지상1층,차지비
PI320309,인천시 계양구 임학중학교,37.546027562,126.7398997,계양구,1,0,1,0,1,0,100.0,0.0,인천광역시 계양구 장제로 894 지상1층,GS차지비
PI320310,인천시 중구 하늘초등학교,37.497926975,126.55794558,중구,1,0,1,0,1,0,100.0,0.0,인천광역시 영종구 은하수로 294 지상1층,GS차지비
PI320311,인천시 서구 대성골프클럽,37.491674,126.672281,서구,4,0,4,0,4,0,100.0,0.0,인천광역시 서해구 건지로284번길 82 지상1층 주차장입구 오른쪽,차지비
PI320312,인천시 웅진군 선재낚시공원,37.254232,126.520215,옹진군,8,2,6,0,8,0,100.0,25.0,인천광역시 옹진군 영흥면 선재로306번길 77 건물 뒷편 신설 옥외주차장 입구,차지비
PI320313,인천시 중구 인일여자고등학교,37.477971356,126.62630966,중구,2,0,2,0,2,0,100.0,0.0,인천광역시 제물포구 참외전로72번길 10 지상1층,GS차지비
PI320314,인천시 중구 인천예일고등학교,37.554261739,126.74140568,계양구,1,0,1,0,1,0,100.0,0.0,인천광역시 계양구 박촌로 23 지상1층,GS차지비
PI320315,인천시 부평구 부광여자고등학교,37.5026085,126.7355759,부평구,2,0,2,0,0,2,0.0,0.0,인천광역시 부평구 충선로 143 지상1층,차지비
PI320316,인천시 중구 남동고등학교,37.406040632,126.72107154,남동구,1,0,1,0,1,0,100.0,0.0,인천광역시 남동구 은봉로 283 지상1층,GS차지비
PI320317,인천시 서구 도담초등학교,37.5278629,126.6439914,서구,1,0,1,0,1,0,100.0,0.0,인천광역시 서해구 청라커낼로 217 지상1층,GS차지비
PI320318,인천시 부평구 서보한마음아파트,37.4883663,126.7289582,부평구,2,0,2,0,0,2,0.0,0.0,인천광역시 부평구 장제로 31-1 지상1층주차장왼쪽,차지비
PI320319,인천시 서구 청라로데오시티포레안,37.5487753,126.6527017,서구,25,1,24,0,0,25,0.0,4.0,"인천광역시 서해구 경중로 20 7,8,5,5(지상3층 북측주차장, 남측주차장 좌측, 남측주차장 우측, B1 H04기둥)",GS차지비
PI320321,인천시 미추홀구 서화초등학교,37.4739864,126.6608141,미추홀구,2,0,2,0,1,1,50.0,0.0,인천광역시 미추홀구 송림로 250 지상1층,GS차지비
PI320322,인천시 중구 공항초등학교,37.4918625,126.4860008,중구,1,0,1,0,1,0,100.0,0.0,인천광역시 영종구 신도시남로 43 지상1층,GS차지비
PI320323,인천시 서구 엠파크허브,37.4901456,126.6657353,서구,14,0,14,0,14,0,100.0,0.0,"인천광역시 서해구 염곡로 52 6,5,4(지상2층 기둥C19, 지상1층 직원주차장2, 지상1층 상품차량입구)",GS차지비
PI320324,인천시 서구 엠파크타워,37.4896009,126.6628433,서구,12,0,12,0,12,0,100.0,0.0,"인천광역시 서해구 봉수대로 158 3,6,3(타워2층 고객주차장 기둥 2F 094, 타워3층 정기권/사진촬영장 기둥 042, 타워4층 전시장)",GS차지비
PI320325,인천시 서구 엠파크랜드,37.4971075,126.6664931,서구,3,0,3,0,3,0,100.0,0.0,인천광역시 서해구 염곡로 149 랜드 주차장입구 우측,GS차지비
PI320326,인천시 남동구 남동시범공단,37.4110103,126.7070088,남동구,4,0,4,0,4,0,100.0,0.0,인천광역시 남동구 함박뫼로 396 후문앞 지상주차장,GS차지비
PI320327,인천시 연수구 신송초등학교,37.3906807,126.6577423,연수구,1,0,1,0,1,0,100.0,0.0,인천광역시 연수구 해돋이로56번길 28 지상1층,GS차지비
PI320328,인천시 연수구 인천여자고등학교,37.4221327,126.6905303,연수구,2,0,2,0,2,0,100.0,0.0,인천광역시 연수구 비류대로506번길 14 지상1층,GS차지비
PI320329,인천시 남동구 남동테크노파크,37.4117056,126.697092,남동구,10,0,10,0,10,0,100.0,0.0,"인천광역시 남동구 은봉로 51 3,7(지상주차장, 옥상주차장)",GS차지비
PI320330,인천시 연수구 연송초등학교,37.3998657,126.638869,연수구,2,0,2,0,0,2,0.0,0.0,인천광역시 연수구 해돋이로 248 지상1층,GS차지비
PI320331,인천시 남동구 미추홀학교,37.4647981,126.7403057,남동구,1,0,1,0,1,0,100.0,0.0,인천광역시 남동구 수현로136번길 16 지상1층,GS차지비
PI320332,인천시 강화군 금풍플라자,37.637390347,126.49431412,강화군,2,0,2,0,2,0,100.0,0.0,인천광역시 강화군 길상면 길상로 294 건물전면 진입로 우측 주차공간,GS차지비
PI320333,인천시 연수구 에스원타워,37.3950129,126.6456792,연수구,2,0,2,0,2,0,100.0,0.0,인천광역시 연수구 해돋이로 168-2 지하1층 09-10번 기둥,차지비
PI320334,인천시 서구 해원중학교,37.5272344,126.6280402,서구,1,0,1,0,1,0,100.0,0.0,인천광역시 서해구 청라한내로 21 지상1층,GS차지비
PI320335,인천시 서구 발산초등학교,37.5901162,126.6991478,서구,1,0,1,0,1,0,100.0,0.0,인천광역시 검단구 고산후로78번길 6 지상1층,GS차지비
PI320336,인천시 계양구 당산초등학교,37.5586968,126.7595313,계양구,1,0,1,0,0,1,0.0,0.0,인천광역시 계양구 동양로 122 지상1층,GS차지비
PI320337,인천시 남동구 대우재한신휴플러스,37.4538094,126.6992555,남동구,4,0,4,0,0,4,0.0,0.0,인천광역시 남동구 문화로 161 지하2층 주차장 기둥B7,차지비
PI320338,인천시 중구 중산중학교,37.4983494,126.5710124,중구,1,0,1,0,1,0,100.0,0.0,인천광역시 영종구 두미포로 189 지상1층,GS차지비
PI320339,인천시 서구 목향초등학교,37.6162051,126.6943003,서구,1,0,1,0,1,0,100.0,0.0,인천광역시 검단구 고산후로 377 지상1층,GS차지비
PI320340,인천시 계양구 작전중학교,37.533589,126.7296731,계양구,1,0,1,0,0,1,0.0,0.0,인천광역시 계양구 주부토로448번길 16 지상1층,GS차지비
PI320342,인천시 서구 가좌시범공단,37.4882085,126.6598897,서구,3,0,3,0,3,0,100.0,0.0,인천광역시 서해구 봉수대로 141 B동앞 지상1층,GS차지비
PI320343,인천시 남동구 새말초등학교,37.4598557,126.7334656,남동구,1,0,1,0,1,0,100.0,0.0,인천광역시 남동구 만수로50번길 12 지상1층,GS차지비
PI320344,인천시 연수구 인천여자중학교,37.404503,126.674377,연수구,1,0,1,0,1,0,100.0,0.0,인천광역시 연수구 원인재로 47 지상1층,GS차지비
PI320345,인천시 중구 영종국제물류고등학교,37.4900632,126.531131,중구,1,0,1,0,1,0,100.0,0.0,인천광역시 영종구 운남서로10번길 1 지상1층,GS차지비
PI320346,인천시 연수구 박문중학교,37.3855978,126.6720928,연수구,1,0,1,0,1,0,100.0,0.0,인천광역시 연수구 송도과학로51번길 102 지상1층,GS차지비
PI320347,인천시 연수구 인천중학교,37.4214184,126.6890396,연수구,1,0,1,0,1,0,100.0,0.0,인천광역시 연수구 함박뫼로 203 지상1층,GS차지비
PI320349,인천시 서구 인천아라중학교,37.5861156,126.7039084,서구,2,0,2,0,2,0,100.0,0.0,인천광역시 검단구 서로2로 50 (당하동) 지상1층주차장,GS차지비
PI320350,인천시 부평구 인천산곡고등학교,37.5031628,126.7129019,부평구,1,0,1,0,1,0,100.0,0.0,인천광역시 부평구 원적로416번길 25 지상1층,GS차지비
PI320351,인천시 중구 샤프테크닉스케이,37.4583507,126.4276993,중구,4,0,4,0,4,0,100.0,0.0,인천광역시 영종구 공항로 272 정문왼쪽 주차장,차지비
PI320352,인천시 연수구 오렌지듄스GC,37.353958,126.592898,연수구,6,0,6,0,6,0,100.0,0.0,인천광역시 연수구 인천신항대로 1120 클럽하우스앞 지상주차장(카트 보관소앞),GS차지비
PI320353,인천시 부평구 동아아파트,37.505634,126.7351247,부평구,5,0,5,0,0,5,0.0,0.0,인천광역시 부평구 길주남로113번길 12 1동옆 지상1층,GS차지비
PI320354,인천시 서구 해원고등학교,37.5281676,126.627566,서구,1,0,1,0,0,1,0.0,0.0,인천광역시 서해구 청라사파이어로140번길 25 옥외주차장,GS차지비
PI320355,인천시 서구 창신초등학교,37.5988974,126.6981278,서구,1,0,1,0,1,0,100.0,0.0,인천광역시 검단구 고산후로161번길 6 옥외주차장,GS차지비
PI320356,인천시 계양구 안산초등학교,37.544093185,126.73175263,계양구,1,0,1,0,0,1,0.0,0.0,인천광역시 계양구 임학서로 15 지상주차장,GS차지비
PI320357,인천시 서구 원당고등학교,37.5968928,126.7048226,서구,1,0,1,0,0,1,0.0,0.0,인천광역시 검단구 고산로40번길 30 옥외주차장,GS차지비
PI320358,인천시 계양구 양촌중학교,37.5503271,126.7450048,계양구,1,0,1,0,1,0,100.0,0.0,인천광역시 계양구 장제로948번길 13 옥외주차장,GS차지비
PI320360,인천시 서구 인천한별초등학교,37.5976127,126.7067293,서구,2,0,2,0,2,0,100.0,0.0,인천광역시 검단구 서로3로 201 (원당동) 지하1층,GS차지비
PI320361,인천시 부평구 삼성메디플러스빌딩,37.5083811,126.7330934,부평구,2,0,2,0,2,0,100.0,0.0,인천광역시 부평구 체육관로 14 지하1층,GS차지비
PI320362,인천시 남동구 남동우리타운,37.3982304,126.6821765,남동구,2,0,2,0,2,0,100.0,0.0,인천광역시 남동구 남동서로53번길 38 지상1층 출입구옆,GS차지비
PI320363,인천시 미추홀구 프리마벨라,37.4667524,126.6781587,미추홀구,2,0,2,0,2,0,100.0,0.0,인천광역시 미추홀구 석정로 384 지하2층,GS차지비
PI320364,인천시 미추홀구 천년부페웨딩홀,37.4662694,126.6796926,미추홀구,2,0,2,0,2,0,100.0,0.0,인천광역시 미추홀구 길파로 6 지하5층 엘리베이터 앞,GS차지비
PI320365,인천시 남동구 인성실업,37.4432095,126.7076678,남동구,2,0,2,0,2,0,100.0,0.0,인천광역시 남동구 인하로 545 지상1층,GS차지비
PI320366,인천시 서구 가좌테니스장,37.4755595,126.6772099,서구,2,0,2,0,2,0,100.0,0.0,인천광역시 서해구 가좌로11번길 7 지상1층,GS차지비
PI320367,인천시 남동구 푸른메디컬빌딩,37.4436079,126.7015894,남동구,1,0,1,0,1,0,100.0,0.0,인천광역시 남동구 인하로 497-5 B1층 주차장 장애인주차구역 옆,GS차지비
PI320368,인천시 서구 신현여자중학교,37.5208597,126.6642185,서구,2,0,2,0,2,0,100.0,0.0,인천광역시 서해구 새오개로111번길 15 지상1층,GS차지비
PI320369,인천시 서구 인천아라고등학교,37.5871266,126.703948,서구,2,0,2,0,2,0,100.0,0.0,인천광역시 검단구 서로2로 62 지상1층,GS차지비
PI320372,인천시 연수구 아주아파트,37.427222,126.6525279,연수구,9,0,9,0,0,9,0.0,0.0,"인천광역시 연수구 옥련로99번길 44 4,5(101동 뒤 지상주차장, 102동 뒤 지상주차장)",GS차지비
PI320373,인천시 계양구 삼보3차,37.5427205,126.7320157,계양구,5,0,5,0,0,5,0.0,0.0,인천광역시 계양구 경명대로 1126 12동 지상주차장,GS차지비
PI320375,인천시 부평구 부흥고등학교,37.4912114,126.7366563,부평구,1,0,1,0,1,0,100.0,0.0,인천광역시 부평구 수변로57번길 61 지상1층,GS차지비
PI320376,인천시 부평구 부마초등학교,37.5063471,126.7058972,부평구,1,0,1,0,1,0,100.0,0.0,인천광역시 부평구 안남로253번길 41 지상1층,GS차지비
PI320379,인천시 중구 샤프도앤코코리아,37.483594276,126.4522409,중구,5,0,5,0,5,0,100.0,0.0,인천광역시 영종구 공항동로465번길 84 본관뒤 지상1층,GS차지비
PI320380,인천시 서구 인천가원초등학교,37.5292184,126.6641213,서구,2,0,2,0,2,0,100.0,0.0,인천광역시 서해구 청중로478번길 6 지상1층,GS차지비
PI320381,인천시 서구 간재울초등학교,37.5603376,126.6722937,서구,1,0,1,0,1,0,100.0,0.0,인천광역시 서해구 승학로 433 지상1층,GS차지비
PI320382,인천시 계양구 마스터즈,37.5270634,126.7175129,계양구,3,0,3,0,3,0,100.0,0.0,인천광역시 계양구 새벌로 112 지하1층 주차장 관리사무소 옆 P34,GS차지비
PI320383,인천시 중구 인천중산고등학교,37.4979687,126.5698511,중구,1,0,1,0,1,0,100.0,0.0,인천광역시 영종구 은하수로 142 지상1층,GS차지비
PI320384,인천시 남동구 청진네오스빌,37.4545509,126.7020909,남동구,4,0,4,0,4,0,100.0,0.0,인천광역시 남동구 예술로 230 지하층주차장 전기실 앞,GS차지비
PI320385,인천시 연수구 우주아파트,37.4234379,126.6794007,연수구,6,0,6,0,0,6,0.0,0.0,인천광역시 연수구 함박뫼로 115 105동 지상1층 후면주차장,GS차지비
PI320386,인천시 연수구 인향아파트,37.4226322,126.6803865,연수구,5,0,5,0,0,5,0.0,0.0,인천광역시 연수구 함박뫼로 123 106동 지상1층 놀이터옆,GS차지비
PI320387,인천시 부평구 십정동보아파트,37.4811917,126.7014484,부평구,6,0,6,0,0,6,0.0,0.0,인천광역시 부평구 상정로 11 101동 지상1층,GS차지비
PI320388,인천시 연수구 연수성당,37.4156001,126.6734404,연수구,2,0,2,0,2,0,100.0,0.0,인천광역시 연수구 청능대로 74 지하2층주차장,GS차지비
PI320389,인천시 남동구 한화꿈에그린에코메트로11단지지하1층,37.392689676,126.72955696,남동구,21,0,21,0,0,21,0.0,0.0,"인천광역시 남동구 논고개로 17 1112동 B1F Y048기둥, 1119동 B1F R067 기둥, 1117동 B1F B018 기둥, 1114동 B1F R078기둥",GS차지비
PI320390,인천시 남동구 한화꿈에그린에코메트로11단지지하2층,37.39164585,126.73015075,남동구,25,2,23,0,0,25,0.0,8.0,"인천광역시 남동구 논고개로 17 1101동 B2F g017 기둥, B2F 주차장 G078 B057 B056 Y046 21 기둥,",GS차지비
PI645041,인천시 연수구 스퀘어원지상,37.4059982,126.6836221,연수구,17,0,17,0,17,0,100.0,0.0,인천광역시 연수구 청능대로 210 지상3층주차장,GS차지비
PI645042,인천시 연수구 스퀘어원지하,37.4060595,126.6836549,연수구,15,0,15,0,15,0,100.0,0.0,인천광역시 연수구 청능대로 210 지하2층주차장,GS차지비
PI645051,인천시 남동구 논현주공2단지,37.4118763,126.7111312,남동구,6,0,6,0,0,6,0.0,0.0,인천광역시 남동구 함박뫼로 439 214동 뒤 지상주차장,GS차지비
PI645057,인천시 남동구 만수주공10단지,37.442046211,126.73579116,남동구,4,0,4,0,0,4,0.0,0.0,인천광역시 남동구 장승남로 34 지상주차장,GS차지비
PI645078,인천시 서구 석남태화아파트,37.5091443,126.680283,서구,4,0,4,0,0,4,0.0,0.0,인천광역시 서해구 서달로116번길 12 입구 옆 지상주차장,GS차지비
PI645170,인천시 강화군 강화웰빙CC,37.603719,126.51452,강화군,5,0,5,0,5,0,100.0,0.0,인천광역시 강화군 길상면 해안남로 392 5(클럽하우스 위쪽 지상1층),GS차지비
PI645198,인천시 서구 미래복지요양센터,37.5840202,126.6643119,서구,4,0,4,0,4,0,100.0,0.0,인천광역시 검단구 드림로 227 3주차장 지상1층,GS차지비
PI645250,인천시 연수구 에이피텍신사옥,37.3794011,126.6634839,연수구,22,2,20,0,0,22,0.0,9.09,"인천광역시 연수구 송도과학로16번길 13-46 지하1층 주차장, 지하2층 주차장",GS차지비
PI645254,인천시 남동구 인천광역시청,37.45605,126.7052557,남동구,3,0,3,0,3,0,100.0,0.0,인천광역시 남동구 정각로 29 후문의회동입구좌측,GS차지비
PI645281,인천시 남동구 LH인천지역본부,37.4010359,126.712021,남동구,2,0,2,0,2,0,100.0,0.0,인천광역시 남동구 논현로46번길 23 지하2층 C6옆,GS차지비
PI645285,인천시 서구 인천청호초중학교,37.5386449,126.6415165,서구,2,0,2,0,0,2,0.0,0.0,인천광역시 서해구 청라한울로？44 옥외주차장,GS차지비
PI645346,인천시 서구 LH청라영종사업본부,37.542092,126.649025,서구,1,0,1,0,1,0,100.0,0.0,인천광역시 서해구 중봉대로715번길 13 주차장 뒷편,GS차지비
PI645360,BMW차징스테이션 네스트호텔,37.4245607,126.4253822,중구,10,0,10,0,10,0,100.0,0.0,인천광역시 영종구 영종해안남로 19-5 지상주차장 입구 우측 80m,GS차지비
PI645363,BMW차징스테이션 오렌지듄스GC,37.434823,126.456047,중구,3,0,3,0,3,0,100.0,0.0,인천광역시 영종구 영종해안남로321번길 184 카트고 옆 지상1층 주차장,GS차지비
PI645371,BMW차징스테이션 두운리카페,37.6864539,126.4769707,강화군,5,0,5,0,5,0,100.0,0.0,인천광역시 강화군 불은면 불은북로 36-8 카페 지상주차장,GS차지비
PI645396,인천시 남동구 세계로국제중고등학교,37.4013574,126.7158631,남동구,1,0,1,0,0,1,0.0,0.0,인천광역시 남동구 논현고잔로 215 지상주차장,GS차지비
PI645425,인천시 부평구 동암초등학교,37.4721051,126.7067791,부평구,1,0,1,0,1,0,100.0,0.0,인천광역시 부평구 동암남로35번길 4 옥외주차장,GS차지비
PI645467,GS더프레시학익점,37.4421653,126.6641795,미추홀구,1,0,1,0,1,0,100.0,0.0,인천광역시 미추홀구 소성로 146 지상주차장 정문입구 앞 5M,GS차지비
PI646003,인천시 남동구 삼포화학공업,37.3908132,126.696602,남동구,1,0,1,0,1,0,100.0,0.0,인천광역시 남동구 남동동로64번길 41 지상1층 정문 출하대기옆,GS차지비
PI646004,인천시 미추홀구 이편한세상도화5단지(HNS),37.474030697,126.6624979,미추홀구,5,0,5,0,0,5,0.0,0.0,인천광역시 미추홀구 숙골로112번길 11 502동 옆 전기실 앞 B2 B01,GS차지비
PI646005,인천시 부평구 보광팰리스아파트,37.4868576,126.7284751,부평구,1,0,1,0,0,1,0.0,0.0,인천광역시 부평구 육동로18번길 61 1F,GS차지비
PI646006,인천시 부평구 포레스턴오피스텔,37.4924267,126.7287649,부평구,2,0,2,0,0,2,0.0,0.0,인천광역시 부평구 부평문화로106번길 42 B2 전기실 옆,GS차지비
PI646007,인천시 부평구 부평감리교회,37.4883468,126.7181734,부평구,7,0,7,0,7,0,100.0,0.0,인천광역시 부평구 부영로 34 별관 B2 교육관 기계실 앞,GS차지비
PI646008,인천시 부평구 와이디타워,37.4942707,126.72228,부평구,2,0,2,0,2,0,100.0,0.0,인천광역시 부평구 부평문화로 55 주차장,GS차지비
PI646010,인천시 미추홀구 인천SK스카이뷰,37.4520149,126.6450629,미추홀구,21,0,21,0,0,21,0.0,0.0,인천광역시 미추홀구 용정공원로 33 121동 지하2층 B2 I 10번 뒤쪽,GS차지비
PI690033,BMW차징스테이션 송도오션파크베르디움 by바바리안모터스,37.4147384,126.6159097,연수구,8,2,6,0,8,0,100.0,25.0,인천광역시 연수구 랜드마크로 110,GS차지비
PI690034,BMW차징스테이션 인천 조탕 by바바리안모터스,37.4443388,126.4044679,중구,4,2,2,0,4,0,100.0,50.0,인천광역시 영종구 용유서로 30,GS차지비
PI690035,BMW차징스테이션 메이드림 by바바리안모터스,37.463436,126.3702484,중구,4,4,0,0,4,0,100.0,100.0,인천광역시 영종구 용유서로479번길 42,GS차지비
PI700054,한별렉스힐하우스,37.424443484,126.65968327,연수구,2,0,2,0,0,2,0.0,0.0,인천광역시 연수구 비류대로232번길 60 한별렉스힐하우스 1층 102동 부근 주차장 벽면,GS차지비
PI700057,연수우성1차아파트,37.40928058,126.68362723,연수구,4,1,3,0,0,4,0.0,25.0,인천광역시 연수구 청능대로 175 연수우성1차아파트 105동 지하 1층 주차장내 6번기둥,GS차지비
PI700563,베르디움더퍼스트아파트,37.370241511,126.65690834,연수구,15,1,14,0,0,15,0.0,6.67,인천광역시 연수구 송도문화로84번길 84 베르디움더퍼스트아파트 103동 지하 1층 73번 기둥 부근 103동 지하 1층 58~59번 기둥 부근,GS차지비
PI700620,십정주공뜨란채아파트,37.479728473,126.70274828,부평구,7,0,7,0,0,7,0.0,0.0,"인천광역시 부평구 이규보로 79 (십정동, 주공뜨란채아파트) 101동 1주차장 B1층 102동, 105동 뒤 2주차장 B1층 대각선쪽, 110동 B1층, 111동 B1층",GS차지비
PI707159,인천영종우체국,37.4769,126.5235,중구,1,0,1,0,0,1,0.0,0.0,인천광역시 영종구 쪽빛하늘로 21,GS차지비
PI707188,소래제1공영주차장,37.3977928,126.7364372,남동구,4,0,4,0,4,0,100.0,0.0,인천광역시 남동구 아암대로 1597 소래제1공영주차장 지상 주차장,GS차지비
PI708205,부평자이,37.477719982,126.74961172,부평구,16,0,16,0,0,16,0.0,0.0,"인천광역시 부평구 일신로 120 (구산동, 부평자이) 1주차장 3기, 2주차장 3기, 3주차장 4기, 4주차장 4기, 5주차장 2기",GS차지비
PI708317,마전금호어울림,37.614735015,126.65859321,서구,1,0,1,0,0,1,0.0,0.0,"인천광역시 검단구 가현로 33 (마전동, 마전 금호어울림)",GS차지비
PI708567,검암2차신명스카이뷰,37.566196976,126.68608846,서구,5,0,5,0,5,0,100.0,0.0,"인천광역시 서해구 검암로10번길 54 검암2차신명스카이뷰 604동지하A19,601동지하A10",GS차지비
PI708653,일신주공아파트,37.482700718,126.74148111,부평구,3,0,3,0,0,3,0.0,0.0,인천광역시 부평구 항동로75번길 11 일신주공아파트 101동 B1,GS차지비
PI708672,인천 서구 화방주차타워,37.5276914,126.6725537,서구,3,0,3,0,3,0,100.0,0.0,"인천광역시 서해구 봉오재3로 115 화방개발(주차타워,상가) 5층",GS차지비
PI708837,인천청학동현대아파트,37.428790395,126.66984043,연수구,12,0,12,0,0,12,0.0,0.0,"인천광역시 연수구 계림로 111 인천청학현대 103동 지하5층 4기둥 우측 / 105동 지하4층 30기둥 우측, 지하5층 12기둥 우측 / 107동 지하5층 4기둥 우측",GS차지비
PI709370,풍림아이원아파트2-1단지,37.495710284,126.48437837,중구,1,0,1,0,0,1,0.0,0.0,인천광역시 영종구 영종대로27번길 40 풍림아이원아파트2-1단지 213동 5/6라인 지하 1층 램프 주변,GS차지비
PI709775,아데니움플라자,37.398209866,126.64883257,연수구,2,0,2,0,0,2,0.0,0.0,인천광역시 연수구 신송로 164 아데니움플라자,GS차지비
PI709833,송도한라웨스턴파크,37.406039114,126.62896276,연수구,13,0,13,0,0,13,0.0,0.0,인천광역시 연수구 아트센터대로168번길 100 지하3층 B3기둥 ~ 78번 기둥까지 13대,GS차지비
PI709846,영종금호어울림1차,37.481712486,126.50930637,중구,12,0,12,0,0,12,0.0,0.0,인천광역시 영종구 운서4로 18 영종금호어울림1차,GS차지비
PI710184,카스하이퍼씨앤씨,37.4951564,126.7414617,부평구,1,0,1,0,0,1,0.0,0.0,인천광역시 부평구 수변로 99 ㈜카스하이퍼씨앤씨,GS차지비
PI710302,서진ITC,37.484815699,126.75064295,부평구,1,0,1,0,0,1,0.0,0.0,인천광역시 부평구 경인로1185번길 15-19 서진ITC,GS차지비
PI710347,인천 경남아너스빌,37.499571034,126.66890638,서구,10,0,10,0,0,10,0.0,0.0,인천광역시 서해구 염곡로 172 인천 경남아너스빌,GS차지비
PI710363,이리옴프라자,37.394947687,126.65155836,연수구,3,0,3,0,0,3,0.0,0.0,인천광역시 연수구 신송로125번길 7,GS차지비
PI710396,효성태산아파트,37.530454144,126.70020508,계양구,12,0,12,0,0,12,0.0,0.0,인천광역시 계양구 봉오대로477번길 20 효성태산아파트,GS차지비
PI710408,인천옥련한국아파트,37.4237639,126.6498123,연수구,9,0,9,0,0,9,0.0,0.0,인천광역시 연수구 청량로199번길 29,GS차지비
PI710453,연수성호아파트,37.422373936,126.66730832,연수구,8,0,8,0,0,8,0.0,0.0,인천광역시 연수구 솔샘로43번길 15 연수성호아파트,GS차지비
PI710523,부평한국아파트,37.499435575,126.7164811,부평구,5,0,5,0,0,5,0.0,0.0,인천광역시 부평구 부영로166번길 12 부평한국아파트,GS차지비
PI710681,현대아이파크송도,37.388617776,126.65804462,연수구,14,0,14,0,0,14,0.0,0.0,인천광역시 연수구 해돋이로6번길 7 현대아이파크송도,GS차지비
PI710822,연수풍림1차아파트,37.417902052,126.69150805,연수구,4,0,4,0,0,4,0.0,0.0,인천광역시 연수구 함박뫼로 250 연수풍림1차아파트,GS차지비
PI710847,용현금호어울림3단지,37.4510034,126.6401333,미추홀구,2,0,2,0,0,2,0.0,0.0,인천광역시 미추홀구 낙섬동로 51 용현금호어울림3단지 지하1층 주차장 주차램프 하부 기존충전기옆 2기,GS차지비
PI710900,송도더샵그린애비뉴8단지,37.4017433,126.6464849,연수구,16,0,16,0,0,16,0.0,0.0,"인천광역시 연수구 컨벤시아대로42번길 61 송도더샵그린애비뉴8단지 지하2층 908번 기둥3기, 지하2층 휀룸 앞 3기, 지하2층 10번 기둥 2기, 지하2층 03번 기둥 3기, 지하2층 01번 기둥 2기, 지하2층 07번 기둥 3기",GS차지비
PI711369,부평 십정주공뜨란채,37.479619664,126.70247454,부평구,8,0,8,0,1,7,12.5,0.0,"인천광역시 부평구 이규보로 79 부평 십정주공뜨란채 101동 1주차장 B1층 102동쪽, 105동 뒤 2주차장 B1층, 106동 앞 지상주차장, 110동 B1층, 111동 B1층",GS차지비
PI711377,마전영남탑스빌아파트,37.59832,126.6676222,서구,30,0,30,0,0,30,0.0,0.0,인천광역시 검단구 완정로64번길 7 지하2층 제1주차장~제7주차장까지 각 4기,GS차지비
PI712122,휴먼시아1단지숲속마을,37.4065466,126.7103708,남동구,6,0,6,0,0,6,0.0,0.0,인천광역시 남동구 은봉로165번길 24 지하1층 주차장 6기,GS차지비
PI712731,산곡무지개아파트,37.501444208,126.70393098,부평구,2,0,2,0,0,2,0.0,0.0,인천광역시 부평구 마장로264번길 14 산곡무지개아파트,GS차지비
PI712825,힐스테이트레이크송도,37.398822234,126.62159545,연수구,17,0,17,0,0,17,0.0,0.0,인천광역시 연수구 아카데미로312번길 177 B2층 105동 C07 C35기둥부근 106동방향 C49 C52기둥부근 108동 B67 기둥부근 109동 B21기둥부근,GS차지비
PI712987,작전동보1차,37.526277905,126.72757014,계양구,5,0,5,0,0,5,0.0,0.0,"인천광역시 계양구 주부토로363번길 27 (작전동, 동보아파트)",GS차지비
PI713106,연수1차현대아파트,37.403500179,126.67586958,연수구,24,0,24,0,0,24,0.0,0.0,"인천광역시 연수구 원인재로 56 지상1층-119동-3기,123동-3기,120동-3기,116동-3기,114동-3기,112동-3기109동-3기,104동-3기 = 총24기",GS차지비
PI713265,서창센트라스아파트,37.425949265,126.74566155,남동구,10,0,10,0,0,10,0.0,0.0,인천광역시 남동구 서창남순환로 201 서창센트라스아파트,GS차지비
PI713288,금강펜트리움센트럴파크,37.4755419,126.6620761,미추홀구,12,0,12,0,0,12,0.0,0.0,인천광역시 미추홀구 송림로257번길 6,GS차지비
PI713315,당근바다팬션,37.7162156,126.3526009,강화군,1,0,1,0,1,0,100.0,0.0,인천광역시 강화군 내가면 황청포구로462번길 4-37 당근바다팬션 지상주차장  7KW,GS차지비
PI713835,산곡7차한양아파트,37.503662507,126.70672471,부평구,3,0,3,0,0,3,0.0,0.0,인천광역시 부평구 안남로 231 산곡7차한양아파트,GS차지비
PI714021,한화메트로9단지,37.385615446,126.72318843,남동구,28,0,28,0,0,28,0.0,0.0,"인천광역시 남동구 에코중앙로 96 한화메트로9단지 B2층 902동 R76기둥, B2층 903동 O05기둥, B2층 904동 O52기둥, B2층 906동 Y19기둥",GS차지비
PI714074,한화메트로9단지B,37.385564126,126.72339751,남동구,10,0,10,0,0,10,0.0,0.0,"인천광역시 남동구 에코중앙로 96 B2층 902동 R76기둥, B2층 903동 O64기둥, B2층 905동 O29기둥, B2층 906동 Y19기둥",GS차지비
PI714442,인천광역시경제자유구역청(미추홀공원),37.381793,126.651653,연수구,2,2,0,0,2,0,100.0,100.0,인천광역시 연수구 테크노파크로 23 (송도동),GS차지비
PI714444,인천광역시경제자유구역청(글로벌파크),37.371259,126.666209,연수구,2,2,0,0,2,0,100.0,100.0,인천광역시 연수구 송도바이오대로240번길 12 (송도동),GS차지비
PI714446,인천광역시경제자유구역청(새아침공원),37.397301,126.652988,연수구,2,2,0,0,2,0,100.0,100.0,인천광역시 연수구 컨벤시아대로 43 (송도동),GS차지비
PI714448,인천광역시경제자유구역청(해돋이공원),37.388719,126.65436,연수구,2,2,0,0,2,0,100.0,100.0,인천광역시 연수구 해돋이로 51 (송도동),GS차지비
PI715493,선학아주아파트,37.425471393,126.70154878,연수구,4,0,4,0,0,4,0.0,0.0,"인천광역시 연수구 선학로 90 (선학동, 아주아파트) 지하1층 주차장 계단실앞 2기, 전기실입구옆 지상주차장 2기",GS차지비
PI716143,청라진성프라자,37.532157609,126.64572122,서구,10,0,10,0,0,10,0.0,0.0,인천광역시 서해구 청라동 158-1 진성프라자 B1 지하주차장 램프앞 또는 관리사무소 맞은편,GS차지비
PI716202,인천표면처리센터 요진코아텍,37.587613056,126.5982296,서구,12,0,12,0,12,0,100.0,0.0,인천광역시 검단구 가람로 14 인천표면처리센터 요진코아텍 옥상 주차장입구우측80M,GS차지비
PI716218,청라서진프라자,37.5340519,126.6593147,서구,3,0,3,0,0,3,0.0,0.0,"인천광역시 서해구 청라에메랄드로102번길 26 (청라동,서진프라자) 지하2층주차장 엘리베이터 홀 맞은편",GS차지비
PI716221,청라우성메디피아,37.5339797,126.656821,서구,5,0,5,0,0,5,0.0,0.0,인천광역시 서해구 청라에메랄드로102번길 8 (청라동),GS차지비
PI716299,테트리스타워,37.532067768,126.63922937,서구,5,0,5,0,0,5,0.0,0.0,"인천광역시 서해구 크리스탈로74번길 25 (청라동, 테트리스타워) 지상4층 D6기둥 주변 5기",GS차지비
PI716333,연세대학교국제캠퍼스,37.3817663,126.6669192,연수구,27,0,27,0,27,0,100.0,0.0,인천광역시 연수구 송도과학로 85 (송도동) 지하,GS차지비
PI716483,인천사랑병원,37.4621979,126.6806843,미추홀구,4,0,4,0,4,0,100.0,0.0,인천광역시 미추홀구 미추홀대로 726 지상 3층 입구 우측 10m,GS차지비
PI716487,인천나은병원,37.4884016,126.6790766,서구,1,0,1,0,1,0,100.0,0.0,인천광역시 서해구 원적로17번길 9 건물입구 좌측 지상1층 1기,GS차지비
PI716500,현대제철인천공장,37.4849244,126.6420556,동구,5,0,5,0,0,5,0.0,0.0,"인천광역시 제물포구 중봉대로 63 (송현동,현대제철) 지상",GS차지비
PI716508,청라엑슬루타워,37.530804303,126.65134944,서구,13,0,13,0,0,13,0.0,0.0,"인천광역시 서해구 중봉대로586번길 22 (청라동, 청라 엑슬루타워) 지상 1F 주차장 오피스텔 차단기 오른쪽 주차면 지상 1F 주차장 오피스텔 차단기 오른쪽 주차면, 지상1층 오피스텔주차장 50번기둥",GS차지비
PI716943,검단신도시디에트르더펠리체아파트,37.582852027,126.70899858,서구,85,0,85,0,0,85,0.0,0.0,"인천광역시 검단구 이음2로 30 (당하동, 대방디에트르 더 펠리체) 601동 B1 B2, 603동 B1 B2, 605동 B1 B2, 607동 B1 B2, 609동 B1 B2, 611동 B1 B2(612동쪽), 615동 B2",GS차지비
PI717228,가좌희망타운오피스텔,37.498895411,126.6680534,서구,6,0,6,0,0,6,0.0,0.0,인천광역시 서해구 염곡로 160 (가좌동) 지하2층 주차장 램프 앞 5M 3기,GS차지비
PI717333,오후프라자,37.425306104,126.74800958,남동구,9,0,9,0,0,9,0.0,0.0,"인천광역시 남동구 서창남순환로215번길 20 (서창동,오후프라자) 지상6층 화장실 및 엘리베이터 맞은편 10M 지상6층 화장실 및 엘리베이터 맞은편 10M",GS차지비
PI717342,바흐카운티,37.4736303,126.6396705,동구,6,0,6,0,0,6,0.0,0.0,"인천광역시 제물포구 금곡로 35 (송림동, 예공바흐카운티) 지하1층 램프앞 주차면",GS차지비
PI717693,연수대우아파트B,37.417011466,126.68707684,연수구,9,0,9,0,0,9,0.0,0.0,"인천광역시 연수구 원인재로 237 (연수동, 대우1차아파트) 103동 지상1층 3-4라인 뒤 10M, 102동 지상1층 1-2라인 뒤 2M",GS차지비
PI717773,가천대학교의과대학,37.450797,126.7082869,남동구,5,0,5,0,5,0,100.0,0.0,"인천광역시 남동구 독점로3번길 38-13 (구월동,가천대학교의과대학) 지하5층 저층부 출입구 지하5층 저층부 출입구",GS차지비
PI718098,송도센트럴파크푸르지오파크게이트상가,37.39277584,126.64389519,연수구,8,0,8,0,8,0,100.0,0.0,인천광역시 연수구 센트럴로 160 상가주차장 지하1층 B1 29번 30번 50번기둥,GS차지비
PI718117,목화아파트,37.604489,126.6589335,서구,3,0,3,0,0,3,0.0,0.0,"인천광역시 검단구 완정로178번길 31 (마전동, 목화아파트) 4동 1,2라인앞(경로당옆 지상1층 주차장",GS차지비
PI718152,부평대명벨리온,37.5051095,126.7208191,부평구,6,0,6,0,0,6,0.0,0.0,인천 부평구 부평대로 153 부평대명벨리온,GS차지비
PI718158,광양프론티어밸리3차,37.487376,126.6759253,서구,22,0,22,0,0,22,0.0,0.0,인천광역시 서해구 가석로 30 광양프론티어밸리3차,GS차지비
PI718180,연수광장프라자,37.4176296,126.6772294,연수구,4,0,4,0,0,4,0.0,0.0,인천광역시 연수구 벚꽃로 106 (청학동),GS차지비
PI718184,청라우리프라자,37.533389,126.6524559,서구,3,0,3,0,0,3,0.0,0.0,인천광역시 서해구 중봉대로612번길 10-22 청라우리프라자,GS차지비
PI718188,가좌코오롱하늘채매트로,37.4989358,126.6704693,서구,9,0,9,0,0,9,0.0,0.0,인천광역시 서해구 가정로151번길 4,GS차지비
PI718341,검단신도시디에트르더펠리체아파트B,37.584880144,126.7102757,서구,9,0,9,0,0,9,0.0,0.0,"인천광역시 검단구 이음2로 30 지하1층 10기둥, 지하1층 44기둥",GS차지비
PI718436,풀하우스주상복합,37.4947245,126.7257062,부평구,3,0,3,0,0,3,0.0,0.0,인천광역시 부평구 대정로 50 지하3층주차장,GS차지비
PI718519,한별렉스힐,37.4528872,126.7545852,남동구,4,0,4,0,0,4,0.0,0.0,"인천광역시 남동구 장자북로 47 B1 101동 앞 완속 2기, B1 102동 옆 완속 2기",GS차지비
PI718666,인하한양아이클래스,37.4593563,126.637908,미추홀구,4,0,4,0,0,4,0.0,0.0,인천 미추홀구 아암대로 15,GS차지비
PI718670,예린펠리시티,37.5253668,126.7364034,계양구,5,0,5,0,0,5,0.0,0.0,인천 계양구 아나지로 398,GS차지비
PI718675,아트시티b동,37.4988708,126.6685725,서구,5,0,5,0,0,5,0.0,0.0,인천광역시 서해구 건지로 240,GS차지비
PI718680,아트시티a동,37.4988714,126.6691281,서구,5,0,5,0,0,5,0.0,0.0,인천광역시 서해구 건지로 242,GS차지비
PI718685,더라움오피스텔,37.4666559,126.631127,중구,6,0,6,0,0,6,0.0,0.0,인천광역시 제물포구 인중로108번길 21,GS차지비
PI718701,천년부페웨딩홀,37.5429621,126.73056,계양구,5,0,5,0,0,5,0.0,0.0,인천 계양구 경명대로 1108 천년부페웨딩홀,GS차지비
PI718738,인천브리즈힐아파트,37.4772348,126.6529981,동구,54,0,54,0,0,54,0.0,0.0,인천광역시 제물포구 송림로162번길 9,GS차지비
PI718854,부평역한라비발디트레비앙,37.488465,126.7274265,부평구,22,0,22,0,22,0,100.0,0.0,인천광역시 부평구 동수북로 188 (부평동),GS차지비
PI719009,인천시 스테이션타워,37.4909877,126.720636,부평구,2,0,2,0,2,0,100.0,0.0,인천광역시 부평구 경원대로 1366 (부평동) 지하1층 출입구 엘리베이터 앞 5m,GS차지비
PI720118,인천청학동현대아파트B,37.428339373,126.669656,연수구,6,0,6,0,0,6,0.0,0.0,"인천광역시 연수구 계림로 111 (청학동, 현대아파트) 105동 B6층 기둥 28번기둥 / 107동 B6층 17번기둥",GS차지비
PI720477,검단SK뷰아파트,37.5849072,126.6778798,서구,6,0,6,0,0,6,0.0,0.0,"인천광역시 검단구 독정로 17 (당하동, 검단 SK VIEW) 106동(3,4)기둥07-08",GS차지비
PI722452,인천도시공사,37.446127,126.7378838,남동구,1,0,1,0,0,1,0.0,0.0,인천광역시 남동구 인주대로914번길 42 인천도시공사 지상 주차장 1기,GS차지비
PI722656,청라호반베르디움2차,37.5373169,126.6579829,서구,10,0,10,0,0,10,0.0,0.0,"인천광역시 서해구 청라에메랄드로 134 (청라동, 호반베르디움2차 아파트) 212동 지하 1층 ㄲ23기둥, 213동 지하 1층 ㄲ30 기둥 주변 3대, 216동 지하 1층 ㅒ91기둥",GS차지비
PI722894,드림파크어울림1단지,37.594183521,126.637913,서구,3,0,3,0,3,0,100.0,0.0,"인천광역시 검단구 봉화로 18 (왕길동, 드림파크어울림 1단지) 105동 지하 1층 O07번기둥 주변",GS차지비
PI723147,힐스테이트레이크송도103동,37.400463957,126.62077403,연수구,3,0,3,0,3,0,100.0,0.0,"인천광역시 연수구 아카데미로312번길 177 (송도동, 힐스테이트 레이크 송도) 지하 2층 103동 출입구 부근 B04번 기둥 주변",GS차지비
PI723150,힐스테이트레이크송도105동,37.399033949,126.62064819,연수구,3,0,3,0,3,0,100.0,0.0,"인천광역시 연수구 아카데미로312번길 177 (송도동, 힐스테이트 레이크 송도) 105동 지하 2층 C34, C41번 기둥 주변",GS차지비
PI723153,힐스테이트레이크송도109동,37.400452731,126.62148843,연수구,4,0,4,0,4,0,100.0,0.0,"인천광역시 연수구 아카데미로312번길 177 (송도동, 힐스테이트 레이크 송도) 109동 지하 2층 B21, B13번 기둥 주변",GS차지비
PI723254,인천학생안전체험관,37.4513433,126.7169622,남동구,2,0,2,0,2,0,100.0,0.0,인천광역시 남동구 구월남로232번길 31 (구월동) 지상 주차장,GS차지비
PI724044,부평대우프라자,37.5132618,126.7056148,부평구,2,0,2,0,2,0,100.0,0.0,인천광역시 부평구 세월천로 34 B1 지하주차장 램프 우측 20m 지점,GS차지비
PI724046,주안현광아파트,37.4649888,126.6838371,미추홀구,9,0,9,0,0,9,0.0,0.0,"인천광역시 미추홀구 염창로 94 (주안동, 현광아파트) 아파트 입구 우측 지상주차장, B1 지하주차장 환풍구 앞 주차면",GS차지비
PI724073,인천엔타스빌딩,37.4503565,126.7028739,남동구,4,0,4,0,4,0,100.0,0.0,인천광역시 남동구 인주대로 593 B4지하주차장,GS차지비
PI724102,청라라임타워,37.533523,126.6530173,서구,5,0,5,0,5,0,100.0,0.0,인천광역시 서해구 청라라임로 65 B3지하주차장,GS차지비
PI724257,커낼워크d2,37.3993587,126.6368958,연수구,6,0,6,0,6,0,100.0,0.0,"인천광역시 연수구 아트센터대로 131 지하1층 A19, B38번 기둥",GS차지비
PI724263,커낼워크d3,37.400948,126.6386166,연수구,6,0,6,0,6,0,100.0,0.0,"인천광역시 연수구 아트센터대로 107 지하1층 B35, C62번 기둥",GS차지비
PI724341,청라더스페이스타워,37.533856,126.6455826,서구,5,0,5,0,5,0,100.0,0.0,인천광역시 서해구 청라커낼로288번길 10 더스페이스타워,GS차지비
PI724346,송도인피니티타워,37.394627538,126.64618175,연수구,5,0,5,0,5,0,100.0,0.0,인천광역시 연수구 해돋이로 160-4 B3지하주차장 05~06기둥 옆,GS차지비
PI724356,커낼워크d1,37.3981843,126.6356514,연수구,4,0,4,0,4,0,100.0,0.0,"인천광역시 연수구 아트센터대로 149 지하1층 A17, A31번 기둥",GS차지비
PI724360,이노프라자,37.4458068,126.7017008,남동구,5,0,5,0,5,0,100.0,0.0,인천광역시 남동구 성말로 9 B1지하주차장,GS차지비
PI724556,인천그랜드cc,37.513071,126.641475,서구,5,0,5,0,5,0,100.0,0.0,인천광역시 서해구 원석로 195 고객주차장출입구 좌측 20m 지상주차장,GS차지비
PI724665,주안역신일해피트리아파트,37.4683931,126.6765173,미추홀구,6,0,6,0,6,0,100.0,0.0,인천 미추홀구 길파로27번길 43,GS차지비
PI724744,커낼워크d4,37.4023784,126.640151,연수구,6,0,6,0,6,0,100.0,0.0,"인천광역시 연수구 아트센터대로 87 지하1층 A19,B31번 기둥",GS차지비
PI724752,da리베로오피스텔,37.4643641,126.6792968,미추홀구,3,0,3,0,3,0,100.0,0.0,인천광역시 미추홀구 주안로 89,GS차지비
PI724804,w여성병원,37.4509647,126.6811651,미추홀구,2,0,2,0,2,0,100.0,0.0,인천광역시 미추홀구 인주대로 400 지하3층 주차장,GS차지비
PI730492,바다가보이는사이판모텔,37.7045999,126.3680853,강화군,1,0,1,0,1,0,100.0,0.0,인천광역시 강화군 내가면 해안서로 1011 바다가보이는사이판모텔 건물 옆 콘테이너 앞 지상 주차장,GS차지비
PI740469,송도글로벌캠퍼스푸르지오업무시설,37.378162746,126.6542472,연수구,5,0,5,0,5,0,100.0,0.0,인천광역시 연수구 송도문화로28번길 28 송도글로벌캠퍼스푸르지오_업무시설 202동 지하 2층 B2 49번 기둥 주변,GS차지비
PI740755,송도더샵센트럴시티,37.374219217,126.6499786,연수구,1,0,1,0,1,0,100.0,0.0,인천광역시 연수구 송도국제대로 261 송도더샵센트럴시티 207동 지하 1층 J30번 기둥앞 주차면,GS차지비
PI747020,BMW차징스테이션 이비스스타일앰배서더 by바바리안모터스,37.481155003,126.42010631,중구,4,2,2,0,4,0,100.0,50.0,인천광역시 영종구 제2터미널대로 340 입구 좌측편 지상주차장,GS차지비
PI747134,BMW차징스테이션 홀리데이인호텔송도,37.3930985,126.6330215,연수구,3,0,3,0,3,0,100.0,0.0,인천광역시 연수구 인천타워대로 251 지하1층 주차장 02번 기둥,GS차지비
PI747204,BMW차징스테이션 KR법조타워,37.5915859,126.7103148,서구,9,0,9,0,9,0,100.0,0.0,인천광역시 검단구 이음4로 6 지하2층 11~14번 기둥,GS차지비
PI747344,BMW차징스테이션 파크타운1차,37.4845826,126.7099822,부평구,2,0,2,0,0,2,0.0,0.0,인천광역시 부평구 백운로 53 102동 좌측 3m 지상주차장,GS차지비
PI747380,BMW차징스테이션 서운빌딩 by바바리안모터스,37.5337798,126.7551305,계양구,3,0,3,0,3,0,100.0,0.0,인천광역시 계양구 서운산단로3길 8 옥상 주차장,GS차지비
PI747623,BMW차징스테이션 수정성결교회 by바바리안모터스,37.6139686,126.6790437,서구,4,0,4,0,4,0,100.0,0.0,인천광역시 검단구 불로로 64,GS차지비
PI748050,BMW차징스테이션 네스트호텔 by코오롱모터스,37.4244803,126.4253165,중구,4,4,0,0,4,0,100.0,100.0,인천광역시 영종구 영종해안남로 19-5 야외주차장,GS차지비
PI748106,BMW차징스테이션 계양DSE지식산업센터by바바리안모터스,37.5318902,126.7532384,계양구,4,4,0,0,4,0,100.0,100.0,인천광역시 계양구 서운산단로1길 19 지상 1층 주차장,GS차지비
PI748110,BMW차징스테이션 카페시루케이크 by바바리안모터스,37.4599474,126.4078099,중구,6,6,0,0,6,0,100.0,100.0,인천광역시 영종구 공항서로 459 주차장 입구 앞,GS차지비
PI748124,BMW차징스테이션 베토벤하우스 by바바리안모터스,37.4432489,126.4048677,중구,2,2,0,0,2,0,100.0,100.0,인천광역시 영종구 용유서로2번길 11 건물 입구 장애인주차장 옆,GS차지비
PI750032,에이티아이기술연구소,37.4538727,126.7040698,남동구,2,0,2,0,2,0,100.0,0.0,인천광역시 연수구 송도미래로 41 에이티아이㈜기술연구소 지하1층 주차장,GS차지비
PI750037,드림파크어울림1단지B,37.595489944,126.63864552,서구,2,0,2,0,2,0,100.0,0.0,인천광역시 검단구 봉화로 18 111동 3라인 지하 2층 G07번 기둥 주변,GS차지비
PI750047,연수서해그랑블3단지B,37.405429223,126.66739037,연수구,4,0,4,0,0,4,0.0,0.0,인천광역시 연수구 봉재산로 76 연수서해그랑블3단지 303동 지하 1층 B21 ~ B23번 기둥 사이 4대,GS차지비
PI750248,마전대주파크빌아파트,37.610132495,126.66809296,서구,3,0,3,0,0,3,0.0,0.0,"인천광역시 검단구 마전로99번길 8 (마전동, 대주파크빌아파트) 703동 출입구 후면 지상 주차면",GS차지비
PI750251,인천숭의한화꿈에그린아파트,37.467676636,126.6498083,미추홀구,5,0,5,0,0,5,0.0,0.0,"인천광역시 미추홀구 석정로126번길 23 숭의동, 한화 꿈에그린 아파트 101동4/5라인 출입구앞 A18번 기둥 주변, 108동앞_A43번 ~ A44번 기둥 주변",GS차지비
PI750335,서창더포레스트,37.427607344,126.744464,남동구,8,0,8,0,0,8,0.0,0.0,"인천광역시 남동구 서창남순환로 140 (서창동, 더포레스트) 지하1층 209동 C02번기둥 옆 3장치 / 지하1층 203동 A12번기둥 옆 5장치",GS차지비
PI750480,간석자동차매매단지(청도유업),37.470651,126.6878426,남동구,3,0,3,0,0,3,0.0,0.0,인천광역시 남동구 방축로 414 간석자동차매매단지(청도유업㈜),GS차지비
PI750717,남촌풍림2차,37.432671388,126.71779745,남동구,4,0,4,0,0,4,0.0,0.0,인천광역시 남동구 남촌동로 8 202동옆 지상 4대,GS차지비
PI750883,부평동아1단지아파트,37.492768955,126.71908256,부평구,3,0,3,0,0,3,0.0,0.0,인천광역시 부평구 부평문화로 37 옥외 스탠드형 3기,GS차지비
PI750886,계양효성해링턴플레이스,37.529955063,126.74441732,계양구,39,0,39,0,0,39,0.0,0.0,"인천광역시 계양구 서운로 34 지하2층 1구역(5기), 2구역(6기), 3구역(5기), 4구역(13기), 5구역(10기, 스탠드1기) 총 39기",GS차지비
PI750928,가천대학교,37.4222545,126.6874834,연수구,9,0,9,0,9,0,100.0,0.0,인천광역시 연수구 함박뫼로 191 가천대학교 A지하주차장 입구 3기 / 남문 C주차장(약초관) 6기,GS차지비
PI750937,효성동2차 유승아파트,37.5259495,126.6988027,계양구,7,0,7,0,0,7,0.0,0.0,"인천광역시 계양구 새풀로 27 효성동2차 유승아파트 4동 지하 1층 주차장 4기, 8동 지하 1층 주차장 3기",GS차지비
PI750944,인천 송림휴먼시아 1단지,37.4807277,126.65185009,동구,18,0,18,0,0,18,0.0,0.0,인천광역시 제물포구 송향로 31 인천 송림휴먼시아 1단지,GS차지비
PI750971,우성산곡4차아파트,37.495009048,126.70757874,부평구,2,0,2,0,0,2,0.0,0.0,인천광역시 부평구 안남로123번길 46 지상 스탠드형 2기,GS차지비
PI751017,기산아파트,37.5410151,126.7268408,계양구,5,0,5,0,0,5,0.0,0.0,인천광역시 계양구 어사대로 39 기산아파트 관리사무소 앞 지상1층 주차장,GS차지비
PI751025,청라시티프라디움아파트,37.536839588,126.62689398,서구,9,0,9,0,0,9,0.0,0.0,인천광역시 서해구 청라한내로 131 청라시티프라디움아파트,GS차지비
PI751037,송도테크노파크IT센터,37.381859428,126.66269418,연수구,4,0,4,0,0,4,0.0,0.0,인천광역시 연수구 송도과학로 32 송도테크노파크IT센터,GS차지비
PI751128,인천남촌3차풍림아파트,37.429111943,126.71742442,남동구,7,0,7,0,0,7,0.0,0.0,"인천광역시 남동구 남촌로84번길 38 305동 지하2층 3대, 302동 뒤쪽 지상주차장 벽부형 4대",GS차지비
PI751135,인천남촌3차풍림아파트B,37.429038785,126.71603501,남동구,9,0,9,0,0,9,0.0,0.0,"인천광역시 남동구 남촌로84번길 38 302동 지하1층, 305동 지하1층",GS차지비
PI751165,강화군농업기술센터,37.704168074,126.4364707,강화군,2,0,2,0,0,2,0.0,0.0,인천광역시 강화군 불은면 중앙로 742-2 강화군농업기술센터,GS차지비
PI751217,송도동일하이빌파크포레,37.412569093,126.65774375,연수구,4,0,4,0,0,4,0.0,0.0,인천광역시 연수구 앵고개로104번길 5 송도동일하이빌파크포레,GS차지비
PI751250,로뎀타워,37.593919227,126.71259587,서구,3,0,3,0,0,3,0.0,0.0,인천광역시 검단구 이음대로 378 로뎀타워,GS차지비
PI751337,영종금호베스트빌1단지,37.49442522,126.48581134,중구,7,0,7,0,0,7,0.0,0.0,인천광역시 영종구 신도시남로 15 영종금호베스트빌1단지,GS차지비
PI751476,은행마을강북,37.537522754,126.73984823,계양구,6,0,6,0,0,6,0.0,0.0,인천광역시 계양구 계산새로 106 은행마을강북아파트,GS차지비
PI751571,인천 테크피아,37.50368412,126.66399699,서구,15,0,15,0,0,15,0.0,0.0,인천광역시 서해구 거북로 17,GS차지비
PI752030,인천 연수 인천대학교,37.3780742,126.6325101,연수구,2,0,2,0,2,0,100.0,0.0,인천광역시 연수구 아카데미로 119,GS차지비
PI752035,검단금호어울림센트럴아파트,37.594727192,126.71369067,서구,26,0,26,0,0,26,0.0,0.0,"인천광역시 검단구 이음5로 65 지하1층주차장 - 15기, 지하2층주차장 - 11기",GS차지비
PI752061,불로동 신명스카이뷰아파트,37.619923268,126.6938706,서구,2,0,2,0,0,2,0.0,0.0,인천광역시 검단구 검단로 867 102동옆지상1층 관리사무소 앞30m,GS차지비
PI752081,파라다이스호텔,37.437412274,126.45555472,중구,6,0,6,0,6,0,100.0,0.0,인천광역시 영종구 영종해안남로321번길 186,GS차지비
PI752111,논현신일해피트리아파트,37.404159084,126.72155029,남동구,10,0,10,0,0,10,0.0,0.0,"인천광역시 남동구 은봉로 288 B1층 706동 3,4라인 반층밑 좌측10m A69~80기둥, B2층(704동 B38,41기둥,705동 D1기둥,707동 C5기둥)",GS차지비
PI752121,검단힐스테이트6차아파트,37.591852708,126.67117368,서구,9,0,9,0,0,9,0.0,0.0,"인천광역시 검단구 청마로51번안길 11 검단힐스테이트6차아파트 B2F 602동 1,2번 입구, 603동 8기둥, 605동 1,2번 입구",GS차지비
PI752313,그랜드프라자빌딩,37.4527798,126.7090762,남동구,2,0,2,0,0,2,0.0,0.0,인천 남동구 구월남로 174,GS차지비
PI752341,인천계양한국아파트B,37.531951889,126.73151848,계양구,3,0,3,0,0,3,0.0,0.0,인천광역시 계양구 봉오대로743번길 9 101동 지하2층 전기실 앞,GS차지비
PI752346,청라센트럴프라자,37.532047691,126.65025629,서구,8,0,8,0,0,8,0.0,0.0,인천광역시 서해구 중봉대로 588 (청라동) 지하3층 주차장 램프 좌측 8기 지하3층 주차장 램프 좌측 8기,GS차지비
PI752385,일신풍림아파트B,37.482139668,126.74459158,부평구,7,0,7,0,0,7,0.0,0.0,"인천광역시 부평구 일신로14번길 23 (일신동, 일신풍림아파트) 104동 B2층 바로 좌회전/좌회전_3M_벽면, B2층 106동 우측 중간부분 벽면(휀룸 옆), B2층 109동 휀룸 옆",GS차지비
PI752834,검암4차신명스카이뷰골드,37.566063787,126.68509895,서구,4,0,4,0,0,4,0.0,0.0,"인천광역시 서해구 검암로10번길 36 501동 지하1층 1,2라인 출입구 우측10M,502동 지하1층 1,2라인 출입구 우측10M",GS차지비
PI753022,진미선골프클럽,37.479868,126.750281,부평구,6,0,6,0,6,0,100.0,0.0,인천광역시 부평구 무네미로 487 변전실 옆 지상주차장,GS차지비
PI753084,부평금호타운,37.5065661,126.7107224,부평구,5,0,5,0,0,5,0.0,0.0,"인천광역시 부평구 안남로 272 (청천동, 부평1차 금호타운)",GS차지비
PI753679,삼산타운6단지,37.5086916,126.7376689,부평구,14,0,14,0,0,14,0.0,0.0,"인천광역시 부평구 체육관로 57 관리사무소앞지상주차장, 관리사무소앞맞은편지상주차장",GS차지비
PI754128,엠스퀘어골프클럽,37.39663,126.709794,남동구,4,0,4,0,4,0,100.0,0.0,인천광역시 남동구 논현고잔로135번길 30-13 지상1층 골프장 아래 주차장,GS차지비
PI760147,아트윈푸르지오오피스텔,37.393133786,126.63286662,연수구,6,0,6,0,0,6,0.0,0.0,인천광역시 연수구 인천타워대로 251 아트윈푸르지오오피스텔,GS차지비
PI760172,송도푸르지오월드마크8단지,37.3929792,126.6456889,연수구,8,0,8,0,0,8,0.0,0.0,인천광역시 연수구 컨벤시아대로 126 송도푸르지오월드마크8단지 관리단,GS차지비
PI760227,송도캐슬센트럴파크,37.3849626,126.6428001,연수구,13,0,13,0,13,0,100.0,0.0,"인천광역시 연수구 하모니로138번길 11 송도캐슬센트럴파크 102동 지하3층 33번기둥,102동 지하2층 45번기둥",GS차지비
PI760793,신동아5차아파트,37.444061127,126.67831087,미추홀구,5,0,5,0,0,5,0.0,0.0,인천광역시 미추홀구 학익소로61번길 135 신동아5차아파트 35동 지하1층 B03기둥 5대,GS차지비
PI761009,서창꿈에그린아파트,37.430960603,126.75626003,남동구,23,0,23,0,0,23,0.0,0.0,"인천광역시 남동구 운연천로 11 지하 1층 32번 기둥 주변 3대, 38번 주변 기둥 3대, 60번 기둥 주변 2대, 66번 기둥 주변 3대, 02번 기둥 주변 2대, 65번 기둥 주변 3대, 57번 기둥 주변",GS차지비
PI761142,연희우성아파트,37.5498867,126.6711151,서구,9,0,9,0,0,9,0.0,0.0,인천광역시 서해구 대평로56번길 32 연희우성아파트,GS차지비
PI761229,효성6차뉴서울아파트,37.5248987,126.7131152,계양구,4,0,4,0,0,4,0.0,0.0,"인천광역시 계양구 아나지로198번길 8 효성6차뉴서울아파트 지하1층 휀룸옆, 지하2층 휀룸옆",GS차지비
PI761624,구월지웰시티푸르지오,37.454196596,126.70652816,남동구,4,0,4,0,0,4,0.0,0.0,인천광역시 남동구 남동대로799번길 34 구월지웰시티푸르지오 102동 지하3층 3-4라인 4대,GS차지비
PI762233,대동아파트,37.4893028,126.7404023,부평구,9,0,9,0,0,9,0.0,0.0,"인천광역시 부평구 부일로113번길 11 대동아파트 105동 벽면-5기,105동 앞4기 총9기",GS차지비
PI762312,주안현대홈타운,37.4678958,126.6747225,미추홀구,9,0,9,0,0,9,0.0,0.0,인천광역시 미추홀구 석정로351번길 12 주안현대홈타운,GS차지비
PI762335,한별렉스힐하우스B,37.424459614,126.66059264,연수구,2,0,2,0,0,2,0.0,0.0,인천광역시 연수구 비류대로232번길 60 한별렉스힐하우스 101동 3/4라인 출입구 주변 지하 1층 2대,GS차지비
PI763100,송도웰카운티2단지아파트,37.379968276,126.65007258,연수구,14,0,14,0,0,14,0.0,0.0,"인천광역시 연수구 해송로 70 송도웰카운티2단지아파트 지하2층(203동 3~4라인, 204동 1~2라인 EV형광기둥, 214동 3~4라인 EV형광기둥, 207동 5~6라인 EV형광기둥)",GS차지비
PI763114,연수서해그랑블3단지,37.4059326,126.6677195,연수구,2,0,2,0,0,2,0.0,0.0,인천광역시 연수구 봉재산로 76 연수서해그랑블3단지 지하1층 A32번기둥 좌우,GS차지비
PI763127,서창퍼스트뷰아파트,37.421973665,126.74206216,남동구,10,0,10,0,0,10,0.0,0.0,"인천광역시 남동구 서창남순환로 190-15 B2층주차장 711동3,4라인 E33기둥, B2층주차장 719동3,4라인 E117기둥, B2층주차장 720동3,4라인 E84기둥",GS차지비
PI763146,이편한세상 영종국제도시 오션하임,37.49426601,126.56659619,중구,15,0,15,0,0,15,0.0,0.0,"인천광역시 영종구 두미포로 112 101동 집수정실 3기, 102동 지열교환실앞 6기(전원 지열교환실과 104동 집수정실에서 인출), 107동 집수정실 3기, 112동 집수정실 3기 ？ 총15기",GS차지비
PI763534,해담빌 오피스텔,37.498524943,126.67018526,서구,2,0,2,0,0,2,0.0,0.0,인천광역시 서해구 가정로151번길 14 해담빌 오피스텔,GS차지비
PI763797,송도컨벤시아,37.3881431,126.6455531,연수구,21,0,21,0,0,21,0.0,0.0,인천광역시 연수구 센트럴로 123 송도컨벤시아,GS차지비
PI763912,연수우성1차아파트B,37.409239896,126.68273507,연수구,6,0,6,0,0,6,0.0,0.0,"인천광역시 연수구 청능대로 175 연수우성1차아파트 103동 D주차장 지하1층 15번기둥, 112동 C주차장 지하1층 1번기둥, 지하1층주차장 117동 A주차장 2번기둥",GS차지비
PI763939,간석현대홈타운,37.45753839,126.69810184,남동구,19,0,19,0,0,19,0.0,0.0,인천광역시 남동구 구월로 65 간석현대홈타운,GS차지비
PI764128,보미골드리즌빌,37.593419887,126.67114153,서구,4,0,4,0,0,4,0.0,0.0,인천광역시 검단구 원당대로 628,GS차지비
PI764186,논현휴먼시아동산마을아파트,37.404987913,126.72800719,남동구,8,0,8,0,0,8,0.0,0.0,인천광역시 남동구 소래역로 119 논현휴먼시아동산마을아파트,GS차지비
PI764683,운서역반도유보라퍼스티지,37.48948944,126.49876248,중구,15,0,15,0,0,15,0.0,0.0,인천광역시 영종구 영종대로196번길 15-25 106동 지하2층 / 104동 지하2층 / 103동 지하3층 103동 지하2층,GS차지비
PI764767,간석래미안자이아파트,37.460144683,126.70896183,남동구,10,0,10,0,0,10,0.0,0.0,인천광역시 남동구 남동대로 860 간석래미안자이아파트,GS차지비
PI764845,구월힐스테이트롯데캐슬골드1단지아파트,37.4564825,126.7104382,남동구,7,0,7,0,0,7,0.0,0.0,"인천광역시 남동구 구월로 192 1116동 지하2층 2기, 1209동 2기, 1402동 3기",GS차지비
PI765096,서송병원,37.543152295,126.71365175,계양구,5,0,5,0,5,0,100.0,0.0,"인천광역시 계양구 경명대로972번길 9 지하1층-3기,지하2층-2기",GS차지비
PI766041,경서동가이아샹베르2차아파트,37.557367679,126.65112544,서구,9,0,9,0,0,9,0.0,0.0,"인천광역시 서해구 경서로31번길 47 (경서동, 가이아샹베르2차아파트) 208동 앞 지상1층 주차장",GS차지비
PI766386,승기마을아파트,37.4150145,126.687503,연수구,3,0,3,0,0,3,0.0,0.0,"인천광역시 연수구 원인재로 212 (연수동, 연수1차,승기마을) 108동 옆 지상 1층 주차장",GS차지비
PI766438,brc연구소,37.3703233,126.6463097,연수구,5,0,5,0,5,0,100.0,0.0,"인천광역시 연수구 송도미래로 9 1동 지하1층 B07번 기둥, 3동A 지하1층 09~11번 기둥",GS차지비
PI766582,연수1차우성아파트,37.410193157,126.68289766,연수구,18,0,18,0,0,18,0.0,0.0,"인천광역시 연수구 청능대로 175 113동 지하1층 01,02번기둥 9기, 104동 지하1층 23,24번기둥 9기",GS차지비
PI766736,이편한세상계양더프리미어,37.5283576,126.7130538,계양구,84,0,84,0,0,84,0.0,0.0,"인천광역시 계양구 효서로 145 (효성동, e편한세상 계양 더프리미어) B1-101동,103동~105동,107동,109동,110동~111동/B2-101동~주차램프,102동~105동,108동~109동,111동",GS차지비
PI766830,성강지식산업센터B,37.384567279,126.70427608,남동구,6,0,6,0,6,0,100.0,0.0,"인천광역시 남동구 아암대로 1223 (고잔동) 지상3층주차램프옆 Eps실 앞, 지상4층주차램프옆 Eps실 앞, 지상5층주차램프옆 Eps실 앞",GS차지비
PI766983,힐탑플러스,37.4603968,126.6779952,미추홀구,1,0,1,0,1,0,100.0,0.0,인천광역시 미추홀구 주안서로 18 지하1층 13-15기둥,GS차지비
PI767102,인천수산업협동조합,37.4172703,126.6847619,연수구,3,0,3,0,3,0,100.0,0.0,인천광역시 연수구 새말로 141 지상1층 건물 후문 우측 10M 3기,GS차지비
PI767183,쌍용더플래티넘부평,37.5060362,126.6975994,부평구,50,0,50,0,0,50,0.0,0.0,"인천광역시 부평구 원적로287번길 25 지하2층 66,65기둥,지하2층 72,73기둥,지하3층 65기둥,지하3층 66기둥,지하3층 72,71기둥,지하3층 73,72",GS차지비
PI767254,가천대학교,37.3842012,126.6523318,연수구,5,0,5,0,5,0,100.0,0.0,인천광역시 연수구 갯벌로 155 (송도동) 지상1층 B동 뒤 액화질소탱크,GS차지비
PI767434,송도웰카운티4단지,37.3816755,126.6456295,연수구,8,0,8,0,0,8,0.0,0.0,인천 연수구 해송로30번길 20,GS차지비
PI767477,서창2지구호반베르디움아파트,37.4235925,126.7471606,남동구,8,0,8,0,0,8,0.0,0.0,"인천광역시 남동구 서창남순환로 200 105동 지하1층 48기둥_주차장, 107동 지하1층 01기둥_주차장",GS차지비
PI767521,송도해모로아파트,37.3890326,126.6587442,연수구,21,0,21,0,0,21,0.0,0.0,"인천광역시 연수구 해돋이로6번길 33 송도해모로한진아파트 101동 B1 C24, 관리동 B1 B30, 112동 B1 A01, 113동 B1 A25, 104동 B1 D17, 106동 B1 C01, 110동 B1 A11",GS차지비
PI767736,주안지웰에스테이트,37.4585058,126.6851354,미추홀구,5,0,5,0,0,5,0.0,0.0,인천광역시 미추홀구 경인로 403 지하1층 102동 02번 기둥 5기,GS차지비
PI768248,연수동남아파트,37.4237156,126.6742832,연수구,3,0,3,0,0,3,0.0,0.0,인천광역시 연수구 새말로 21 105동 1.2라인 우측 20m 지상주차장,GS차지비
PI768695,엘림아트센터,37.5320494,126.6368815,서구,3,0,3,0,3,0,100.0,0.0,인천광역시 서해구 크리스탈로 78 지하3층 출입계단 주변,GS차지비
PI769955,송도베르디움더퍼스트,37.368938237,126.65414278,연수구,9,0,9,0,0,9,0.0,0.0,"인천광역시 연수구 송도문화로84번길 84 (송도동, 베르디움 더퍼스트) 107동 뒤 지하1층 30번 40번 136번 녹색 기둥",GS차지비
PI770201,성강지식산업센터,37.384602656,126.70415467,남동구,9,0,9,0,9,0,100.0,0.0,"인천광역시 남동구 아암대로 1223 B1F 주차램프 옆 EPS실 앞, 1F 주차램프 옆 EPS실 앞, 2F 주차램프 옆 EPS실 앞, 6F 주차램프 옆 EPS실 앞",GS차지비
PI770307,휴먼빌파크,37.3859898,126.6435592,연수구,4,0,4,0,4,0,100.0,0.0,인천광역시 연수구 인천타워대로132번길 30 (송도동) 지하2층 주차램프 앞,GS차지비
PI770345,인천글로벌캠퍼스,37.3752056,126.6687781,연수구,27,0,27,0,27,0,100.0,0.0,인천광역시 연수구 송도문화로 119 (송도동),GS차지비
PI770514,LF스퀘어연수점,37.4186618,126.6689811,연수구,8,2,6,0,8,0,100.0,25.0,인천광역시 연수구 청능대로23번길 11,GS차지비
PI770677,gnm스포렉스,37.462156287,126.69985325,남동구,3,0,3,0,3,0,100.0,0.0,인천광역시 남동구 경인로 548 건물 지상주차장 입출구 옆,GS차지비
PI770913,청라퍼스트타워,37.532599805,126.6458067,서구,3,0,3,0,3,0,100.0,0.0,인천광역시 서해구 청라커낼로260번길 7-11 B3 지하주차장 A7기둥 옆,GS차지비
PI772073,엘에이치(lh)미추홀퍼스트,37.457687239,126.64470093,미추홀구,11,0,11,0,10,1,90.91,0.0,"인천광역시 미추홀구 낙섬동로 135 지하1층 A06번 기둥, 지하2층 C06번 기둥, 지상1층 206동 1~3라인 좌측20m",GS차지비
PI772106,인천무유썬산야오피스텔,37.3989051,126.7236251,남동구,2,0,2,0,2,0,100.0,0.0,인천광역시 남동구 앵고개로847번길 80-1 지하1층 분리수거장 앞 3m,GS차지비
PI772190,부평4차경남아파트,37.50061885,126.70932084,부평구,7,0,7,0,7,0,100.0,0.0,"인천광역시 부평구 안남로206번길 18 제1주차장 지하1층 02번 기둥, 제2주차장 지하1층 02번 기둥, 제3주차장 지하1층 02번기둥",GS차지비
PI772344,부평4차경남아파트B,37.500255998,126.70924026,부평구,9,0,9,0,0,9,0.0,0.0,"인천광역시 부평구 안남로206번길 18 관리사무실앞 지상1층 화단, 405동앞 주차램프옆, 406동옆 야외주차장",GS차지비
PI772420,용현우성아파트,37.4502827,126.6414918,미추홀구,6,0,6,0,0,6,0.0,0.0,인천광역시 미추홀구 토금남로 79 지상1층 103동 뒤 6기,GS차지비
PI772551,동원베네스트타워오피스텔,37.4002437,126.7101882,남동구,10,0,10,0,10,0,100.0,0.0,인천 남동구 논현로46번길 39 B2 주차장 램프앞,GS차지비
PI772571,그랜드하우스,37.4645763,126.6816779,미추홀구,4,0,4,0,4,0,100.0,0.0,인천광역시 미추홀구 주안로 103-18 지하1층 엘리베이터 홀 앞,GS차지비
PI772683,갤럭시타워,37.4654858,126.7074946,남동구,2,0,2,0,2,0,100.0,0.0,인천광역시 남동구 남동대로 931 지하2층 주차장 비상구 출입구 좌측,GS차지비
PI772703,논현신일해피트리아파트B,37.404029316,126.72288352,남동구,22,0,22,0,0,22,0.0,0.0,"인천광역시 남동구 은봉로 288 703동 1층 앞 20M, 708동 1층 뒤 10M, 707동 1층 뒤 10M, 711동 1층 앞 10M, 712동 1층 뒤 5M",GS차지비
PI772802,서창동태평2차아파트,37.4345183,126.7520691,남동구,12,0,12,0,0,12,0.0,0.0,"인천 남동구 장아산로 181 206동 앞 지상주차장, 중앙분리수거장 지상주차장",GS차지비
PI772882,태평샹베르1차아파트,37.5600659,126.6532357,서구,24,0,24,0,0,24,0.0,0.0,"인천광역시 서해구 도요지로 15 101동, 106동, 107동 앞 지상주차장",GS차지비
PI772929,해송마을동남아파트,37.4007232,126.6674334,연수구,14,0,14,0,0,14,0.0,0.0,"인천광역시 연수구 먼우금로 19 103동 1-7라인 지상1층 3M-7기, 103동 8-14라인 뒤 지상1층 3M-7기",GS차지비
PI772973,보광네오센스아파트,37.5089804,126.6699448,서구,2,0,2,0,0,2,0.0,0.0,인천광역시 서해구 염곡로272번길 13 아파트관리사무소옆 지상주차장,GS차지비
PI772975,학익신동아5차아파트,37.4429866,126.6774259,미추홀구,13,0,13,0,0,13,0.0,0.0,"인천광역시 미추홀구 학익소로61번길 135 28동앞 지하주차장 램프옆, 아파트입구 경비실 옆 지상주차장, 28동앞 지상주차장 중앙화단",GS차지비
PI772989,부평나누리병원,37.4995158,126.7310027,부평구,2,0,2,0,2,0,100.0,0.0,인천광역시 부평구 장제로 156 지상1층 주차장,GS차지비
PI773075,신한데뷰오피스텔,37.4522823,126.704147,남동구,2,0,2,0,2,0,100.0,0.0,인천광역시 남동구 미래로 23 지하1층 출입구앞,GS차지비
PI773114,용현성원상떼빌,37.4539789,126.6449375,미추홀구,9,0,9,0,0,9,0.0,0.0,"인천광역시 미추홀구 낙섬동로 104 103동, 105동, 106동 앞 지상주차장",GS차지비
PI773123,아주아파트,37.5100339,126.7233845,부평구,6,0,6,0,0,6,0.0,0.0,"인천광역시 부평구 갈월서로 26 4동측 주차램프옆 화단측, 2동뒤  지상주차장 휀룸환기구옆, 1동 2동 사이 화단",GS차지비
PI773179,윤성아파트,37.4234486,126.6437866,연수구,2,0,2,0,0,2,0.0,0.0,인천광역시 연수구 능허대로103번길 28 지상1동 뒤 주차장,GS차지비
PI773187,엘에이치(lh)미추홀퍼스트B,37.4576169,126.6445148,미추홀구,5,0,5,0,0,5,0.0,0.0,인천광역시 미추홀구 낙섬동로 135 지상1층 206동 1~3라인 좌측20m,GS차지비
PI773237,파리상뜨,37.5051526,126.7217303,부평구,5,0,5,0,5,0,100.0,0.0,"인천광역시 부평구 부평대로 152 B1 램프 우측 15m 안쪽, B1 램프 맞은편 5번기둥",GS차지비
PI773252,검단우방아이유쉘아파트,37.6036974,126.6532865,서구,12,0,12,0,0,12,0.0,0.0,"인천광역시 검단구 완정로 208 108동, 105동, 104동, 103동, 101동 지하주차장",GS차지비
PI773304,진명스포아트,37.5271157,126.7219957,계양구,3,0,3,0,3,0,100.0,0.0,인천광역시 계양구 계양대로 37 지상1층 지상주차장 입구 맞은편 40m 앞,GS차지비
PI773512,학익2차하나아파트,37.4396549,126.6687228,미추홀구,3,0,3,0,0,3,0.0,0.0,"인천광역시 미추홀구 매소홀로418번길 5 지하주차장 입구 옆,관리실 앞",GS차지비
PI773535,부평한라비발디오피스텔,37.4979794,126.7235459,부평구,38,0,38,0,38,0,100.0,0.0,인천광역시 부평구 대정로 7 지하3층 주차장,GS차지비
PI773625,가좌현대3차아파트,37.4952728,126.681423,서구,5,0,5,0,0,5,0.0,0.0,인천광역시 서해구 원적로95번길 5 아파트 입구 301동 앞 지상주차장,GS차지비
PI773668,리베라베리움,37.4852417,126.5613435,중구,2,0,2,0,2,0,100.0,0.0,인천광역시 영종구 영종대로 881 지상1층 주차장 출입구 오른쪽,GS차지비
PI773712,신진아파트,37.5271343,126.7131137,계양구,2,0,2,0,0,2,0.0,0.0,인천광역시 계양구 효서로 150 5동옆 지상1층 2기,GS차지비
PI773772,가좌해담파크뷰,37.4880089,126.6795438,서구,3,0,3,0,3,0,100.0,0.0,인천광역시 서해구 원적로7번길 4 주차장 출입구 램프앞,GS차지비
PI773849,연수하나2차아파트,37.4132838,126.6700773,연수구,8,0,8,0,0,8,0.0,0.0,"인천광역시 연수구 앵고개로205번길 41 지상1층 관리사무소옆, 지상1층 정문좌측 놀이터 끝, 지상1층 205동옆 정자뒤",GS차지비
PI773870,대림3차아파트,37.4076594,126.6665506,연수구,10,0,10,0,0,10,0.0,0.0,인천광역시 연수구 먼우금로83번길 49 308동 앞 지상주차장,GS차지비
PI773952,청라서후센타시아,37.5339069,126.6513851,서구,13,0,13,0,13,0,100.0,0.0,인천광역시 서해구 중봉대로612번길 16 지하1층 주차장,GS차지비
PI775182,BMW차징스테이션 오션포레베네스트하우스,37.5249816,126.5069362,중구,31,0,31,0,0,31,0.0,0.0,인천광역시 영종구 자연대로 667 지상1층 주차장,GS차지비
PI775359,BMW차징스테이션 보미리즌텔,37.3995122,126.7248198,남동구,6,0,6,0,6,0,100.0,0.0,인천광역시 남동구 논고개로 93,GS차지비
PI775421,BMW차징스테이션 더웰노블레스,37.4646243,126.7108717,남동구,2,0,2,0,0,2,0.0,0.0,인천광역시 남동구 남동대로922번길 46 지하2층 주차장,GS차지비
PI780067,검암4차신명스카이뷰골드B,37.565982321,126.68495781,서구,3,0,3,0,3,0,100.0,0.0,"인천광역시 서해구 검암로10번길 36 (검암동, 검암4차신명스카이뷰골드) 501동3-4라인B1, 502동3-4라인B1, 505동1-2라인B1, 주차장",GS차지비
PI780081,대산아파트,37.5276709,126.7171476,계양구,1,0,1,0,0,1,0.0,0.0,"인천광역시 계양구 새벌로 120 (효성동, 대산아파트) 지하 2층 중앙 계단 주변",GS차지비
PI780175,인천용현한국아파트,37.446773991,126.63818097,미추홀구,5,0,5,0,0,5,0.0,0.0,"인천광역시 미추홀구 매소홀로 121 B1계단입구, 102동 전기실 입구 앞 지상, 301동 지하 3층 A20~21기둥 사이",GS차지비
PI780192,행복한마을서해그랑블아파트,37.511125,126.73875,부평구,5,1,4,0,0,5,0.0,20.0,"인천광역시 부평구 굴포로 158 (삼산동, 행복한마을서해그랑블) 2주차장B2기둥12앞",GS차지비
PI780279,송도웰카운티2단지아파트B,37.379407432,126.65084861,연수구,14,0,14,0,0,14,0.0,0.0,"인천광역시 연수구 해송로 70 (송도동, 송도웰카운티2단지) 지하2층(204동 1~2라인, 203동 3-4라인, 207동 5~6라인, 214동 1~2라인), 지하1층 213동 1~2라인",GS차지비
PI793049,불로동부아파트,37.6196487,126.6918314,서구,19,0,19,0,0,19,0.0,0.0,"인천광역시 검단구 검단로 851 104동 뒤 지상주차장, 107동 뒤 지상주차장",GS차지비
PI793196,아르테크주안,37.4763473,126.6861292,서구,2,0,2,0,2,0,100.0,0.0,인천광역시 서해구 백범로 611 1층주차장 안쪽 끝 기둥면,GS차지비
PI793532,인천대학교송도캠퍼스,37.3780742,126.6325101,연수구,10,0,10,0,10,0,100.0,0.0,"인천광역시 연수구 아카데미로 119 지하1층 53번 기둥, 지하1층 24번 기둥",GS차지비
PI793676,와이지타운,37.4661866,126.7126924,남동구,2,0,2,0,2,0,100.0,0.0,인천광역시 남동구 간석로50번길 8,GS차지비
PI794088,인천 연수구 힐스테이트레이크송도,37.4018417,126.6203524,연수구,1,0,1,0,0,1,0.0,0.0,인천광역시 연수구 아카데미로312번길 177 B2주차장 109동 출입구앞,GS차지비
PI794268,인천 계양구 작전동베네하임더원아파트,37.5272824,126.725635,계양구,8,0,8,0,0,8,0.0,0.0,인천광역시 계양구 계양대로34번길 27 관리실 옆 지상주차장,GS차지비
PI794560,송도더샵파크애비뉴아파트B,37.38536,126.636645,연수구,10,0,10,0,0,10,0.0,0.0,인천광역시 연수구 컨벤시아대로252번길 10 1604동 B1층 H04~H05기둥,GS차지비
PI794687,인천 연수구 송도웰카운티2단지아파트,37.3790241,126.6485446,연수구,28,0,28,0,0,28,0.0,0.0,"인천광역시 연수구 해송로 70 P1 201동 앞 지하주차장,P2 램프입구 지하주차장,P4 입구 지하주차장,P5 입구 지하주차장,P3-1 214동 1,2라인 옆 지하주차장,P3-2 217동 앞 지하주차장",GS차지비
PI794715,인천 중구 동원로얄듀크마리나포레아파트,37.4846391,126.554215,중구,17,0,17,0,0,17,0.0,0.0,"인천광역시 영종구 하늘중앙로 272 지하1층 712동 B02~03, 골프연습장 입구옆 B40~41, 716동 A36, 715동 B92~93 기둥",GS차지비
PI794844,송도테크노파크bt센터,37.381126,126.664087,연수구,4,0,4,0,4,0,100.0,0.0,인천광역시 연수구 송도과학로 56 지상주차장,GS차지비
PI794882,인천 부평구 부평삼산신원아침도시아파트,37.5203748,126.736473,부평구,6,0,6,0,0,6,0.0,0.0,인천광역시 부평구 후정로 33 관리사무소 앞 지상주차장,GS차지비
PI795083,인천 연수구 송도 코오롱더프라우 2단지,37.3991141,126.6512372,연수구,3,0,3,0,0,3,0.0,0.0,인천광역시 연수구 컨벤시아대로42번길 12 B1 제연휀룸실 앞 지하주차장,GS차지비
PI795266,인천 연수구 송도 코오롱더프라우 1단지,37.39862,126.6519425,연수구,4,0,4,0,0,4,0.0,0.0,인천광역시 연수구 컨벤시아대로42번길 8 B1F B03~B04기둥 지하주차장,GS차지비
PI795282,인천 부평구 산곡무지개아파트,37.501444,126.70393,부평구,2,0,2,0,0,2,0.0,0.0,인천광역시 부평구 마장로264번길 14 B1지하주차장 D8번 기둥 앞 주차면,GS차지비
PI795423,인천 연수구 송도더샵마스터뷰3단지,37.381294,126.63299,연수구,8,0,8,0,0,8,0.0,0.0,"인천광역시 연수구 컨벤시아대로274번길 15 B2 B25번 기둥, B2 08C 기둥",GS차지비
PI795487,인천 연수구 송도더프라우3단지,37.400366,126.6507696,연수구,6,0,6,0,0,6,0.0,0.0,인천광역시 연수구 컨벤시아대로42번길 20,GS차지비
PI795594,인천 미추홀구 스카이시티 아파트 101동,37.4606246,126.6560998,미추홀구,1,0,1,0,1,0,100.0,0.0,인천광역시 미추홀구 장천로112번길 52 주차장 출입구 주변,GS차지비
PI795710,송도오션파크베르디움아파트,37.414905,126.615925,연수구,24,0,24,0,0,24,0.0,0.0,인천광역시 연수구 랜드마크로 110,GS차지비
PI795982,인천 연수구 송도웰카운티4단지,37.381724,126.644531,연수구,3,0,3,0,0,3,0.0,0.0,"인천광역시 연수구 해송로30번길 20 B2층 Y16기둥 앞, B10기둥",GS차지비
PI795985,인천 연수구 송도더샵하버뷰14단지,37.3970001,126.645892,연수구,8,0,8,0,0,8,0.0,0.0,"인천광역시 연수구 아트센터대로97번길 76 지하2층주차장 E16, C01기둥 옆",GS차지비
PI796101,인천 남동구 논현신일해피트리아파트,37.404002,126.722807,남동구,6,0,6,0,0,6,0.0,0.0,인천광역시 남동구 은봉로 288 지상1층 주차장,GS차지비
PI796318,인천 연수구 송도더샵하버뷰2,37.3986214,126.6432227,연수구,10,0,10,0,0,10,0.0,0.0,인천광역시 연수구 아트센터대로97번길 56 1507동 지하2층 09기둥,GS차지비
PI796619,인천 연수구 베르디움더퍼스트,37.3697376,126.6540568,연수구,8,0,8,0,0,8,0.0,0.0,"인천광역시 연수구 송도문화로84번길 84 109동 1,2라인 앞 155기둥",GS차지비
PI800064,만도브로제,37.3632431,126.6485779,연수구,3,0,3,0,3,0,100.0,0.0,인천광역시 연수구 첨단대로60번길 75 지상1층 정문입구 우측 60m 3기,GS차지비
PI800076,만수뉴서울아파트,37.4406928,126.7353525,남동구,7,0,7,0,0,7,0.0,0.0,"인천광역시 남동구 담방로21번길 61 지하1층 2주차장, 관리사무실 뒤 지상주차장",GS차지비
PI800127,도두리마을대동아파트,37.5319713,126.742233,계양구,40,0,40,0,0,40,0.0,0.0,"인천광역시 계양구 도두리로 74 522동 후면 20M 지상주차장 9기, 524동 후면 20M 지상주차장 12기",GS차지비
PI800310,인천고려스포렉스,37.4534225,126.6037144,중구,3,0,3,0,3,0,100.0,0.0,인천광역시 제물포구 연안부두로43번길 18 고객전용주차장 지상2층주차장 왼쪽 끝,GS차지비
PI800322,숭의솔루나,37.4619998,126.6397397,미추홀구,14,0,14,0,14,0,100.0,0.0,"인천광역시 미추홀구 제물량로24번길 51 B3 102동측 기계식주차타워 앞, B3 102동 5-8라인입구옆  펌프실 측",GS차지비
PI800986,한진해모로아파트,37.5580439,126.7573423,계양구,10,0,10,0,0,10,0.0,0.0,"인천광역시 계양구 동양로 100 지상1층 아파트후문 오른쪽, 지상1층 303동 3-4라인 출입구 앞",GS차지비
PI801003,하나아파트3차,37.5257664,126.6846252,서구,5,0,5,0,0,5,0.0,0.0,인천광역시 서해구 봉오대로318번길 21 지상1층 102동 뒤 주차장,GS차지비
PI801008,하늘지움2차,37.4530124,126.7022232,남동구,1,0,1,0,1,0,100.0,0.0,인천광역시 남동구 구월남로 116 지상1층출입구앞,GS차지비
PI801009,영종비젼프라자2,37.4889731,126.560146,중구,2,0,2,0,2,0,100.0,0.0,인천광역시 영종구 자연대로 40 지하1층 램프앞,GS차지비
PI801070,선학대진아파트,37.4213255,126.6981047,연수구,6,0,6,0,0,6,0.0,0.0,인천광역시 연수구 선학로 37 지상1층 8동 14-15라인 출입구 앞,GS차지비
PI801080,정광아파트,37.422726682,126.70032172,연수구,6,0,6,0,0,6,0.0,0.0,"인천광역시 연수구 선학로 37 지상1층 13동 1-2라인 출입구 좌측, 지상1층 10동 1-2라인 출입구 앞",GS차지비
PI801221,작전뉴서울2차아파트,37.5345398,126.7334979,계양구,3,0,3,0,0,3,0.0,0.0,인천광역시 계양구 장제로743번길 14 정문우측 30m 지상1층,GS차지비
PI801241,원흥아파트,37.4254571,126.6449563,연수구,5,0,5,0,0,5,0.0,0.0,인천광역시 연수구 독배로 52 지상1층 103동 자전거보관소 우측 2m,GS차지비
PI801381,해피프라자,37.4228451,126.7506007,남동구,1,0,1,0,1,0,100.0,0.0,인천광역시 남동구 서창남로 35 지하1층 출입구 맞은편 우측 끝 3면 중 기둥 왼쪽,GS차지비
PI801755,신현동진아파트,37.5170713,126.6648775,서구,4,0,4,0,0,4,0.0,0.0,"인천광역시 서해구 새오개로77번길 5 라동 8,9라인 앞 지상주차장",GS차지비
PI801865,만수효성상아아파트,37.4570267,126.7229892,남동구,13,0,13,0,0,13,0.0,0.0,인천광역시 남동구 백범로227번길 76 6동뒤 지상주차장,GS차지비
PI801900,대지스타타워,37.4872993,126.55748,중구,4,0,4,0,4,0,100.0,0.0,인천광역시 영종구 하늘달빛로 94 지하1층 출입구 앞 5m,GS차지비
PI801924,청호아파트,37.4271429,126.7140348,남동구,2,0,2,0,0,2,0.0,0.0,인천광역시 남동구 남촌로93번길 44 정문입구 옥외주차장,GS차지비
PI802069,부평우림라이온스밸리,37.5176355,126.7201096,부평구,26,0,26,0,26,0,100.0,0.0,인천광역시 부평구 부평대로 283 차단기 입구 옆 지상주차장,GS차지비
PI802129,연수대동아파트,37.4144199,126.6830188,연수구,7,0,7,0,0,7,0.0,0.0,인천광역시 연수구 벚꽃로 172 106동 앞 지상주차장,GS차지비
PI802142,비취맨션3단지아파트,37.4517674,126.6049777,중구,9,0,9,0,0,9,0.0,0.0,"인천광역시 제물포구 축항대로86번길 47 정문 앞 지상주차장, 13동 앞 지상주차장",GS차지비
PI802844,CJ대한통운인천공항특송센터,37.486357,126.474119,중구,3,0,3,0,3,0,100.0,0.0,인천광역시 영종구 자유무역로 277 본관 건물 뒤 지상주차장,GS차지비
PI802857,신세계아파트,37.4574316,126.7211811,남동구,10,0,10,0,0,10,0.0,0.0,인천광역시 남동구 호구포로 858 4동측면 지상주차장,GS차지비
PI802870,구월센트럴시티그랑베르,37.4566462,126.7208194,남동구,3,0,3,0,0,3,0.0,0.0,인천광역시 남동구 구월로265번길 12-11 관리실 앞 지상주차장,GS차지비
PI802899,우남푸르미아,37.5310794,126.7237104,계양구,3,0,3,0,0,3,0.0,0.0,인천광역시 계양구 봉오대로 671 지상1층 분리수거장옆,GS차지비
PI802933,송림삼익아파트,37.474012391,126.64141689,동구,4,0,4,0,0,4,0.0,0.0,인천광역시 제물포구 송림로 50 단지 후문입구 앞 지상1층,GS차지비
PI803254,어반스카이,37.526483,126.7391576,계양구,3,0,3,0,3,0,100.0,0.0,인천광역시 계양구 까치말로6번길 28 B2 3동입구 앞,GS차지비
PI803308,솔빛마을주공2차단지아파트,37.4811075,126.6365969,동구,6,0,6,0,0,6,0.0,0.0,"인천광역시 제물포구 화수로 8-10 램프앞 지상4동, 지상6동",GS차지비
PI803356,시티오씨엘1단지,37.4419514,126.6432654,미추홀구,78,0,78,0,0,78,0.0,0.0,"인천광역시 미추홀구 학익로 116 B1F 101동측 S03,102동측 V07,104동측 Y19,105동측 M21,106동측 H08,107동측 G03~07,101동우측J02",GS차지비
PI805034,인천 서구 금호헤리티지7빌딩,37.5940023,126.7167439,서구,5,0,5,0,5,0,100.0,0.0,인천광역시 검단구 원당대로 1045,GS차지비
PI805138,인천 연수구 이상근충전소,37.42362,126.69403,연수구,1,0,1,0,1,0,100.0,0.0,인천광역시 연수구 학나래로5번길 46,GS차지비
PI805189,인천 미추홀구 학익신동아아파트(1차2차),37.44055,126.67235,미추홀구,7,0,7,0,0,7,0.0,0.0,인천광역시 미추홀구 소성로 211,GS차지비
PI807108,인천 남동구 구월테크노밸리A동,37.4402283,126.7096475,남동구,1,0,1,0,1,0,100.0,0.0,인천광역시 남동구 선수촌공원로17번길 1 지하1층 주차장,GS차지비
PI808300,인천 서구 루원e편한세상하늘채아파트,37.5216812,126.6727509,서구,35,0,35,0,0,35,0.0,0.0,인천광역시 서해구 가정로 387 지상1층 주차장,GS차지비
PI809007,BMW차징스테이션 연수영남스포렉스,37.4194985,126.68211,연수구,3,0,3,0,0,3,0.0,0.0,인천광역시 연수구 새말로 111 지상1층 주차장,GS차지비
PI809060,BMW차징스테이션 송도더샵퍼스트파크13단지,37.3884573,126.6319996,연수구,5,0,5,0,0,5,0.0,0.0,인천광역시 연수구 컨벤시아대로252번길 70 지하1층 주차장,GS차지비
PI809110,BMW차징스테이션 계양한샘프라자,37.5310011,126.7342667,계양구,2,0,2,0,2,0,100.0,0.0,인천광역시 계양구 장제로 708 지하1층 주차장,GS차지비
PI809432,인천 남동구 논현주공13단지아파트,37.4073601,126.7356668,남동구,16,0,16,0,0,16,0.0,0.0,인천광역시 남동구 포구로 98 지상1층 주차장,GS차지비
PIA00088,인천 연수구 연수1차 대림아파트,37.4194471,126.694224,연수구,3,0,3,0,0,3,0.0,0.0,인천광역시 연수구 원인재로 300 지상1층 주차장,GS차지비
PIA00090,인천 연수구 송도풍림아이원6단지아파트,37.3907035,126.6533645,연수구,6,0,6,0,0,6,0.0,0.0,인천광역시 연수구 해돋이로84번길 10 지하1층 주차장,GS차지비
PIA00145,인천 서구 청라 디 이스트,37.5266384,126.6229093,서구,20,0,20,0,0,20,0.0,0.0,인천광역시 서해구 비즈니스로28번길 13 지하1층 주차장,GS차지비
PIA00149,인천 서구 루원제일풍경채아파트,37.5310761,126.6673342,서구,17,0,17,0,0,17,0.0,0.0,인천광역시 서해구 봉오재3로 11 지하1층 주차장,GS차지비
PIA00151,인천 미추홀구 이편한세상시티 인하대역,37.447629,126.6470946,미추홀구,18,0,18,0,0,18,0.0,0.0,인천광역시 미추홀구 용정공원로83번길 43 지하2층 주차장,GS차지비
PIA00261,인천 서구 인천신용보증재단,37.5271461,126.6749449,서구,4,2,2,0,4,0,100.0,50.0,인천광역시 서해구 봉오재3로 140 지상1층 주차장,GS차지비
PIA00334,인천 미추홀구 용현엑슬루타워,37.4566605,126.6380152,미추홀구,16,0,16,0,9,7,56.25,0.0,인천광역시 미추홀구 아암대로29번길 16 지하3층 주차장,GS차지비
PIH00052,삼산주공미래타운아파트,37.522735,126.7418651,부평구,13,0,13,0,3,10,23.08,0.0,인천광역시 부평구 부평북로 431 106동 지하2층주차장,GS차지비
PIH00127,현대3차아파트,37.426494856,126.64415075,연수구,4,0,4,0,4,0,100.0,0.0,인천광역시 연수구 능허대로79번길 65,GS차지비
PIH00196,불로동한일타운아파트,37.619486,126.6900666,서구,4,0,4,0,0,4,0.0,0.0,인천광역시 검단구 검단로 841 102동 지상 7Kw 2기 / B1층 3Kw 2기,GS차지비
PIH00219,하이베라스오피스텔,37.538562,126.73605,계양구,16,0,16,0,16,0,100.0,0.0,"인천광역시 계양구 계산새로 71 B4층 2번기둥 3Kw(1기), 5번기둥 3Kw(1기) /B4층 B-4기둥 7Kw(14기)",GS차지비
PIH00220,웨스턴그레이스호텔,37.4901845,126.5815054,중구,4,0,4,0,4,0,100.0,0.0,"인천광역시 영종구 은하수로29번길 36 지하1층 3Kw 2기(A10, A11기둥), 지하2층 3kw 2기( B10, B11기둥)",GS차지비
PIH00250,청라봄오피스텔,37.533342,126.645601,서구,4,0,4,0,4,0,100.0,0.0,인천광역시 서해구 청라커낼로288번길 8-10 B4층 전기실앞 7Kw 4기,GS차지비
PIH00275,리치아노골드오피스텔,37.4937056,126.4984975,중구,6,0,6,0,6,0,100.0,0.0,"인천광역시 영종구 영종대로 173 B4층 5번기둥, B5층 5번기둥",GS차지비
PIH00283,태화아파트,37.463604,126.7209484,남동구,4,0,4,0,0,4,0.0,0.0,인천광역시 남동구 호구포로900번길 5 101동 지하2층 3Kw 4기,GS차지비
PIH00285,월드메르디앙아파트,37.5116023,126.6687306,서구,6,0,6,0,0,6,0.0,0.0,인천광역시 서해구 신석로 71 지하4층주차장,GS차지비
PIH00286,구월힐스테이트3단지아파트,37.4568952,126.711927,남동구,17,0,17,0,0,17,0.0,0.0,"인천광역시 남동구 용천로87번길 23 B1 나-3기둥, B1 나-5~나7기둥",GS차지비
PIH00292,신일유스테이션오피스텔,37.5037814,126.7220001,부평구,6,0,6,0,6,0,100.0,0.0,"인천광역시 부평구 부평대로 138 지하6층 5번기둥 뒤 7Kw 3기, 지하6층 6번기둥 뒤 7kw 3기",GS차지비
PIH00296,루원시티프라디움아파트,37.5274786,126.6643492,서구,20,0,20,0,0,20,0.0,0.0,"인천광역시 서해구 봉오재3로 66 109동 B2층 O57번기둥 7Kw 5기, 116동 B2층 O10번,11번기둥 7Kw 5기",GS차지비
PIH00297,청라한양수자인레이크블루아파트,37.5384422,126.6310394,서구,99,0,99,0,0,99,0.0,0.0,"인천광역시 서해구 청라한내로 132 B1층3기(644동)/4기(643,653동)/5기(654동)/8기(646,650,652동)/9기(651동)/10기(641,645,648,649동)/13기(647동)/18기(642동",GS차지비
PIH00298,청라한양수자인레이크블루아파트,37.537579751,126.62952557,서구,21,0,21,0,0,21,0.0,0.0,인천광역시 서해구 청라한내로 132 지하 1층 주차장,GS차지비
PIH00325,월드아파트,37.6184253,126.6930745,서구,6,0,6,0,0,6,0.0,0.0,인천광역시 검단구 검단로 836 112동 지하1층주차장 7Kw 6기,GS차지비
PIH00345,청울림아파트,37.4536292,126.669208,미추홀구,2,0,2,0,2,0,100.0,0.0,"인천광역시 미추홀구 한나루로 528 B1층 3~4라인 3Kw 1기, B2층 3~4라인 3Kw 1기",GS차지비
PIH00356,청라호수공원프라자,37.533865,126.6369274,서구,3,0,3,0,3,0,100.0,0.0,인천광역시 서해구 크리스탈로 100 B3층 7kw 3기,GS차지비
PIH00357,예뜰채아파트,37.5143808,126.6756549,서구,2,0,2,0,0,2,0.0,0.0,인천광역시 서해구 가정로336번길 24 지하1층 주차장안쪽,GS차지비
PIH00398,용종마을신대진아파트,37.5428238,126.7409853,계양구,12,0,12,0,0,12,0.0,0.0,"인천광역시 계양구 용종로 97 204동 B1층 7Kw 3기, 208동 B1층 7Kw 9기",GS차지비
PIH00406,케이앤피상상빌리지,37.5073734,126.6707712,서구,4,0,4,0,4,0,100.0,0.0,인천광역시 서해구 칠천왕로7번길 8 상가동 B3층 전기실 앞 7Kw 4기,GS차지비
PIH00407,창보아파트,37.4994663,126.7171715,부평구,4,0,4,0,0,4,0.0,0.0,인천광역시 부평구 부영로166번길 16 101동 B2,GS차지비
PIH00410,청라한일베라체아파트,37.5306193,126.6421074,서구,8,0,8,0,0,8,0.0,0.0,"인천광역시 서해구 청라루비로 68 461동 B1층 77번기둥 7Kw 3기,  461동 B1층 79번기둥 7Kw 5기",GS차지비
PIH00413,청라하우스토리커낼뷰아파트,37.5344044,126.6420231,서구,4,0,4,0,0,4,0.0,0.0,인천광역시 서해구 청라루비로 106 B1층 76번기둥 7Kw 4기,GS차지비
PIH00414,영무예다움아파트,37.5501938,126.7430964,계양구,2,0,2,0,0,2,0.0,0.0,인천광역시 계양구 장제로946번길 1 지하1층 주차장,GS차지비
PIH00415,산곡우성5차아파트,37.5002729,126.7045373,부평구,5,0,5,0,0,5,0.0,0.0,"인천광역시 부평구 부흥로111번길 36 501동 지하1층 7kw 2기, 502동 지하1층 7kw 3기",GS차지비
PIH00416,영풍아파트,37.4827508,126.6279781,동구,3,0,3,0,0,3,0.0,0.0,인천광역시 제물포구 화도진로 132 지하1층 주차장,GS차지비
PIH00430,태진비반트오피스텔,37.5041866,126.7210777,부평구,1,0,1,0,1,0,100.0,0.0,인천광역시 부평구 부평대로 143 B3층 지하 주차장 안쪽 7kw 1기,GS차지비
PIH00442,태화에스프리오피스텔,37.4642221,126.7096577,남동구,2,0,2,0,2,0,100.0,0.0,인천광역시 남동구 남동대로916번길 23 B1층 7Kw 2기,GS차지비
PIH00458,나산아파트,37.4652324,126.6675197,미추홀구,4,0,4,0,0,4,0.0,0.0,인천광역시 미추홀구 경인로 221 지하 3층 우측 맨끝 7kw 4기,GS차지비
PIH00485,삼성홈큐브,37.491959208,126.49506952,중구,4,0,4,0,4,0,100.0,0.0,인천광역시 영종구 영종대로162번길 26,GS차지비
PIH00491,구월파티마오피스텔,37.4528148,126.7057167,남동구,2,0,2,0,2,0,100.0,0.0,인천광역시 남동구 구월남로 146,GS차지비
PIH00500,본시티오피스텔,37.484962592,126.7189076,부평구,2,0,2,0,2,0,100.0,0.0,인천광역시 부평구 동수로 4,GS차지비
PIH00506,마루힐프라자,37.5338936,126.6502669,서구,3,0,3,0,3,0,100.0,0.0,"인천광역시 서해구 중봉대로 610 3kw: B1층 1기, B2층 1기, B3층 1기",GS차지비
PIH00536,한화아파트,37.5349259,126.7264611,계양구,3,0,3,0,0,3,0.0,0.0,인천광역시 계양구 계산로126번길 27 101동 지하1층주차장 7KW 3기,GS차지비
PIH00537,계양한양수자인아파트,37.5551015,126.7458677,계양구,5,0,5,0,0,5,0.0,0.0,인천광역시 계양구 장제로 1004 지상주차장 전기차충전소,GS차지비
PIH00538,리베라움더레이크오피스텔,37.5333627,126.6312215,서구,5,0,5,0,5,0,100.0,0.0,인천광역시 서해구 청라대로 127 B5층 11번기둥 7Kw 5기,GS차지비
PIH00539,리베라움더레이크플러스오피스텔,37.5338558,126.631235,서구,3,0,3,0,3,0,100.0,0.0,인천광역시 서해구 청라대로 131 B6층 06번기둥 7Kw 3기,GS차지비
PIH00540,더플러스타워,37.4635236,126.6848056,미추홀구,3,0,3,0,3,0,100.0,0.0,인천광역시 미추홀구 주안로 136 B1층 주차장입구 좌측 7Kw 3기,GS차지비
PIH00561,쓰리엠타워,37.5320947,126.6509349,서구,3,0,3,0,3,0,100.0,0.0,인천광역시 서해구 중봉대로586번길 9-4 B3층 7번기둥,GS차지비
PIH00637,청라반도유보라2차아파트,37.5245044,126.6239427,서구,27,0,27,0,0,27,0.0,0.0,"인천광역시 서해구 비즈니스로 10 536동 B2층 7Kw 22기 A47기둥 6기,  A48기둥 3기, B34기둥 3기, B32기둥 1기,  B30기둥 6기,  A53기둥 3기",GS차지비
PIH00667,한양1차아파트,37.4081355,126.6811128,연수구,19,0,19,0,0,19,0.0,0.0,"인천광역시 연수구 원인재로 124 101동 B1층 7Kw 3기, 104동 지상 7Kw 5기, 111동 지상 7Kw 5기 /",GS차지비
PIH00702,신한아파트,37.531790951,126.70935853,계양구,7,0,7,0,0,7,0.0,0.0,인천광역시 계양구 봉오대로555번길 5,GS차지비
PIH00784,욱일아파트,37.5003702,126.718248,부평구,11,0,11,0,2,9,18.18,0.0,"인천광역시 부평구 부흥로243번길 39 관리사무소 뒤 지상주차구역 (3기), 2동 지하1층 A11,12기둥 (4기),           2  동 지하1층 B13,14기둥 (4기)",GS차지비
PIH00798,청아아파트,37.5507425,126.6721073,서구,2,0,2,0,0,2,0.0,0.0,"인천광역시 서해구 연희로42번길 15 3,4라인 B1층 주차장 7Kw 2기",GS차지비
PIH00814,검단2차풍림아이원아파트,37.5970646,126.6705316,서구,2,0,2,0,2,0,100.0,0.0,"인천광역시 검단구 완정로64번길 23 201동 B1층 7Kw 2기(기둥번호 :04,06)",GS차지비
PIH00903,마르씨엘,37.533385119,126.65162435,서구,1,0,1,0,0,1,0.0,0.0,인천광역시 서해구 중봉대로612번길 10-16,GS차지비
PIH00963,청라에스케이뷰아파트,37.5261276,126.6298992,서구,32,0,32,0,0,32,0.0,0.0,"인천광역시 서해구 솔빛로 93 501동 지하2층 J28기둥 (3대), 502동 지하2층 K29기둥 (4대), 503동 지하2층 V22기둥 (3대),  504동 지하2층 T15기둥 (3대), 505동 지하2층 R",GS차지비
PIH01003,이편한세상송도,37.4134476,126.6177017,연수구,80,0,80,0,80,0,100.0,0.0,"인천광역시 연수구 랜드마크로 113 101, 102, 103, 104, 105, 106, 107, 109, 110, 111, 112, 113, 114동 지하 1층 109동 지하2층 휀룸",GS차지비
PIH01058,인천 용종동 초정마을하나아파트,37.540212259,126.74286327,계양구,8,0,8,0,0,8,0.0,0.0,"인천광역시 계양구 계양문화로 168 313동 지하 지하1층 A1-23-3, 314동 지상 지하주차장입구오른쪽, 314동 지상 지하주차장계단왼편",GS차지비
PIH01099,유호아파트,37.5276641,126.729244,계양구,5,0,5,0,0,5,0.0,0.0,인천광역시 계양구 주부토로363번길 4 1층 관리소 옆 7Kw 5기,GS차지비
PIH01110,주안더월드스테이트아파트,37.4623604,126.6944531,미추홀구,58,0,58,0,0,58,0.0,0.0,"인천광역시 미추홀구 경원대로 884 지하1층 관리실 앞 H2 주차장 1~4번기둥 (7kw 7기) 지하2층 112동 14~19기둥 (7kw 7기), 지하2층 205동 18번기둥 (7kw 1기),  지하2층 205동 3",GS차지비
PIH01144,삼성아파트,37.4651529,126.6299661,중구,7,0,7,0,0,7,0.0,0.0,"인천광역시 제물포구 인중로 111 103동 지하 3층 1-1, 1-2, 1-3기둥",GS차지비
PIH01179,이편한세상송도,37.409993755,126.61845846,연수구,65,0,65,0,65,0,100.0,0.0,인천광역시 연수구 랜드마크로 113 지하1층 / 지하2층 주차장,GS차지비
PIH01191,하나아파트,37.5427146,126.7306603,계양구,5,0,5,0,0,5,0.0,0.0,인천광역시 계양구 경명대로1114번길 6 13동 지상주차장 7kw 5기,GS차지비
PIH01247,인하대역헤리움메트로타워오피스텔,37.447567745,126.6485908,미추홀구,30,0,30,0,0,30,0.0,0.0,인천광역시 미추홀구 용정공원로83번길 49,GS차지비
PIH01253,스카이시티3차아파트,37.461347762,126.65581251,미추홀구,3,0,3,0,0,3,0.0,0.0,인천광역시 미추홀구 장천로112번길 34,GS차지비
PIH01310,호세요양원,37.674166,126.4779475,강화군,2,0,2,0,1,1,50.0,0.0,인천광역시 강화군 불은면 고려왕릉로 375 D동 1층 주차장입구,GS차지비
PIH01343,정광아파트,37.5159056,126.7248684,부평구,2,0,2,0,0,2,0.0,0.0,인천광역시 부평구 평천로306번길 27 1층 지상 주차장 관리실 전주 (8823Q382) 옆,GS차지비
PIH01348,센트럴시티오피스텔,37.4898481,126.4995641,중구,3,0,3,0,3,0,100.0,0.0,인천광역시 영종구 영종대로196번길 15-30 지하3층 주차장입구,GS차지비
PIH01349,주안리가스퀘어오피스텔,37.463477279,126.68251949,미추홀구,3,0,3,0,0,3,0.0,0.0,인천광역시 미추홀구 주안로 116,GS차지비
PIH01350,에이치비엘림캐슬오피스텔,37.496310022,126.72798946,부평구,2,0,2,0,0,2,0.0,0.0,인천광역시 부평구 시장로 65,GS차지비
PIH01356,엔시티타워,37.526396168,126.67201181,서구,2,0,2,0,0,2,0.0,0.0,인천광역시 서해구 염곡로464번길 23,GS차지비
PIH01366,두산주상복합아파트,37.4614039,126.6966793,미추홀구,2,0,2,0,2,0,100.0,0.0,인천광역시 미추홀구 석산로 42 1동 지하3층 LB3-A 분전함 옆,GS차지비
PIH01370,엔시티타워2차,37.527150546,126.671289,서구,2,0,2,0,0,2,0.0,0.0,인천광역시 서해구 봉오재3로 104,GS차지비
PIH01381,이지캐슬오피스텔,37.486383,126.71319784,부평구,2,0,2,0,0,2,0.0,0.0,인천광역시 부평구 동수북로50번길 7,GS차지비
PIH01394,비에스종합병원,37.7359378,126.4856108,강화군,4,0,4,0,4,0,100.0,0.0,인천광역시 강화군 강화읍 충렬사로 31 비에스종합병원 야외주차장,GS차지비
PIH01398,메이폴오피스텔,37.4906691,126.4949953,중구,2,0,2,0,2,0,100.0,0.0,인천광역시 영종구 영종대로162번길 37 지하2층 02번기둥,GS차지비
PIH01399,센트럴타워오피스텔,37.4903795,126.499929,중구,4,0,4,0,4,0,100.0,0.0,인천광역시 영종구 영종대로196번길 15-10 지하3층 10번기둥,GS차지비
PIH01401,이편한세상도화5단지아파트,37.47309227,126.66318211,미추홀구,22,0,22,0,0,22,0.0,0.0,"인천광역시 미추홀구 숙골로112번길 11 502동(B2F B4,B5,B6,B73)기둥, 503동(B2F B25,B26)기둥, 504동(B2F B31,B32)기둥, 508동(B2F D33,C22)기둥",GS차지비
PIH01420,루원시티디오스텔오피스텔,37.5267139,126.6728734,서구,9,0,9,0,9,0,100.0,0.0,"인천광역시 서해구 봉오재3로 124 지하5층 앞쪽벽면 우측기둥 4기, 지하5층 중앙/좌측기둥 5기",GS차지비
PIH01421,부평룩소르주상복합아파트,37.4907172,126.7187925,부평구,3,0,3,0,0,3,0.0,0.0,인천광역시 부평구 경원대로 1350 지하2층 04기둥,GS차지비
PIH01422,디에스더웰가오피스텔,37.452353,126.7031231,남동구,2,0,2,0,1,1,50.0,0.0,인천광역시 남동구 예술로204번길 27 지하1층 휀룸앞,GS차지비
PIH01431,유하임오피스텔,37.4862866,126.7148516,부평구,3,0,3,0,3,0,100.0,0.0,인천광역시 부평구 안남로 25 지하2층 5번기둥,GS차지비
PIH01468,작전2차동보아파트,37.5260511,126.7313164,계양구,11,0,11,0,0,11,0.0,0.0,인천광역시 계양구 장제로663번길 13 105동 뒤 지상 (2기),GS차지비
PIH01475,오히펜션,37.275546,126.4862024,옹진군,1,0,1,0,1,0,100.0,0.0,인천광역시 옹진군 영흥면 영흥북로 321-54 건물 현관옆 벽면 (지상주차장),GS차지비
PIH01501,운서역더타임오피스텔,37.490056256,126.49912301,중구,5,0,5,0,0,5,0.0,0.0,인천광역시 영종구 영종대로196번길 25,GS차지비
PIH01550,검단신도시푸르지오더베뉴아파트,37.5975363,126.7113074,서구,32,0,32,0,1,31,3.12,0.0,"인천광역시 검단구 이음6로 33 3209동지하2층1,2라인,3205동 지하2층,3204동지하2층,3203동지하2층,3203동지하  1층,3204동지하1층,3205동지하1층,3215동지하1층",GS차지비
PIH01558,미라쥬타워,37.507137664,126.73589783,부평구,3,0,3,0,0,3,0.0,0.0,인천광역시 부평구 길주로 659,GS차지비
PIH01602,남동소방서,37.4488806,126.7168919,남동구,2,0,2,0,0,2,0.0,0.0,인천광역시 남동구 인주대로 714,GS차지비
PIH01603,계양소방서,37.5370543,126.734918,계양구,2,0,2,0,0,2,0.0,0.0,인천광역시 계양구 장제로 774,GS차지비
PIH01612,스타타워,37.5079739,126.6456929,서구,2,0,2,0,2,0,100.0,0.0,인천광역시 서해구 북항로32번안길 9-7 b1상 계단실 맞은편,GS차지비
PIH01613,대상타워3차,37.5083142,126.646253,서구,4,0,4,0,4,0,100.0,0.0,인천광역시 서해구 북항로32번안길 9-10 지하2층,GS차지비
PIH01614,대상타워1차,37.5075981,126.6462475,서구,4,0,4,0,4,0,100.0,0.0,"인천광역시 서해구 북항로32번안길 11 지하1층, 지하2층",GS차지비
PIH01615,시그마프라임빌딩,37.5070631,126.645325,서구,2,0,2,0,2,0,100.0,0.0,인천광역시 서해구 북항로 30 지하1층 관리실주변,GS차지비
PIH01636,더블유빌딩,37.5325836,126.6387885,서구,2,0,2,0,2,0,100.0,0.0,인천광역시 서해구 크리스탈로74번길 7-21 지하2층 전기실앞,GS차지비
PIH01639,대상타워2차,37.5079755,126.646246,서구,4,0,4,0,4,0,100.0,0.0,"인천광역시 서해구 북항로32번안길 9-6 지하1층, 지하2층",GS차지비
PIH01645,미주아파트,37.4964115,126.7298423,부평구,2,0,2,0,0,2,0.0,0.0,인천광역시 부평구 부평문화로115번길 52 지하2층 전기실옆,GS차지비
PIH01654,미추홀프라자,37.4702298,126.6618066,미추홀구,4,0,4,0,4,0,100.0,0.0,"인천광역시 미추홀구 숙골로95번길 9 지상 3층, 4층",GS차지비
PIH01667,송도해모로월드뷰아파트,37.384563,126.6644501,연수구,16,0,16,0,0,16,0.0,0.0,인천광역시 연수구 송도과학로27번길 30 지하1층,GS차지비
PIH01668,송도캐슬앤해모로아파트,37.3850167,126.6768096,연수구,29,0,29,0,0,29,0.0,0.0,"인천광역시 연수구 송도과학로51번길 136 B1층 201동 86기둥 ,203동 23기둥,205동 10기둥/75기둥, 211동 10기둥,212동 73~74기둥,212동 74~75기둥",GS차지비
PIH01701,대홍프라자,37.39498399,126.64708939,연수구,2,0,2,0,0,2,0.0,0.0,인천광역시 연수구 해돋이로152번길 9,GS차지비
PIH01702,루비타워,37.5334145,126.6401051,서구,2,0,2,0,2,0,100.0,0.0,인천광역시 서해구 청라루비로 93 지하 3층,GS차지비
PIH01706,스카이시티1차아파트,37.4606246,126.6560998,미추홀구,3,0,3,0,0,3,0.0,0.0,인천광역시 미추홀구 장천로112번길 52 본관 지하1층,GS차지비
PIH01715,청라크리스탈뷰2오피스텔,37.5320567,126.6385315,서구,5,0,5,0,5,0,100.0,0.0,인천광역시 서해구 크리스탈로74번길 17 지하4층,GS차지비
PIH01718,검암신명스카이뷰3차아파트,37.5635203,126.6725065,서구,6,0,6,0,0,6,0.0,0.0,인천광역시 서해구 승학로471번길 7 304동 지하주차장,GS차지비
PIH01722,서보타운오피스텔,37.5149323,126.7054129,부평구,3,0,3,0,3,0,100.0,0.0,인천광역시 부평구 세월천로40번길 40 1동 6~10라인 앞,GS차지비
PIH01723,월드타워,37.4235218,126.7485716,남동구,2,0,2,0,2,0,100.0,0.0,인천광역시 남동구 서창남순환로216번길 12 지하2층,GS차지비
PIH01724,마전양우내안애퍼스트힐아파트,37.6115504,126.6699808,서구,31,0,31,0,0,31,0.0,0.0,"인천광역시 검단구 검단로609번길 23 B2 정문램프앞 103동측 37기둥, 105동측 17번기둥 B1, 107동측후문램프앞 B1",GS차지비
PIH01730,신명스카이홈오피스텔,37.4988462,126.7296481,부평구,5,0,5,0,5,0,100.0,0.0,인천광역시 부평구 장제로 145 지하1층 출입로,GS차지비
PIH01750,삼우아파트,37.534542126,126.73189614,계양구,2,0,2,0,0,2,0.0,0.0,인천광역시 계양구 주부토로472번길 33,GS차지비
PIH01773,부성파인아파트,37.4619651,126.6797888,미추홀구,2,0,2,0,0,2,0.0,0.0,인천광역시 미추홀구 미추홀대로719번길 4 101동 지하1층 휀룸앞,GS차지비
PIH01785,인천 청라동 청라스파렉스,37.5320815,126.646366,서구,12,0,12,0,12,0,100.0,0.0,"인천광역시 서해구 청라커낼로260번길 15 지상 5, 6, 7층 05-1, 08, 09, 11기둥",GS차지비
PIH01793,인천 남동구 남동테크노타워 지식산업센터,37.4004233,126.7076694,남동구,2,0,2,0,2,0,100.0,0.0,인천광역시 남동구 호구포로 189 지상9층 화물용승강기옆,GS차지비
PIH01800,월드빌오피스텔,37.4639678,126.6884052,미추홀구,2,0,2,0,2,0,100.0,0.0,인천광역시 미추홀구 주안로 167 지하2층,GS차지비
PIH01809,길리슈빌아파트,37.4953418,126.7279147,부평구,1,0,1,0,1,0,100.0,0.0,인천광역시 부평구 시장로 58 지하2층,GS차지비
PIH01813,청라프라자,37.5333518,126.6519802,서구,2,0,2,0,2,0,100.0,0.0,인천광역시 서해구 중봉대로612번길 10-20 B3F 전기실옆,GS차지비
PIH01814,청라프라자2,37.5333857,126.6511831,서구,2,0,2,0,2,0,100.0,0.0,인천광역시 서해구 중봉대로612번길 10-12 B3F 기계실옆,GS차지비
PIH01816,나은병원,37.489059,126.6797832,서구,2,0,2,0,2,0,100.0,0.0,인천광역시 서해구 원적로 23 나은병원,GS차지비
PIH01817,로얄프라자,37.4985591,126.7285885,부평구,3,0,3,0,0,3,0.0,0.0,인천광역시 부평구 부흥로 329 지하2층 관리사무소 옆,GS차지비
PIH01834,리노빌아파트,37.487832,126.7388228,부평구,2,0,2,0,0,2,0.0,0.0,인천광역시 부평구 수변로9번길 10 101동 7~8라인 지상주차장,GS차지비
PIH01843,아크리아,37.3945648,126.651182,연수구,3,0,3,0,3,0,100.0,0.0,인천광역시 연수구 신송로125번길 13 지하2층 B2-가 기둥,GS차지비
PIH01853,아크리아빌딩2,37.3942282,126.6507973,연수구,3,0,3,0,0,3,0.0,0.0,인천광역시 연수구 해돋이로120번길 23 지하2층 B2-다 기둥,GS차지비
PIH01885,웰링턴아파트,37.492007,126.7292212,부평구,2,0,2,0,0,2,0.0,0.0,인천광역시 부평구 대정로 93 B1층 EPS실 앞,GS차지비
PIH01886,아이케이비즈센터,37.5333555,126.6576873,서구,1,0,1,0,1,0,100.0,0.0,인천광역시 서해구 청라에메랄드로102번길 8-12 지하3층 엘리베이터앞,GS차지비
PIH01894,다운타운일레븐,37.4935727,126.726677,부평구,5,0,5,0,0,5,0.0,0.0,인천광역시 부평구 대정로 66,GS차지비
PIH01942,진영메디피아,37.5339467,126.6529015,서구,3,0,3,0,3,0,100.0,0.0,인천광역시 서해구 청라라임로 71 B3층 전기실 앞,GS차지비
PIH01947,쓰리엠타워,37.526367,126.6710931,서구,2,0,2,0,2,0,100.0,0.0,인천광역시 서해구 염곡로464번길 15 B1 차량출입구옆,GS차지비
PIH01951,메카브,37.5337274,126.734515,계양구,5,0,5,0,5,0,100.0,0.0,인천광역시 계양구 장제로 738 B5층 차량 출입구 우측,GS차지비
PIH01965,라마다인천호텔,37.4003132,126.7354626,남동구,4,0,4,0,4,0,100.0,0.0,인천광역시 남동구 소래역로 36 B1층 차량출입구앞,GS차지비
PIH01995,그랑프리빌딩,37.4909381,126.7250434,부평구,3,0,3,0,3,0,100.0,0.0,인천광역시 부평구 경원대로 1404 지하3층 엘리베이터앞,GS차지비
PIH01998,프라임시티1차오피스텔,37.4910117,126.4952872,중구,3,0,3,0,3,0,100.0,0.0,인천광역시 영종구 운서동 3093-1 프라임시티Ⅰ B3층 기둥번호09,GS차지비
PIH02003,영종스카이스타,37.4884014,126.5595672,중구,1,0,1,0,1,0,100.0,0.0,인천광역시 영종구 자연대로 41 B1층 관리실앞,GS차지비
PIH02035,대흥빌딩,37.4537043,126.706498,남동구,2,0,2,0,2,0,100.0,0.0,인천광역시 남동구 남동대로799번길 25 지하1층주차장 전기실앞,GS차지비
PIH02037,홍익파크빌딩,37.5321063,126.6520379,서구,7,0,7,0,7,0,100.0,0.0,인천광역시 서해구 중봉대로586번길 19 4~7층 주차장 엘리베이터옆,GS차지비
PIH02051,에코프라자,37.3983731,126.7343673,남동구,2,0,2,0,2,0,100.0,0.0,인천광역시 남동구 소래역남로 22 지하2층 전기실앞,GS차지비
PIH02059,롯데몰송도캐슬파크오피스텔,37.3853568,126.6413466,연수구,32,0,32,0,32,0,100.0,0.0,"인천광역시 연수구 인천타워대로132번길 9 지상5층 옥외주차장 1-5,지상5층 옥외주차장 6-10,11-15,16-20,21-26,27-32",GS차지비
PIH02082,송도타임스페이스,37.3832947,126.642256,연수구,16,0,16,0,16,0,100.0,0.0,"인천광역시 연수구 하모니로 158 B동 B3층 기둥번호 59, 기둥번호 69",GS차지비
PIH02086,한국아파트,37.5142879,126.7242571,부평구,11,0,11,0,0,11,0.0,0.0,"인천광역시 부평구 부평대로278번길 42 103동 B1층 2주차장,101동 B1층 1주차장",GS차지비
PIH02090,루원시티에스케이뷰아파트,37.5242525,126.6701177,서구,7,0,7,0,7,0,100.0,0.0,"인천광역시 서해구 가정로 437 상가303동 B3 기둥번호 E13, 상가304동 B2 기둥번호 E04",GS차지비
PIH02098,로로메디컬타워,37.4944746,126.7258778,부평구,2,0,2,0,2,0,100.0,0.0,"인천광역시 부평구 부평문화로 87 B2층 엘리베이터입구 좌측, B3층 엘리베이터입구 좌측",GS차지비
PIH02106,센타프라자,37.4241512,126.7494752,남동구,2,0,2,0,2,0,100.0,0.0,인천광역시 남동구 서창남순환로 222 B2층 엘리베이터입구 우측,GS차지비
PIH02110,청라비전프라자,37.5325672,126.650278,서구,4,0,4,0,4,0,100.0,0.0,인천광역시 서해구 중봉대로 594 B4층 엘리베이터입구 좌측,GS차지비
PIS00357,인천 서구 반안프라자1,37.533251,126.652101,서구,1,0,1,0,1,0,100.0,0.0,인천광역시 서해구 중봉대로612번길 10-8 지하 3층 주차장,GS차지비
PIS00359,인천 서구 반안프라자3,37.532559,126.646144,서구,1,0,1,0,1,0,100.0,0.0,인천광역시 서해구 청라커낼로260번길 7-15 지하 3층 주차장,GS차지비
PIS00360,인천 남동구 간석LH2단지,37.463561,126.718901,남동구,19,0,19,0,0,19,0.0,0.0,"인천광역시 남동구 백범로294번길 16 203,08동 지상주차장",GS차지비
PIS00361,인천 미추홀구 더프레스티움,37.466354,126.661079,미추홀구,2,0,2,0,0,2,0.0,0.0,인천광역시 미추홀구 경인로 165 지하주차장 2층,GS차지비
PIS00362,인천 서구 검단대광로제비앙센트럴포레,37.6117,126.6896,서구,32,0,32,0,0,32,0.0,0.0,"인천광역시 검단구 검단로768번길 46 지하주차장 1,2층",GS차지비
PIS00363,인천 중구 운서청호주차장,37.4889,126.4935,중구,5,0,5,0,5,0,100.0,0.0,인천광역시 영종구 모랫말로16번길 13-53 실외주차장,GS차지비
PIS00364,인천 부평구 대안파크타운C동,37.5226,126.6995,부평구,5,0,5,0,5,0,100.0,0.0,인천광역시 부평구 부평북로 57 지상주차장,GS차지비
PIS00365,인천 강화군 강화여객자동차터미널,37.7398,126.4902,강화군,4,0,4,0,4,0,100.0,0.0,"인천광역시 강화군 강화읍 중앙로 43 지상주차장, B1 주차장 상가입구",GS차지비
PIS00366,인천 계양구 이마트계양점,37.531,126.7369,계양구,8,0,8,0,8,0,100.0,0.0,인천광역시 계양구 봉오대로 785 지상4층 주차장,GS차지비
PIS00367,인천 중구 이마트동인천점,37.4666,126.6286,중구,9,0,9,0,9,0,100.0,0.0,인천광역시 제물포구 인중로 134 지상4층 주차장,GS차지비
PIS00368,인천 서구 이마트검단점,37.5854,126.6767,서구,8,0,8,0,8,0,100.0,0.0,인천광역시 검단구 서곶로 754 지상3층 A3~A6,GS차지비
PIS00369,인천 연수구 양지빌딩,37.4155,126.6793,연수구,5,0,5,0,5,0,100.0,0.0,인천광역시 연수구 먼우금로222번길 46 지하3층 전기실 옆,GS차지비
PIS00370,인천 연수구 이마트연수점,37.4042,126.6812,연수구,6,0,6,0,6,0,100.0,0.0,인천광역시 연수구 경원대로 184 옥상주차장,GS차지비
PIS00371,인천 남동구 남동SD타워,37.4112,126.6981,남동구,3,0,3,0,3,0,100.0,0.0,인천광역시 남동구 은봉로 55 옥상층 주차장,GS차지비
PIS00372,인천 미추홀구 신성쇼핑타워,37.4605,126.6823,미추홀구,6,0,6,0,6,0,100.0,0.0,인천광역시 미추홀구 주안중로 25 정문 지상주차장,GS차지비
PIS00373,인천 서구 청라한양수자인아파트,37.5267,126.6211,서구,12,0,12,0,0,12,0.0,0.0,"인천광역시 서해구 비즈니스로 41 553,554동 지하2층",GS차지비
PIS00374,인천 미추홀구 인천관교한신휴플러스,37.4469,126.6873,미추홀구,21,0,21,0,0,21,0.0,0.0,"인천광역시 미추홀구 경원대로 717 101,05동 앞",GS차지비
PIS00375,인천 남동구 남동제2공구상가,37.3949,126.7079,남동구,4,0,4,0,4,0,100.0,0.0,인천광역시 남동구 논현고잔로109번길 106 단지 2층 주차장,GS차지비
PIS00376,인천 부평구 대안파크타운A동,37.5226,126.7007,부평구,2,0,2,0,2,0,100.0,0.0,인천광역시 부평구 부평북로 69 지상주차장,GS차지비
PIS00378,인천 남동구 롯데캐슬골드아파트,37.453,126.7167,남동구,81,0,81,0,0,81,0.0,0.0,인천광역시 남동구 호구포로 803 지하1층 주차장,GS차지비
PIS00379,인천 계양구 학마을한진아파트,37.5451,126.7435,계양구,25,1,24,0,25,0,100.0,4.0,"인천광역시 계양구 용종로 124 133,136,138,140,142동",GS차지비
PIS00380,인천 동구 이마트T송림점,37.4829,126.6605,동구,9,0,9,0,9,0,100.0,0.0,인천광역시 제물포구 봉수대로 82 옥상주차장,GS차지비
PIS00381,인천 부평구 와이지원부평공장,37.5212,126.7124,부평구,2,0,2,0,2,0,100.0,0.0,인천광역시 부평구 부평북로178번길 26 옥상주차장,GS차지비
PIS00382,인천 계양구 와이지원서운공장,37.5318,126.7549,계양구,4,0,4,0,4,0,100.0,0.0,"인천광역시 계양구 서운산단로1길 11 경비실, 컨테이너박스 옆 지상주차장",GS차지비
PIS00383,인천 부평구 와이지원인천공장,37.5192,126.6903,부평구,1,0,1,0,1,0,100.0,0.0,인천광역시 부평구 세월천로 211 지상주차장 차단기 옆,GS차지비
PIS00384,인천 부평구 와이지원청천동공장,37.5222,126.6964,부평구,1,0,1,0,1,0,100.0,0.0,인천광역시 부평구 부평북로 32 정문 좌측 지상주차장,GS차지비
PIS00385,인천 중구 와이지원항공화물창고,37.4791,126.4775,중구,1,0,1,0,1,0,100.0,0.0,인천광역시 영종구 공항동로296번길 69 지상 정문 옆,GS차지비
PIS00386,인천 부평구 갈산대성유니드,37.5222,126.7313,부평구,5,0,5,0,0,5,0.0,0.0,인천광역시 부평구 새갈로 57 103동 앞 지상주차장,GS차지비
PIS00387,인천 부평구 광명12차아파트,37.5236,126.7363,부평구,4,0,4,0,0,4,0.0,0.0,인천광역시 부평구 후정동로 63 6동 옆 지상주차장,GS차지비
PIS00388,인천 남동구 남동스마트NIC복합물류센터,37.3903,126.7116,남동구,4,0,4,0,4,0,100.0,0.0,인천광역시 남동구 논현고잔로 87 주차장,GS차지비
PIS00389,인천 계양구 효성6차뉴서울,37.5249,126.7124,계양구,10,0,10,0,0,10,0.0,0.0,"인천광역시 계양구 아나지로198번길 8 601,2동 사이 지상주차장",GS차지비
PIS00390,인천 부평구 갈산대동1차,37.5123,126.7234,부평구,10,0,10,0,0,10,0.0,0.0,"인천광역시 부평구 주부토로 193 104동, 유치원 뒤 지상",GS차지비
PIS00391,인천 서구 청라웰카운티1차아파트,37.5388,126.6573,서구,23,1,22,0,1,22,4.35,4.35,"인천광역시 서해구 청라에메랄드로 156 201동앞, 지하2층",GS차지비
PIS00392,인천 남동구 LH청아안아파트,37.4308,126.746,남동구,16,1,15,0,16,0,100.0,6.25,"인천광역시 남동구 서창남순환로 110 B1 B25,B43기둥, 306동외부",GS차지비
PIS00393,인천 연수구 송도GTX센트럴빌딩,37.383,126.6409,연수구,14,1,13,0,14,0,100.0,7.14,인천광역시 연수구 하모니로178번길 22 B3 A동입구,GS차지비
PIS00395,인천 미추홀구 관교풍림아이원,37.4428,126.6978,미추홀구,7,0,7,0,0,7,0.0,0.0,"인천광역시 미추홀구 문화로 45 정문 옆, 102동 옆",GS차지비
PIS00396,인천 미추홀구 광명8차아파트,37.4497,126.6841,미추홀구,5,0,5,0,0,5,0.0,0.0,인천광역시 미추홀구 인주대로418번길 19 7동 앞 지상주차장,GS차지비
PIS00397,인천 서구 연희중앙아파트,37.5516,126.6739,서구,3,0,3,0,0,3,0.0,0.0,인천광역시 서해구 승학로 334 단지 뒷편,GS차지비
PIS00398,인천 중구 인천항동물류센터,37.4541,126.6159,중구,1,0,1,0,0,1,0.0,0.0,인천광역시 제물포구 축항대로165번길 20 옥외주차장,GS차지비
PIS00399,인천 강화군 SSG퓨처스필드,37.6378225,126.4987421,강화군,3,0,3,0,0,3,0.0,0.0,인천광역시 강화군 길상면 길상로 242-30 주차장,GS차지비
PIS00400,인천 부평구 갈산태화아파트,37.5107,126.7241,부평구,9,0,9,0,0,9,0.0,0.0,"인천광역시 부평구 갈월서로 46 1,7동 앞",GS차지비
PIS00401,인천 서구 검암2차신명스카이뷰,37.566,126.6865,서구,7,0,7,0,0,7,0.0,0.0,"인천광역시 서해구 검암로10번길 54 605,6동 뒤 지상주차장",GS차지비
PK000150,더월드교통 송도버스 공영차고지,37.3712259,126.6379687,연수구,8,8,0,0,0,8,0.0,100.0,인천광역시 연수구 아카데미로51번길 42,펌프킨
PK000170,삼환운수 방축로차고지,37.48981,126.65007,동구,2,2,0,0,0,2,0.0,100.0,인천광역시 제물포구 방축로9번길 56 삼환운수차고지,펌프킨
PK000242,도영운수 먼우금로차고지,37.3994338,126.6696477,연수구,4,4,0,0,0,4,0.0,100.0,인천광역시 연수구 동춘동 930-2,주식회사 펌프킨
PK000246,검단버스 본사차고지,37.589909,126.6266173,서구,4,4,0,0,0,4,0.0,100.0,인천광역시 검단구 원당대로 227-10,주식회사 펌프킨
PK000298,원창동차고지,37.505218,126.631914,서구,4,4,0,0,0,4,0.0,100.0,인천광역시 서해구 원창로 20 원창동차고지,펌프킨
PK000339,선진교통-미추홀,37.382941,126.643287,연수구,10,10,0,0,0,10,0.0,100.0,인천광역시 연수구 인천타워대로 99 (송도동) 선진교통-미추홀,펌프킨
PK000356,송도차고지,37.36676,126.66584,연수구,31,31,0,0,0,31,0.0,100.0,인천광역시 연수구 송도바이오대로 277 (송도동) 송도차고지 차고지 안쪽,펌프킨
PK000357,아시아드차고지,37.545318,126.676442,서구,30,30,0,0,0,30,0.0,100.0,인천광역시 서해구 봉수대로 806 (연희동) 아시아드차고지,펌프킨
PK000359,석남동차고지,37.508274,126.676193,서구,8,8,0,0,0,8,0.0,100.0,인천광역시 서해구 건지로153번길 41 (석남동) 석남동차고지,펌프킨
PK000361,선진교통-송도,37.382941,126.643287,연수구,16,16,0,0,0,16,0.0,100.0,인천광역시 연수구 인천타워대로 99 (송도동) 선진교통-송도,펌프킨
PK000371,블루드래곤에너지,37.506812,126.677419,서구,10,10,0,0,0,10,0.0,100.0,인천광역시 서해구 한서로53번길 16 블루드래곤에너지,펌프킨
PK000389,더월드교통,37.380842,126.638219,연수구,8,8,0,0,0,8,0.0,100.0,인천광역시 연수구 송도동 13-44 본사차고지,펌프킨
PK000406,인천삼성여객차고지,37.508214,126.635918,서구,12,12,0,0,0,12,0.0,100.0,인천광역시 서해구 원창로 74 인천삼성여객차고지,펌프킨
PK000430,마니교통 청라동차고지,37.51353,126.62438,서구,8,8,0,0,0,8,0.0,100.0,인천광역시 서해구 파랑로 105(청라동) 마니청라차고지,펌프킨
PK000456,강화버스터미널,37.7392,126.491,강화군,8,8,0,0,0,8,0.0,100.0,인천광역시 강화군 강화읍 남산리 228-2,주식회사 펌프킨
PL000042,청라센트럴에일린의뜰,37.5355297,126.6450514,서구,7,0,7,0,0,7,0.0,0.0,인천광역시 서해구 청라커낼로 300,플러그링크
PL000055,청학동동보아파트,37.4258085,126.6626461,연수구,5,0,5,0,0,5,0.0,0.0,인천광역시 연수구 솔샘로 120,플러그링크
PL000056,청라메이루즈 커낼파크뷰,37.534999,126.653931,서구,7,0,7,0,0,7,0.0,0.0,인천광역시 서해구 청라라임로 86,플러그링크
PL000122,검단오류역우방아이유쉘,37.5965255,126.6333011,서구,12,0,12,0,0,12,0.0,0.0,인천광역시 검단구 대촌로 26,플러그링크
PL000125,청천미가로아파트,37.5085097,126.7172805,부평구,4,0,4,0,0,4,0.0,0.0,인천광역시 부평구 길주로 491,플러그링크
PL000127,청라힐스테이트아파트,37.5255935,126.6282476,서구,7,0,7,0,0,7,0.0,0.0,인천광역시 서해구 청라한내로 7,플러그링크
PL000128,청라골드클래스아파트,37.5284282,126.6260254,서구,6,0,6,0,0,6,0.0,0.0,인천광역시 서해구 청라사파이어로 158,플러그링크
PL000133,간석동헤렌시티오피스텔,37.4704324,126.6860709,남동구,6,0,6,0,0,6,0.0,0.0,인천광역시 남동구 염전로411번길 21,플러그링크
PL000134,원당금호어울림2차아파트,37.5938972,126.7017014,서구,7,0,7,0,0,7,0.0,0.0,인천광역시 검단구 고산로 13,플러그링크
PL000135,두플라스,37.4412588,126.7106033,남동구,3,0,3,0,0,3,0.0,0.0,인천광역시 남동구 선수촌공원로 26,플러그링크
PL000139,인천연수삼성럭키아파트,37.4069949,126.6754458,연수구,24,0,24,0,0,24,0.0,0.0,인천광역시 연수구 원인재로 81,플러그링크
PL000142,옥련현대4차아파트,37.4257934,126.6508212,연수구,8,0,8,0,0,8,0.0,0.0,인천광역시 연수구 한나루로105번길 68,플러그링크
PL000151,서창베니엔아파트,37.4301185,126.7459199,남동구,4,0,4,0,0,4,0.0,0.0,인천광역시 남동구 서창남순환로 110 서창베니엔아파트,플러그링크
PL000188,스타빠루뚜,37.4936232,126.724584,부평구,4,0,4,0,0,4,0.0,0.0,인천광역시 부평구 부평문화로80번길 16,플러그링크
PL000189,검단자이1단지,37.5972752,126.6389968,서구,9,0,9,0,0,9,0.0,0.0,인천광역시 검단구 버들로 27,플러그링크
PL000206,청라중흥S클래스1단지아파트,37.5387099,126.6526687,서구,18,0,18,0,0,18,0.0,0.0,인천광역시 서해구 청라라임로 131,플러그링크
PL000229,타원벨라움,37.4529869,126.7031601,남동구,4,0,4,0,0,4,0.0,0.0,인천광역시 남동구 인주대로591번길 64,플러그링크
PL000237,간석현대아파트,37.4682476,126.6940209,남동구,6,0,6,0,0,6,0.0,0.0,인천광역시 남동구 방축로 493,플러그링크
PL000243,부평MH타워,37.492172,126.7239769,부평구,4,0,4,0,0,4,0.0,0.0,인천광역시 부평구 시장로 7,플러그링크
PL000267,마전대원 레스피아 2차,37.611848,126.6618317,서구,10,0,10,0,0,10,0.0,0.0,인천광역시 검단구 가현로 71,플러그링크
PL000268,삼보해피하임2아파트,37.609992,126.6859429,서구,11,0,11,0,0,11,0.0,0.0,인천광역시 검단구 검단로744번3길 8,플러그링크
PL000270,라이즈빌오피스텔,37.5345606,126.7367366,계양구,4,0,4,0,0,4,0.0,0.0,인천광역시 계양구 계양문화로 44,플러그링크
PL000321,인천은송초등학교,37.4139322,126.6297164,연수구,2,0,2,0,0,2,0.0,0.0,인천광역시 연수구 센트럴로 460,플러그링크
PL000327,코아루센트럴시티오피스텔,37.4749964,126.6166332,중구,12,0,12,0,0,12,0.0,0.0,인천광역시 제물포구 인중로 290,플러그링크
PL000340,청라반도유보라,37.5252007,126.6267807,서구,2,0,2,0,0,2,0.0,0.0,인천광역시 서해구 솔빛로 55,플러그링크
PL000379,신동아아파트,37.5100665,126.6776549,서구,3,0,3,0,0,3,0.0,0.0,인천광역시 서해구 서달로123번길 12-4,플러그링크
PL000390,동인천역코아루센트럴시티,37.4787047,126.634996,동구,2,0,2,0,0,2,0.0,0.0,인천광역시 제물포구 송현로 25,플러그링크
PL000421,청라호반베르디움 20단지,37.5305635,126.6591312,서구,5,0,5,0,0,5,0.0,0.0,인천광역시 서해구 청라에메랄드로76번길 14,플러그링크
PL000454,청라센트럴시티오피스텔,37.5325407,126.6295204,서구,11,0,11,0,0,11,0.0,0.0,인천광역시 서해구 청라한내로72번길 7-15,플러그링크
PL000476,청라린스트라우스,37.5346639,126.6526145,서구,6,0,6,0,0,6,0.0,0.0,인천광역시 서해구 청라라임로 85,플러그링크
PL000540,인천계양삼천리아파트,37.5360831,126.7288963,계양구,4,0,4,0,0,4,0.0,0.0,인천광역시 계양구 주부토로 470,플러그링크
PL000623,청라더샵레이크파크,37.5308611,126.6381434,서구,12,0,12,0,0,12,0.0,0.0,인천광역시 서해구 크리스탈로74번길 26,플러그링크
PL000666,인천노동복지합동청사,37.4806116,126.7528825,부평구,12,0,12,0,0,12,0.0,0.0,인천광역시 부평구 무네미로 478,플러그링크
PL000673,남광센트렉스,37.5187406,126.7208602,부평구,14,0,14,0,0,14,0.0,0.0,인천광역시 부평구 부평대로 301,플러그링크
PL000685,청라한신더휴커낼웨이,37.5323877,126.6470454,서구,21,0,21,0,0,21,0.0,0.0,인천광역시 서해구 청라커낼로260번길 27,플러그링크
PL000691,경인여자대학교,37.5483198,126.723526,계양구,4,0,4,0,0,4,0.0,0.0,인천광역시 계양구 계양산로 63,플러그링크
PL000709,영종 동보노빌리티 아파트,37.4847518,126.5586527,중구,24,0,24,0,0,24,0.0,0.0,인천광역시 영종구 하늘달빛로 65,플러그링크
PL000713,만수동신동아아파트,37.4670277,126.7359027,남동구,8,0,8,0,0,8,0.0,0.0,인천광역시 남동구 만수로111번길 38,플러그링크
PL000731,황금빛노을펜션,37.6924067,126.3009967,강화군,2,0,2,0,0,2,0.0,0.0,인천광역시 강화군 삼산면 삼산남로 998,플러그링크
PL000811,포레나 루원시티,37.5284904,126.6769903,서구,66,0,66,0,0,66,0.0,0.0,인천광역시 서해구 서곶로 120,플러그링크
PL000815,유영아파트,37.4844748,126.6885,서구,3,0,3,0,0,3,0.0,0.0,인천광역시 서해구 여우재로75번길 3,플러그링크
PL005031,극지연구소,37.3680575,126.6466537,연수구,3,0,3,0,0,3,0.0,0.0,인천광역시 연수구 송도미래로 26,플러그링크
PL005037,홀리랜드,37.5881209,126.6753517,서구,3,0,3,0,0,3,0.0,0.0,인천광역시 검단구 서곶로 788,플러그링크
PL005038,인천상수도사업본부(행정타운및JST),37.4686934,126.6602394,미추홀구,6,0,6,0,0,6,0.0,0.0,인천광역시 미추홀구 석정로 225,플러그링크
PL005051,4앤1레뷰,37.4947897,126.6711844,서구,2,0,2,0,0,2,0.0,0.0,인천광역시 서해구 가정로 111,플러그링크
PL005097,부개5단지주공,37.4993954,126.7375654,부평구,20,0,20,0,0,20,0.0,0.0,인천광역시 부평구 부개로 11,플러그링크
PL005241,송현동동부아파트,37.4819115,126.6351991,동구,11,0,11,0,0,11,0.0,0.0,인천광역시 제물포구 화수로 38,플러그링크
PL005264,더위크앤리조트,37.4511295,126.3711612,중구,5,0,5,0,0,5,0.0,0.0,인천광역시 영종구 용유서로 379,플러그링크
PL005277,문학경기장,37.4379541,126.6922501,미추홀구,92,1,91,0,1,91,1.09,1.09,인천광역시 미추홀구 매소홀로 618,플러그링크
PL005280,삼산주공미래타운3단지아파트,37.5225263,126.7453508,부평구,15,0,15,0,0,15,0.0,0.0,인천광역시 부평구 부평북로 463,플러그링크
PL005285,삼산월드체육관,37.5077018,126.7375375,부평구,18,0,18,0,0,18,0.0,0.0,인천광역시 부평구 체육관로 60,플러그링크
PL005302,창업벤처녹색융합클러스터,37.5698085,126.6455084,서구,9,0,9,0,0,9,0.0,0.0,인천광역시 검단구 정서진로 410,플러그링크
PL005303,안양대학교 강화캠퍼스,37.7110033,126.444711,강화군,3,0,3,0,0,3,0.0,0.0,인천광역시 강화군 불은면 중앙로 602-14,플러그링크
PL005355,청라중앙프라자,37.5320927,126.6449758,서구,3,0,3,0,0,3,0.0,0.0,인천광역시 서해구 청라커낼로 264,플러그링크
PL005370,청호나이스RnD센터,37.4552234,126.6361322,미추홀구,3,0,3,0,0,3,0.0,0.0,인천광역시 미추홀구 토금북로 13,플러그링크
PL005376,건설기술교육원,37.4513722,126.7365304,남동구,6,0,6,0,0,6,0.0,0.0,인천광역시 남동구 소래로 688,플러그링크
PL005449,한국토지주택공사 인천지역본부,37.401036,126.712021,남동구,18,0,18,0,0,18,0.0,0.0,인천광역시 남동구 논현로46번길 23,플러그링크
PL005464,진주5단지아파트,37.4917212,126.685726,서구,4,0,4,0,0,4,0.0,0.0,인천광역시 서해구 장고개로 319,플러그링크
PL005478,한라시멘트인천,37.4363903,126.6140892,중구,2,0,2,0,0,2,0.0,0.0,인천광역시 제물포구 서해대로 79,플러그링크
PL007330,석남동 이클래스24차(오피스텔),37.507884,126.6751981,서구,2,0,2,0,0,2,0.0,0.0,인천광역시 서해구 신석로122번길 22,플러그링크
PL008180,품에지은(주상복합),37.46633,126.63167,중구,5,0,5,0,5,0,100.0,0.0,인천광역시 제물포구 인중로108번길 14 품에지은(주상복합) 101동 지하2층 전기실 앞,플러그링크
PL008201,영종힐스테이트,37.4912757,126.566229,중구,40,0,40,0,0,40,0.0,0.0,인천광역시 영종구 하늘별빛로 66,플러그링크
PL008263,동산휴먼시아,37.4751539,126.6485981,동구,3,0,3,0,0,3,0.0,0.0,인천광역시 제물포구 재능로 191 동산휴먼시아 103동 앞 지상,플러그링크
PL008307,신창미션힐,37.4451536,126.6421979,미추홀구,17,0,17,0,0,17,0.0,0.0,"인천 미추홀구 매소홀로 171 신창미션힐 지상 1층 101동 앞 주차장,105동 앞 주차장,관리동 옆 주차장",플러그링크
PL008389,미송아파트,37.4640215,126.675427,미추홀구,1,0,1,0,0,1,0.0,0.0,인천광역시 미추홀구 주안로 52,플러그링크
PL008417,성지아파트,37.4425119,126.6968763,미추홀구,7,0,7,0,0,7,0.0,0.0,인천광역시 미추홀구 문화로 35 성지아파트 101동 지상주차장,플러그링크
PL008418,삼환아파트,37.4413266,126.6972576,미추홀구,7,0,7,0,0,7,0.0,0.0,인천광역시 미추홀구 문화로 23 삼환아파트 201동 지상주차장,플러그링크
PL008432,세림팰리체,37.4632275,126.670689,미추홀구,1,0,1,0,0,1,0.0,0.0,인천광역시 미추홀구 경인로 255,플러그링크
PL008471,뉴서울1차아파트,37.4253769,126.7004445,연수구,12,0,12,0,0,12,0.0,0.0,"인천광역시 연수구 선학로 101 뉴서울1차아파트 지상 1층 106동 옆 주차장, 106동 뒤 좌우측 주차장",플러그링크
PL008484,동남아파트,37.4237156,126.674283,연수구,4,0,4,0,0,4,0.0,0.0,인천광역시 연수구 새말로 21,플러그링크
PL008496,연수솔밭마을아파트,37.4152412,126.689457,연수구,11,0,11,0,0,11,0.0,0.0,인천광역시 연수구 원인재로 232 연수솔밭마을아파트 108동 지상주차장,플러그링크
PL008503,연수우성2차아파트,37.4118778,126.686183,연수구,59,0,59,0,0,59,0.0,0.0,"인천광역시 연수구 원인재로 180 지상(202동뒤,204동옆,205동뒤,207동옆/앞,215동옆,220동앞)",플러그링크
PL008529,현대대림2차아파트,37.4092729,126.674084,연수구,19,0,19,0,0,19,0.0,0.0,"인천광역시 연수구 먼우금로 126 현대대림2차아파트 지상 1층 201동 뒤, 207동 뒤, 208동 뒤, 212동 뒤, 215동 뒤",플러그링크
PL008549,송도 성지리벨루스,37.3894022,126.662291,연수구,17,0,17,0,0,17,0.0,0.0,"인천광역시 연수구 신송로6번길 7 송도 성지리벨루스 상가 후면 지상,109동 앞 지상,101동지하1층A03기둥,105동지하1층C45기둥,106동지하1층C75기둥",플러그링크
PL008556,송도 더샵 퍼스트월드,37.39144,126.650216,연수구,98,0,98,0,0,98,0.0,0.0,인천광역시 연수구 해돋이로 107,플러그링크
PL008558,송도 웰카운티 4단지,37.3816764,126.645624,연수구,11,0,11,0,0,11,0.0,0.0,인천광역시 연수구 해송로30번길 20,플러그링크
PL008606,롯데캐슬 캠퍼스타운 오피스텔,37.3893574,126.665058,연수구,33,0,33,0,0,33,0.0,0.0,인천광역시 연수구 송도과학로27번길 55,플러그링크
PL008635,동아아파트,37.4479956,126.711749,남동구,9,0,9,0,0,9,0.0,0.0,인천광역시 남동구 인주대로676번길 22,플러그링크
PL008645,구월아시아드선수촌8단지아파트,37.4410966,126.716933,남동구,19,0,19,0,0,19,0.0,0.0,인천 남동구 선수촌로 8,플러그링크
PL008654,신영구월지웰시티푸르지오,37.4543947,126.7071878,남동구,13,0,13,0,0,13,0.0,0.0,"인천광역시 남동구 남동대로799번길 34 지하 3층 101동 앞,지하 3층 31번 기둥",플러그링크
PL008668,삼양힐아파트,37.4658081,126.714749,남동구,2,0,2,0,0,2,0.0,0.0,인천광역시 남동구 간석로66번길 10,플러그링크
PL008674,렉스타워,37.463971,126.71139,남동구,1,0,1,0,0,1,0.0,0.0,인천광역시 남동구 석촌로46번길 46,플러그링크
PL008708,금호어울림마을아파트,37.4600738,126.706652,남동구,5,0,5,0,0,5,0.0,0.0,인천광역시 남동구 석산로 138,플러그링크
PL008725,대성유니드별빛마을아파트,37.4629972,126.724675,남동구,2,0,2,0,0,2,0.0,0.0,인천광역시 남동구 서판로 30,플러그링크
PL008762,서창태평아파트,37.4395022,126.7470922,남동구,15,0,15,0,0,15,0.0,0.0,"인천광역시 남동구 장아산로128번길 22 서창태평아파트 103동 뒤 지상주차장, 105동 앞 지상주차장",플러그링크
PL008793,도림주공그린빌2단지아파트,37.41864107,126.7307037,남동구,5,0,5,0,0,5,0.0,0.0,인천광역시 남동구 오봉로 33,플러그링크
PL008902,부평 신성미소지움아파트,37.4837279,126.7155542,부평구,4,0,4,0,0,4,0.0,0.0,인천 부평구 경인로 858 부평 신성미소지움아파트 지상 1층 105동 뒤 주차장,플러그링크
PL008918,부평신일해피트리더루츠,37.5072341,126.6991238,부평구,49,0,49,0,0,49,0.0,0.0,"인천 부평구 산곡로 31 부평신일해피트리더루츠 109동B2 P08 기둥,101동B2 G05,G07기둥,102동B2 G20 기둥,103동B2 R33, R34 기둥,105동B2 R03 기둥,106동B2 G33 기둥,108동B2 A01기둥,111동B2 A15기둥,109동B1 B12 기둥",플러그링크
PL008977,정광아파트,37.519477,126.737588,부평구,2,0,2,0,0,2,0.0,0.0,인천광역시 부평구 후정동로 17,플러그링크
PL008982,삼산주공미래타운4단지,37.5205125,126.7431423,부평구,16,0,16,0,0,16,0.0,0.0,"인천 부평구 영성중로 57 삼산주공미래타운4단지 지상 1층 (401동 옆 주차장, 403동 옆 주차장, 407동 옆 주차장)",플러그링크
PL009010,한국아파트(인천 부평구),37.5109682,126.730685,부평구,3,0,3,0,0,3,0.0,0.0,인천광역시 부평구 갈월동로 40,플러그링크
PL009033,부개주공아파트(1단지),37.5052571,126.738013,부평구,5,0,5,0,0,5,0.0,0.0,인천광역시 부평구 길주남로 143,플러그링크
PL009078,동남아파트,37.5398583,126.7314857,계양구,2,0,2,0,0,2,0.0,0.0,인천 계양구 주부토로532번길 38 동남아파트 지상 1층 5동 앞 주차장,플러그링크
PL009098,지산그란띠아아파트,37.5438774,126.7223911,계양구,7,0,7,0,0,7,0.0,0.0,인천광역시 계양구 경명대로1045번길 9-9 지산그란띠아아파트 지하1층 주차장 입구,플러그링크
PL009230,청라 롯데캐슬,37.5302535,126.647782,서구,9,0,9,0,0,9,0.0,0.0,인천광역시 서해구 청라커낼로 252,플러그링크
PL009234,청라골드클래스아파트,37.5284282,126.6260254,서구,6,0,6,0,0,6,0.0,0.0,"인천광역시 서해구 청라사파이어로 158 청라골드클래스아파트 지하 1층 기둥 D01,02",플러그링크
PL009263,청라호반베르디움 20단지,37.5305635,126.6591312,서구,14,0,14,0,0,14,0.0,0.0,"인천광역시 서해구 청라에메랄드로76번길 14 청라호반베르디움 20단지 지하 1층 161동 주차장(04기둥), 지하 1층 161동 주차장(06기둥)",플러그링크
PL009271,청라 힐데스하임,37.5277004,126.6505069,서구,34,0,34,0,0,34,0.0,0.0,"인천광역시 서해구 청라라임로 17 청라 힐데스하임 B1F(122동좌/우측,124동,127동좌/우측,127동)",플러그링크
PL009298,루원더퍼스트,37.5339432,126.665386,서구,5,0,5,0,0,5,0.0,0.0,인천광역시 서해구 봉오재2로 13,플러그링크
PL009336,범양파크아파트,37.4948979,126.688154,서구,7,0,7,0,2,5,28.57,0.0,"인천광역시 서해구 원적로124번길 40 범양파크아파트 101동 옆 지상주차장, 102동 지상주차장, 104동 지상주차장",플러그링크
PL009413,검단 힐스테이트 4차,37.5855467,126.6727838,서구,48,0,48,0,0,48,0.0,0.0,"인천광역시 검단구 청마로 92 검단 힐스테이트 4차 202동 지하1층, 404동 지하1층, 405동 지하1층, 406동 지하1층",플러그링크
PL009416,검단 금호어울림 센트럴,37.5947337,126.713749,서구,66,0,66,0,0,66,0.0,0.0,인천광역시 검단구 이음5로 65,플러그링크
PL009470,청라센트럴에일린의뜰,37.5355844,126.6453998,서구,33,0,33,0,0,33,0.0,0.0,"인천광역시 서해구 청라커낼로 300 청라센트럴에일린의뜰 지하 1층 104동1-2라인(B1 C24~25, C26, C27), 5-6라인(B1 C45)옆, 106동 옆 주차장(B1 B19~20,B21)",플러그링크
PL009480,세광엔리치빌1차,37.7244906,126.4785385,강화군,12,0,12,0,0,12,0.0,0.0,인천 강화군 선원면 중앙로 274 세광엔리치빌1차 지상 1층 108동뒤 1층주차장,플러그링크
PL027850,힐스테이트 송도 더테라스 1,37.4108764,126.6269414,연수구,97,0,97,0,0,97,0.0,0.0,"인천광역시 연수구 센트럴로 415(송도동) 힐스테이트 송도 더테라스 B2F(102동,103동,104동,105동,106동,107동,108동,109동), B3F(101동,104동,105동,106동,107동,108동,109동)",플러그링크
PL027927,송림체육관,37.4843926,126.647585,동구,4,0,4,0,0,4,0.0,0.0,인천광역시 제물포구 염전로 30(송림동),플러그링크
PL028080,인천별빛초등학교,37.49085216,126.5508076,중구,2,0,2,0,1,1,50.0,0.0,인천광역시 영종구 은하수로 402 학교 뒤편 지상 주차장,플러그링크
PL028530,인천광역시평생학습관,37.3982308,126.672158,연수구,3,0,3,0,0,3,0.0,0.0,인천 연수구 경원대로 73,플러그링크
PL029807,현대제철인천공장,37.4849244,126.642055,동구,6,0,6,0,0,6,0.0,0.0,인천광역시 제물포구 중봉대로 63(송현동),플러그링크
PL029960,더안 타운하우스,37.5967265,126.696153,서구,6,0,6,0,0,6,0.0,0.0,인천광역시 검단구 원당대로839번길 33,플러그링크
PL029990,럭스96,37.5183369,126.708161,부평구,2,0,2,0,0,2,0.0,0.0,인천광역시 부평구 평천로 158,플러그링크
PL030072,우미린 리버포레,37.5902791,126.7159721,서구,30,0,30,0,0,30,0.0,0.0,"인천광역시 검단구 이음3로 221 우미린 리버포레 지하 1층 1903동, 지하 1층 1907동, 지하 1층 1908동",플러그링크
PL030082,루원 린스트라우스 더 린시티,37.5217187,126.678312,서구,81,0,81,0,0,81,0.0,0.0,인천광역시 서해구 서곶로 45,플러그링크
PL030123,운서 SK뷰 스카이시티 2차,37.4806983,126.5019937,중구,57,0,57,0,0,57,0.0,0.0,"인천광역시 영종구 흰바위로 249 운서 SK뷰 스카이시티 2차 지하1층-232동 앞 01 기둥,234동 1-2라인 앞,236동 뒤 B38 기둥, B35 기둥, 238동 옆 A07기둥,239동 옆 A19 기둥,240동 옆 B44 기둥, B45기둥, 242동 옆 C53 기둥",플러그링크
PL030128,오델리아 오피스텔,37.5011699,126.725027,부평구,3,0,3,0,0,3,0.0,0.0,인천광역시 부평구 주부토로 69,플러그링크
PL030163,인천유림노르웨이숲에듀오션,37.4517965,126.627209,중구,20,0,20,0,1,19,5.0,0.0,인천광역시 제물포구 서해대로 278,플러그링크
PL030194,노블렌스오피스텔,37.4907884,126.72772,부평구,2,0,2,0,0,2,0.0,0.0,인천광역시 부평구 경원대로 1428,플러그링크
PL030201,더로프트2,37.4672025,126.680683,미추홀구,2,0,2,0,0,2,0.0,0.0,인천광역시 미추홀구 석정로 405,플러그링크
PL030385,뉴가산시티,37.3992971,126.723502,남동구,3,0,3,0,0,3,0.0,0.0,인천 남동구 앵고개로847번길 80-9,플러그링크
PL030395,리가스퀘어오피스텔,37.4634772,126.682519,미추홀구,7,0,7,0,0,7,0.0,0.0,인천 미추홀구 주안로 116,플러그링크
PL030439,인천논현포레오피스텔,37.4030391,126.708378,남동구,2,0,2,0,0,2,0.0,0.0,인천 남동구 논현로 14-3,플러그링크
PL030440,인천 이토타워오피스텔,37.4462417,126.701006,남동구,5,0,5,0,0,5,0.0,0.0,인천 남동구 예술로 138,플러그링크
PL030484,용현자이크레스트,37.4566094,126.6464741,미추홀구,73,0,73,0,0,73,0.0,0.0,"인천광역시 미추홀구 낙섬동로 134 용현자이크레스트 지하2층:101동~102동,103동,104동~105동,106동,107동~108동,109동,112동,113동,114동,115동,116동,117동)",플러그링크
PL030493,송도 센트럴파크 리버리치,37.3937611,126.6446212,연수구,6,0,6,0,0,6,0.0,0.0,"인천광역시 연수구 해돋이로171번길 11 송도 센트럴파크 리버리치 지하1층 주차장, 지하2층 주차장",플러그링크
PL030523,청라엑슬루타워아파트,37.5308043,126.6513494,서구,22,0,22,0,0,22,0.0,0.0,"인천광역시 서해구 중봉대로586번길 22 청라엑슬루타워 지하 1층 102동 기둥 B14, 지하 1층 102동 기둥 B15, 지하 1층 103동 기둥 C17, 지하 1층 103동 기둥 C18",플러그링크
PL030564,주안 휴먼빌 아파트,37.4554311,126.6736718,미추홀구,2,0,2,0,0,2,0.0,0.0,인천광역시 미추홀구 한나루로550번길 63 주안 휴먼빌 아파트 101동 6~7라인 앞 지상주차장,플러그링크
PL030565,아트샵모터스,37.4979701,126.6610804,서구,2,0,2,0,0,2,0.0,0.0,인천광역시 서해구 봉수대로 251 아트샵모터스 지상주차장,플러그링크
PL030601,한국아파트 (인천부평),37.4994356,126.7164811,부평구,3,0,3,0,0,3,0.0,0.0,인천광역시 부평구 부영로166번길 12 한국아파트 관리사무소 옆 지상주차장,플러그링크
PL030617,대우삼환아파트,37.4064863,126.6782943,연수구,6,0,6,0,0,6,0.0,0.0,"인천광역시 연수구 원인재로 88 대우삼환아파트 지상 1층 102동 104동 사이, 지상 1층 114동 120동 사이",플러그링크
PL030626,하늘도시 서한이다음,37.4947406,126.5568423,중구,18,0,18,0,0,18,0.0,0.0,"인천광역시 영종구 하늘별빛로 142 하늘도시 서한이다음 지하 2층 107동 R28 기둥, 지하 2층 107동 급속충전기 옆",플러그링크
PL030642,디에트르 송도 시그니처뷰 오피스텔,37.404717,126.6265586,연수구,35,0,35,0,35,0,100.0,0.0,"인천광역시 연수구 인천타워대로 393 디에트르 송도 시그니처뷰 지하 1층 06기둥,지하 1층 07기둥,지하 1층 74기둥,지하 1층 75기둥,지하 1층 76기둥,지하 1층 77기둥",플러그링크
PL030649,검단신도시 예미지더시그너스,37.5803522,126.7051182,서구,85,2,83,0,0,85,0.0,2.35,"인천광역시 검단구 이음1로 136 검단신도시 예미지더시그너스 B1F(901동,903동,904동,905동,906동,907동,909동,910동),B2F(901동,902동,904동,905동,907동,908동,909동,910동)",플러그링크
PL030677,이안테라디움 검단101,37.5923776,126.7106711,서구,5,0,5,0,0,5,0.0,0.0,"인천광역시 검단구 원당대로 983 이안테라디움 검단101 지하2층 주차장, 지하3층 주차장",플러그링크
PL030764,금강펜테리움더시글로1차,37.5913526,126.7089076,서구,28,0,28,0,0,28,0.0,0.0,인천광역시 검단구 원당대로 966 금강펜테리움더시글로1차 지하 1층 9302동 옆,플러그링크
PL030783,루원시티대성베르힐더센트로(오피스텔),37.5232158,126.6788022,서구,13,0,13,0,0,13,0.0,0.0,"인천광역시 서해구 서곶로 50 루원시티대성베르힐더센트로(오피스텔) 지하 1층 램프입구, 지하3층 램프입구",플러그링크
PL030799,검단힐스테이트3차1단지,37.6000052,126.6398586,서구,10,0,10,0,0,10,0.0,0.0,"인천광역시 검단구 봉화로 60-17 검단힐스테이트3차1단지 305동 지하1층 51기둥, 29기둥",플러그링크
PL030800,검단힐스테이트3차2단지,37.5984501,126.6399145,서구,10,0,10,0,0,10,0.0,0.0,"인천광역시 검단구 버들로 46 검단힐스테이트3차2단지 307동 지하1층 44기둥, 08~31기둥",플러그링크
PL030837,논현2차푸르지오시티오피스텔,37.409569,126.6951115,남동구,27,0,27,0,27,0,100.0,0.0,"인천광역시 남동구 남동서로236번길 30 논현2차푸르지오시티오피스텔 지하 3층 F4, F5, F6기둥",플러그링크
PL030857,신도브래뉴 아파트,37.542808,126.7208844,계양구,11,0,11,0,0,11,0.0,0.0,"인천 계양구 계양대로 215 신도브래뉴 아파트 지상 1층 (103동 1~4호라인 앞 지상주차장,관리사무소 옆 지상주차장)",플러그링크
PL030895,힐스테이트송도더스카이아파트,37.4020801,126.6282476,연수구,34,0,34,0,0,34,0.0,0.0,"인천광역시 연수구 인천타워대로 365 힐스테이트송도더스카이아파트 지하2층(01동기둥A07~A09,103동기둥B16,105동기둥J05,105동기둥M03),지하3층104동앞(전기실)기둥L20,L22",플러그링크
PL030909,어반플러스아파트,37.4651504,126.6747055,미추홀구,3,0,3,0,0,3,0.0,0.0,인천 미추홀구 주안로47번길 13 어반플러스아파트 지상 1층 주차장 입구 앞 옥외,플러그링크
PL030910,디오스텔오피스텔,37.5321533,126.6574329,서구,5,0,5,0,0,5,0.0,0.0,인천광역시 서해구 청라에메랄드로76번길 7 디오스텔오피스텔 지하 1층 램프 옆,플러그링크
PL030914,메이폴오피스텔,37.4906691,126.4949953,중구,3,0,3,0,3,0,100.0,0.0,인천광역시 영종구 영종대로162번길 37 메이플오피스텔 지하 2층 상부 주차램프 앞,플러그링크
PL030922,작전동풍림아이원아파트,37.5277746,126.7316192,계양구,10,0,10,0,0,10,0.0,0.0,"인천 계양구 효서로 324 작전동풍림아이원아파트 지상 1층 101동 앞 주차장, 102동 앞 주차장",플러그링크
PL030967,운서역 반도유보라 퍼스티지,37.489501,126.4989224,중구,14,0,14,0,0,14,0.0,0.0,"인천광역시 영종구 영종대로196번길 15-25 운서역 반도유보라 퍼스티지 지하 2층 램프구간 바로 옆, 지하 2층 램프구간 바로 옆 04번기둥 근처",플러그링크
PL031016,청라웰카운티2차아파트,37.5346523,126.6577751,서구,29,0,29,0,0,29,0.0,0.0,"인천광역시 서해구 청라에메랄드로 112 청라웰카운티2차아파트 지하 1층 221동 기둥40,42/지하 1층 222동 기둥14,16/지하 1층 224동 기둥38,43",플러그링크
PL031017,팬더아파트,37.5421906,126.7337423,계양구,2,0,2,0,0,2,0.0,0.0,인천 계양구 경명대로1142번길 7 팬더아파트 지상 1층 정문 옆(2동),플러그링크
PL031026,청천푸르지오아파트,37.5139705,126.7093035,부평구,50,0,50,0,0,50,0.0,0.0,"인천광역시 부평구 세월천로 16 청천푸르지오아파트 지상(3동 앞,6동 앞,8동 옆,11동 앞,13동 앞,19동 앞,23동 앞)",플러그링크
PL031047,e편한세상 부평역 어반루체,37.4860654,126.7339366,부평구,21,1,20,0,0,21,0.0,4.76,인천 부평구 경인로1024번길 21,플러그링크
PL031065,논현주공2-1단지아파트,37.4118764,126.7111312,남동구,28,0,28,0,0,28,0.0,0.0,"인천광역시 남동구 함박뫼로 439 논현주공2-1단지아파트 204동 앞 지상, 208동 앞 지상",플러그링크
PL031068,진흥아파트,37.4466085,126.6814752,미추홀구,15,0,15,0,0,15,0.0,0.0,"인천 미추홀구 인하로298번길 29 진흥아파트 지상 1층 1동 뒤 주차장, 2동 앞 주차장, 9동 앞 주차장, 10동 뒤 주차장",플러그링크
PL031076,힐스테이트푸르지오주안아파트,37.4534301,126.6768057,미추홀구,90,0,90,0,0,90,0.0,0.0,"인천광역시 미추홀구 남주길 150 힐스테이트푸르지오주안아파트 지하3층(105,106,108,109,110,111,112,114,115,116,117,120동)",플러그링크
PL031082,동춘마을아파트,37.4099346,126.6708891,연수구,6,0,6,0,0,6,0.0,0.0,인천 연수구 먼우금로 123 동춘마을아파트 지상 1층 210동 뒤 주차장,플러그링크
PL031084,부평캐슬앤더샵퍼스트아파트,37.5167715,126.7034111,부평구,100,0,100,0,0,100,0.0,0.0,"인천광역시 부평구 산청로 60 부평캐슬앤더샵퍼스트아파트 지하1층,지하2층",플러그링크
PL031094,인천부평우미린더센트럴아파트,37.5016946,126.7320138,부평구,19,0,19,0,0,19,0.0,0.0,"인천 부평구 부흥북로 89 인천부평우미린더센트럴아파트 지하 1층 (101동 A05 기둥 옆 주차장,A26 기둥 옆 주차장), 지하 2층 (101동 B05 기둥 옆 주차장,105동 B33 기둥 옆 주차장)",플러그링크
PL031096,영풍아파트,37.4827508,126.6279781,동구,5,0,5,0,0,5,0.0,0.0,인천광역시 제물포구 화도진로 132 영풍아파트 지상 1층 102동 뒷편 주차장,플러그링크
PL031118,금호 어울림 3단지,37.4510034,126.6401333,미추홀구,5,0,5,0,0,5,0.0,0.0,인천 미추홀구 낙섬동로 51 금호 어울림 3단지 지상 1층 101동 뒷편 주차장,플러그링크
PL031120,윤성아파트,37.4304008,126.6956266,연수구,8,0,8,0,0,8,0.0,0.0,"인천 연수구 넘말로79번길 45 윤성아파트 지상 1층 (3동 옆 주차장,관리소 옆 주차장)",플러그링크
PL031180,인천 인하메디컬센터,37.4988949,126.6715079,서구,2,0,2,0,0,2,0.0,0.0,인천광역시 서해구 건지로 264 인천 인하메디컬센터 지하 2층 펌프실앞,플러그링크
PL031210,삼성아파트,37.4651529,126.6299661,중구,7,0,7,0,0,7,0.0,0.0,인천광역시 제물포구 인중로 111 삼성아파트 지상 1층 101동 뒤 주차장,플러그링크
PL031291,루원시티어울림아파트,37.5346329,126.6665551,서구,34,1,33,0,0,34,0.0,2.94,"인천광역시 서해구 봉오재2로 37 루원시티어울림아파트 지상 1층 (209-212동 주차장, 201동 옆 주차장), 지하 1층(201동 3-5라인, 210동 3-4라인, 212동 3-4라인, 203동 1-2라인, 205동 3-4라인, 208동 1-2라인)",플러그링크
PL031322,인천 힘찬병원,37.4924499,126.7302226,부평구,3,0,3,0,0,3,0.0,0.0,인천 부평구 장제로 78 인천 힘찬병원 지상 2층 주차타워 2F,플러그링크
PL031327,인천 신공항하이웨이,37.5709939,126.6674553,서구,3,0,3,0,0,3,0.0,0.0,인천광역시 서해구 봉수대로 1048 인천 신공항하이웨이 지상 1층 교통서비스센터 좌측 지상주차장,플러그링크
PL031354,인천 도원체육관,37.4664898,126.6403999,중구,3,0,3,0,0,3,0.0,0.0,인천광역시 제물포구 샛골로41번길 10 인천 도원체육관 지상주차장,플러그링크
PL031355,인천 도원수영장,37.4660288,126.6392962,중구,2,0,2,0,0,2,0.0,0.0,인천광역시 제물포구 샛골로41번길 22 인천 도원수영장 건물 뒤 지상주차장,플러그링크
PL031356,인천 열우물테니스경기장,37.4801052,126.6915932,부평구,18,0,18,0,0,18,0.0,0.0,인천 부평구 열우물로 164 인천 열우물테니스경기장 정문 지상주차장,플러그링크
PL031441,인천 주안시범공단,37.4702621,126.6837701,미추홀구,6,0,6,0,0,6,0.0,0.0,인천 미추홀구 주염로 58 인천 주안시범공단 지상주차장,플러그링크
PL031447,인천 영진아파트,37.5177651,126.7067616,부평구,3,0,3,0,0,3,0.0,0.0,인천 부평구 청중로 81 인천 영진아파트 지상 1층 분리수거장 옆,플러그링크
PL031448,인천 간석극동아파트,37.456333,126.6982661,남동구,10,0,10,0,0,10,0.0,0.0,"인천 남동구 구월로 78 인천 간석극동아파트 관리소 앞/뒤 지상주차장, 6동 뒤 지상주차장",플러그링크
PL031455,인천 숭의한화꿈에그린,37.4670918,126.6497941,미추홀구,12,0,12,0,0,12,0.0,0.0,"인천 미추홀구 석정로126번길 23 인천 숭의한화꿈에그린 101동 앞 지상, 103동 앞 지상, 105동 앞 지상, 108동 앞 지상",플러그링크
PL031478,인천 학익신동아3차아파트,37.4410309,126.6755697,미추홀구,18,0,18,0,0,18,0.0,0.0,인천 미추홀구 매소홀로475번길 18 인천 학익신동아3차아파트 13동 뒤 지상주차장,플러그링크
PL031490,인천 논현센트럴뷰,37.3985892,126.7284421,남동구,36,0,36,0,0,36,0.0,0.0,"인천 남동구 논고개로68번길 34 인천 논현센트럴뷰 지하1층(401동, 402~403동, 403동, 405동, 404~405동)",플러그링크
PL031492,인천 검단신도시파라곤보타닉파크,37.6007414,126.7064891,서구,64,3,61,0,0,64,0.0,4.69,"인천광역시 검단구 서로3로 225 인천 검단신도시파라곤보타닉파크 지하1층(3306동,3305동), 지하2층(3303동,3308동,3301동,3309동,3304동)",플러그링크
PL031498,인천 유원아파트,37.4560467,126.6426246,미추홀구,11,0,11,0,0,11,0.0,0.0,"인천 미추홀구 낙섬중로 102 인천 유원아파트 지상 1층 (8동 옆 지상주차장, 9동 뒤 지상주차장, 10동 앞 지상주차장)",플러그링크
PL031524,인천 한화생명 부평사옥,37.4981658,126.7218433,부평구,6,0,6,0,6,0,100.0,0.0,인천 부평구 부평대로 75 인천 한화생명 부평사옥 지하 2층 B2F 주차장,플러그링크
PL031552,인천 삼환아파트2단지,37.4504358,126.7338028,남동구,9,0,9,0,0,9,0.0,0.0,인천 남동구 소래로 677 인천 삼환아파트2단지 209동 지상주차장,플러그링크
PL031553,인천 검단1차피오레아파트,37.5963703,126.6648595,서구,22,0,22,0,0,22,0.0,0.0,"인천광역시 검단구 완정로65번안길 10 인천 검단1차피오레아파트 지하 1층 (32A,33A기둥,111동 6,7호 라인 B1 8B기둥,111동 1,2호 라인 B1 1B기둥,102동 1,2호 라인,108동 3,5호 라인, B1 6B,7B기둥)",플러그링크
PL031586,인천 더샵송도프라임뷰20BL,37.386004,126.6287481,연수구,22,0,22,0,0,22,0.0,0.0,"인천 연수구 인천타워대로231번길 97 인천 더샵송도프라임뷰20BL 2003동 지하2층, 2005동 지하2층, 2001동 지하2층, 2004동 지하2층, 2005동 지하2층",플러그링크
PL031593,인천 루원시티SK리더스뷰,37.5242525,126.6701177,서구,100,1,99,0,0,100,0.0,1.0,"인천광역시 서해구 가정로 437 인천 루원시티SK리더스뷰 지하 1층 (102동 A49기둥,102동 B05기둥,105동 B34기둥,109동 A08기둥) 지하 2층 (101동 A02기둥, 102동 B02기둥, 104동 B07기둥, 106동 B61기둥, 108동 A61기둥,A62기둥, 111동 C13기둥,C21기둥)",플러그링크
PL031615,인천 용현2단지금호타운,37.4473942,126.6326813,미추홀구,12,0,12,0,0,12,0.0,0.0,"인천 미추홀구 매소홀로 68 인천 용현2단지금호타운 지상 1층 211동 3,4라인,지상 1층 210동 1,2라인,지상 1층 212동,지상 1층 205~208동 사이",플러그링크
PL031637,인천 굴포천역 주차장,37.50784,126.7330424,부평구,8,0,8,0,0,8,0.0,0.0,인천 부평구 충선로203번길 58 인천 굴포천역 주차장 지상주차장,플러그링크
PL031646,인천 영풍1단지아파트,37.4608865,126.7222365,남동구,4,0,4,0,0,4,0.0,0.0,인천 남동구 호구포로888번길 40 인천 영풍1단지아파트 지상 1층 어린이놀이터 좌측,플러그링크
PL031725,인천 검단신도시모아미래도엘리트파크,37.5840586,126.7069213,서구,31,0,31,0,0,31,0.0,0.0,"인천광역시 검단구 서로3로 50 인천 검단신도시모아미래도엘리트파크 지하1층(A37기둥), 지하2층(A74 기둥,A76 기둥,A77 기둥,A80 기둥,A48 기둥,A46 기둥,A36 기둥)",플러그링크
PL031747,인천 파라곤센트럴파크,37.5874616,126.7099991,서구,64,0,64,0,0,64,0.0,0.0,"인천광역시 검단구 이음2로 29 인천 파라곤센트럴파크 지하1층(501,503,506동), 지하2층(502,505,506동)",플러그링크
PL031815,인천 삼산주공미래타운5단지,37.5172553,126.7446791,부평구,13,0,13,0,0,13,0.0,0.0,"인천 부평구 영성중로 16 인천 삼산주공미래타운5단지 503동 앞 지상, 506동 뒤 지상",플러그링크
PL031830,인천 미추홀구 동아아파트,37.4659984,126.6662824,미추홀구,7,0,7,0,0,7,0.0,0.0,인천 미추홀구 경인로 203-12 인천 미추홀구 동아아파트 지하 1층 B1F 20-26 기둥,플러그링크
PL031860,인천 검단힐스테이트5차,37.5913414,126.6692947,서구,11,0,11,0,0,11,0.0,0.0,"인천광역시 검단구 청마로34번길 6 인천 검단힐스테이트5차 502동 지하1층, 504동 지하1층",플러그링크
PL031862,인천 주안파크자이더플래티넘아파트,37.4478468,126.6721571,미추홀구,99,0,99,0,0,99,0.0,0.0,"인천 미추홀구 인하로222번길 20 인천 주안파크자이더플래티넘아파트 지하2층(302동,306동,308동,304동)",플러그링크
PL031872,인천 송도글로벌파크베르디움아파트,37.3747137,126.6548135,연수구,10,0,10,0,0,10,0.0,0.0,"인천 연수구 송도문화로28번길 27 인천 송도글로벌파크베르디움아파트 지하 1층 209동 32번 기둥2, 지하 1층 209동 30번 기둥",플러그링크
PL031882,인천 작전2-2차 현대아파트,37.5280066,126.737781,계양구,25,0,25,0,0,25,0.0,0.0,"인천 계양구 효서로 381 인천 작전2-2차 현대아파트 213동 지하1층, 211동 지하1층, 212동 지하1층, 214동 지하1층, 214동 지하2층",플러그링크
PL031931,인천 진흥아파트,37.4435728,126.7424707,남동구,6,0,6,0,0,6,0.0,0.0,"인천 남동구 장승남로81번길 16 인천 진흥아파트 지상 1층 1동 옆, 지상 1층 5동 옆",플러그링크
PL031936,인천 검단신도시한신더휴캐널파크,37.5902018,126.7049636,서구,42,2,40,0,0,42,0.0,4.76,"인천광역시 검단구 이음3로 125 인천 검단신도시한신더휴캐널파크 지하 1층 (Y23,R30,1103동 출구쪽 휀룸, 1107동 창고), 지하 2층( 전기실 우측, 1101동 P12기둥 좌우측, 1102-1103동쪽 전기실 좌우측)",플러그링크
PL031946,검단한신더휴어반파크,37.588021,126.707758,서구,24,0,24,0,0,24,0.0,0.0,"인천광역시 검단구 매밭로 130 검단한신더휴어반파크 지하 1층 정문 쪽 램프 앞,지하 2층 (후문 쪽 램프 옆,1001동 1,2호 라인 앞, 1003동 1,2호 라인 앞, 1004동 3,4,5호 라인 앞, 1006동 3,4호 라인 앞)",플러그링크
PL032110,인천 부평구 글로리병원,37.5071607,126.7353867,부평구,1,0,1,0,1,0,100.0,0.0,인천 부평구 길주로 655 인천 부평구 글로리병원 지하 2층 B2F 주차장,플러그링크
PL032188,인천 미추홀구 용현한양1차아파트,37.4495116,126.6376058,미추홀구,12,0,12,0,0,12,0.0,0.0,"인천 미추홀구 낙섬중로 20 인천 미추홀구 용현한양1차아파트 지상 1층 (7동뒤 지상주차장, 102동 지상주차장, 108동 지상주차장)",플러그링크
PL032192,인천 부평구 우성산곡4차아파트,37.495009,126.7075787,부평구,5,0,5,0,0,5,0.0,0.0,"인천 부평구 안남로123번길 46 인천 부평구 우성산곡4차아파트 지상 1층 402, 403동 뒤편 중앙 보도블럭 좌, 우",플러그링크
PL032292,인천 계양 박촌아주아파트,37.5564301,126.7407228,계양구,3,0,3,0,0,3,0.0,0.0,인천 계양구 장제로995번길 44 인천 계양 박촌아주아파트 지상 1층 2동 옆,플러그링크
PL032319,인천 서구 청라웰카운티1차아파트,37.5386135,126.657992,서구,23,1,22,0,0,23,0.0,4.35,"인천광역시 서해구 청라에메랄드로 156 인천 서구 청라웰카운티1차아파트 지하 1층 (201동 B20기둥, 201동 C20기둥), 지하 2층 (201동 전기실 옆 C20기둥, 202동 4휀룸 옆 A10기둥, 203동 4휀룸 옆 A06기둥, 205동 입구 옆 H07기둥, 206동 2번휀룸 옆 H13기둥, 206동 G22기둥)",플러그링크
PL032341,인천 부평역 화성파크드림,37.485222,126.7271727,부평구,11,0,11,0,0,11,0.0,0.0,"인천 부평구 동수로 80 인천 부평역 화성파크드림 지하 1층 (103동 20번 기둥, 104동 06번 기둥)",플러그링크
PL032343,인천 서구 검단신도시 신안인스빌어반퍼스트,37.5823938,126.7114449,서구,73,0,73,0,0,73,0.0,0.0,"인천광역시 검단구 이음1로 173 인천 서구 검단신도시 신안인스빌어반퍼스트 지하 1층 (G30, 304동, 304동, 306동, 310동, 311동), 지하 2층 (301동 옆, 302동 뒤 빗물저류조펌프실 좌측, 303동, 303동, 305동, 306동 앞, 308동, 309동, 311동 Y05 전기실 앞)",플러그링크
PL032380,인천 계양구 계산태평아파트,37.5384841,126.7323519,계양구,2,0,2,0,0,2,0.0,0.0,인천 계양구 주부토로532번길 42 인천 계양구 계산태평아파트 지상 1층 4동 옆,플러그링크
PL032396,만수2동신한5차아파트,37.4619322,126.7376292,남동구,5,0,5,0,0,5,0.0,0.0,인천 남동구 만수서로 97-14 만수2동신한5차아파트 지상 1층 2동 옆 지상주차장,플러그링크
PL032414,부평SKVIEW(sk뷰)해모로아파트,37.4920223,126.7336911,부평구,70,0,70,0,0,70,0.0,0.0,인천 부평구 동수천로 71 부평SKVIEW(sk뷰)해모로아파트 지상 1층 103동 지상주차장,플러그링크
PL032416,영종호반써밋스카이센트럴2차,37.4781032,126.5117938,중구,41,0,41,0,0,41,0.0,0.0,"인천광역시 영종구 숲쟁이로 11 영종호반써밋스카이센트럴2차 311동 지하2층 주차장, 313동 지하2층 주차장",플러그링크
PL032426,검단힐스테이트,37.6005443,126.6648852,서구,11,0,11,0,0,11,0.0,0.0,"인천광역시 검단구 완정로92번길 11 검단힐스테이트 103동 앞 지상, 105동 앞 지상, 관리사무소 앞 지상",플러그링크
PL032435,계양효성해링턴플레이스아파트,37.5299551,126.7444173,계양구,57,0,57,0,0,57,0.0,0.0,"인천 계양구 서운로 34 계양효성해링턴플레이스아파트 지하1층(103동 A92기둥, A88기둥, 107동 A87,A94기둥, A95기둥, 114동 C17,C18기둥, C20기둥, C21기둥, C19기둥)",플러그링크
PL032480,만수현대아파트,37.4431369,126.7408609,남동구,9,0,9,0,0,9,0.0,0.0,"인천 남동구 장승남로 82 만수현대아파트 지상 1층 (101동 1~2라인 앞 주차장, 102동 1~2라인 앞 주차장, 103동 앞 3~4라인 앞 주차장)",플러그링크
PL032481,삼라마이다스,37.4592639,126.6738662,미추홀구,5,0,5,0,5,0,100.0,0.0,인천광역시 미추홀구 제일로 31 삼라마이다스 지하 1층 4번기둥,플러그링크
PL032483,동원아파트,37.4643718,126.6724189,미추홀구,5,0,5,0,0,5,0.0,0.0,인천광역시 미추홀구 주안로 27 도화 동원아파트 지상 1층 1동뒤편,플러그링크
PL032493,영종웰메이드시티,37.4881362,126.5643563,중구,4,0,4,0,4,0,100.0,0.0,인천광역시 영종구 하늘별빛로65번길 7-11 영종웰메이드시티 지하 1층 02기둥 옆 주차장,플러그링크
PL032501,송도더샵마스터뷰1단지,37.3833171,126.6298102,연수구,18,0,18,0,0,18,0.0,0.0,"인천 연수구 컨벤시아대로274번길 55 송도더샵마스터뷰1단지 지하 2층 주차장 O20번 기둥 측, 지하 2층 주차장 C16번 기둥 측",플러그링크
PL032504,당하2차풍림아이원아파트,37.5969575,126.6761691,서구,8,0,8,0,0,8,0.0,0.0,인천광역시 검단구 원당대로685번길 30 당하2차풍림아이원아파트 지상 1층 104동 뒷편 주차장,플러그링크
PL032505,송도더샵그린애비뉴7단지,37.4006257,126.648122,연수구,9,0,9,0,0,9,0.0,0.0,"인천광역시 연수구 컨벤시아대로42번길 35 송도 더샵 그린애비뉴 7단지 703동 지하1층, 지하1층 n01기둥, 지하1층 P-17 기둥",플러그링크
PL032517,영종금호어울림 2차아파트,37.4826012,126.5092849,중구,3,0,3,0,0,3,0.0,0.0,인천광역시 영종구 영종대로327번길 12 영종금호어울림 2차아파트 지하 1층 29기둥 옆,플러그링크
PL032531,선학태산아파트,37.4213255,126.6981047,연수구,6,0,6,0,0,6,0.0,0.0,인천 연수구 선학로 37 선학태산아파트 지상 1층 1동 앞 주차장,플러그링크
PL032538,현대5차아파트,37.4269075,126.6472428,연수구,10,0,10,0,0,10,0.0,0.0,"인천 연수구 한진로 49 현대5차아파트 506~507동 사이 지상, 503동 뒤 지상",플러그링크
PL032541,부평아트리움,37.4961131,126.7305936,부평구,4,0,4,0,0,4,0.0,0.0,인천 부평구 장제로 120 부평아트리움 지상 1층 101동 앞 주차장,플러그링크
PL032550,한화포레나인천구월아파트,37.4600066,126.7141629,남동구,53,0,53,0,0,53,0.0,0.0,"인천 남동구 용천로105번길 8 한화포레나인천구월아파트 지하1층(104동 02기둥,110동85,77,76기둥),지하2층(105동61,62기둥,105동64기둥,106동74, 77기둥,107동37~39기둥)",플러그링크
PL032553,연수2차풍림아파트,37.4002996,126.673092,연수구,17,0,17,0,0,17,0.0,0.0,"인천 연수구 경원대로119번길 21 연수2차풍림아파트 109동 뒤 지상, 111동 뒤 지상, 114동 뒤 지상",플러그링크
PL032556,인천IT타워,37.4645675,126.6679542,미추홀구,2,0,2,0,2,0,100.0,0.0,인천 미추홀구 경인로 229 인천IT타워 지상 1층 입구 앞 주차장,플러그링크
PL032586,옥련태평아파트,37.4264442,126.6557045,연수구,6,0,6,0,0,6,0.0,0.0,"인천 연수구 한나루로193번길 16 옥련태평아파트 지상 1층 102동 뒤 우측,102동 뒤 좌측",플러그링크
PL032637,부개주공아파트(6단지),37.5001258,126.7402329,부평구,27,0,27,0,0,27,0.0,0.0,"인천 부평구 부개로 12 부개주공아파트(6단지) 601동 지상,602동 지상,603동 지상,605동 지상,606동 지상,609동 지상,지상 테니스장 좌/우측 주차장",플러그링크
PL032641,계양1차하우스토리,37.5563407,126.7489106,계양구,3,0,3,0,0,3,0.0,0.0,인천 계양구 서부간선로 290 계양1차하우스토리 지상 1층 101동 4~5라인 앞 주차장,플러그링크
PL032645,더샵송도센터니얼아파트,37.3862342,126.629961,연수구,22,0,22,0,0,22,0.0,0.0,"인천광역시 연수구 컨벤시아대로274번길 62 1901동 지하1층, 1902동 지하1층, 1903동 지하1층, 지하 1층 1904동 옆",플러그링크
PL032655,은행마을삼보아파트,37.5367283,126.7398326,계양구,13,0,13,0,0,13,0.0,0.0,"인천 계양구 계산새로 108 은행마을삼보아파트 지상(405동 1~2라인,406동1~2라인,406동 후면 상가방면)",플러그링크
PL032689,스위트클래스청라,37.5325183,126.6288123,서구,3,0,3,0,3,0,100.0,0.0,인천광역시 서해구 청라한내로72번길 7-11 스위트클래스청라 지하 2층 상부 주차장,플러그링크
PL032693,송도푸르지오월드마크2단지,37.3975858,126.6506665,연수구,7,0,7,0,0,7,0.0,0.0,"인천 연수구 컨벤시아대로 60 송도푸르지오월드마크2단지 지하 1층 H2번 기둥 좌측,지하 2층 J3번 기둥 우측",플러그링크
PL032700,이편한세상검단어반센트로,37.5891091,126.7012348,서구,47,0,47,0,0,47,0.0,0.0,"인천광역시 검단구 이음3로 101 이편한세상검단어반센트로 B2F(1401동,1402동,1404동,1405동,1411동,1413동,A05,A08,34,A09,A32,A48,A61,B16,B43,B59,B71,B79,B80,B82,C02,C15,C45,C53C55기둥)",플러그링크
PL032703,연희18차광명아파트,37.5481466,126.6821819,서구,6,0,6,0,0,6,0.0,0.0,"인천광역시 서해구 심곡로 170 연희18차광명아파트 지상 1층 1동(5-6라인)앞, 지상 1층 1동 뒤",플러그링크
PL032712,인천시청역힐스테이트아파트,37.4578444,126.6950063,남동구,45,0,45,0,0,45,0.0,0.0,"인천 남동구 구월로37번길 10 인천시청역힐스테이트아파트 지하 2층 102동 옆, 105동 앞, 106동 앞, 107동 앞, 지하 3층 101동 앞, 103동 앞, 106동 앞, 108동 앞",플러그링크
PL032714,영종베르힐 스카이시티,37.4799451,126.5310623,중구,87,0,87,0,0,87,0.0,0.0,인천광역시 영종구 찬들로 141 영종베르힐 스카이시티 지상 1층 110동 램프옆,플러그링크
PL032715,검단1차풍림아파트,37.6019407,126.649945,서구,7,0,7,0,0,7,0.0,0.0,인천광역시 검단구 봉수대로1440번길 10 검단1차풍림아파트 지상 1층 303동 뒤,플러그링크
PL032721,"부평1,2차 금호타운",37.5065666,126.7107225,부평구,60,0,60,0,0,60,0.0,0.0,"인천 부평구 안남로 272 부평1,2차 금호타운 지상(101동 앞/옆,102동앞,106동 놀이터앞,208동뒤,209동 뒤,301동앞,302동앞)",플러그링크
PL032752,유승그린아파트,37.5263179,126.7131516,계양구,3,0,3,0,0,3,0.0,0.0,인천광역시 계양구 아나지로197번길 9 유승그린아파트 지상 1층 후문 서쪽 방향 주차장,플러그링크
PL032764,더예스스카이오피스텔,37.4920657,126.4992723,중구,5,0,5,0,5,0,100.0,0.0,인천광역시 영종구 영종대로 190 더예스스카이오피스텔 지하 3층 관리사무실 앞 주차장,플러그링크
PL032794,계산현대아파트,37.5376687,126.73334,계양구,20,0,20,0,0,20,0.0,0.0,"인천광역시 계양구 계산로 165 계산현대아파트 102동지상,103동지상,105동지상,107동지상,109동 지상,110동지상",플러그링크
PL032795,경남1차아파트,37.5034413,126.711765,부평구,12,0,12,0,0,12,0.0,0.0,"인천 부평구 안남로222번길 27 경남1차아파트 103동 뒤 지상 우/좌측, 102동 테니스장 옆 지상",플러그링크
PL032823,가재울역트루엘에코시티아파트,37.4849143,126.6866483,서구,76,0,76,0,0,76,0.0,0.0,"인천광역시 서해구 열우물로240번길 20 가재울역트루엘에코시티아파트 B1F(104동), B1F(103동, 104동, 105동, 106동, 107동, 108동, 109동), B3F(103동)",플러그링크
PL032825,학성골프장,37.3939116,126.7136841,남동구,2,0,2,0,2,0,100.0,0.0,인천광역시 남동구 논현고잔로128번길 10 지하 1층 주차장 출입구 앞,플러그링크
PL032862,연수3차대우아파트,37.4134036,126.6673291,연수구,3,0,3,0,0,3,0.0,0.0,인천 연수구 동곡재로117번길 22 연수3차대우아파트 지상 1층 110동 옆 주차장,플러그링크
PL032864,힐스테이트자이계양아파트,37.531112,126.718044,계양구,80,0,80,0,0,80,0.0,0.0,"인천 계양구 봉오대로651번길 9 힐스테이트자이계양아파트 B1F(103동k12기둥,K14기둥,110동109,110기둥,J07기둥),B2F(101~102동A05기둥,P1,A06기둥,107~108동A06기둥,A08기둥,P2기둥,111동P3기둥,Q10기둥,114동A05기둥,A06,07기둥)",플러그링크
PL032865,호반써밋1차아파트,37.5962848,126.7081316,서구,2,0,2,0,0,2,0.0,0.0,인천광역시 검단구 이음5로 15 호반써밋1차아파트 지하 1층 3107동 출입구앞,플러그링크
PL032955,인천진주3단지아파트,37.4923066,126.6820751,서구,6,0,6,0,0,6,0.0,0.0,인천광역시 서해구 장고개로309번길 29 인천진주3단지아파트 지상 1층 관리사무소 앞,플러그링크
PL032961,가림타워스위트오피스텔,37.5325434,126.6376465,서구,6,0,6,0,6,0,100.0,0.0,"인천광역시 서해구 크리스탈로74번길 7-9 지하 3층 주차장 입구 램프 뒤, 지하 2층 주차장 입구 램프 앞",플러그링크
PL032963,동춘태평1차아파트,37.4108644,126.6665631,연수구,10,0,10,0,0,10,0.0,0.0,"인천광역시 연수구 앵고개로206번길 10 동춘태평1차아파트 102동 앞 지상, 관리사무소 옆 지상",플러그링크
PL032980,용현삼화아파트,37.4509711,126.6649046,미추홀구,2,0,2,0,0,2,0.0,0.0,인천 미추홀구 한나루로489번길 49 용현삼화아파트 지상 1층 정문 앞,플러그링크
PL032986,간석동영남아파트,37.4672724,126.6905783,남동구,3,0,3,0,0,3,0.0,0.0,인천광역시 남동구 경원대로 950 지상 1층 1동 2동 사이,플러그링크
PL033014,힐스테이트롯데캐슬골드1단지아파트,37.4564793,126.7104379,남동구,60,0,60,0,0,60,0.0,0.0,"인천 남동구 구월로 192 힐스테이트롯데캐슬골드1단지아파트 지상 1층 (1100동 주차장, 1500동 주차장)",플러그링크
PL033087,현대아파트,37.5232939,126.7397668,부평구,5,0,5,0,0,5,0.0,0.0,인천 부평구 부평북로 407 현대아파트 지상 1층 관리사무실 옆 주차장,플러그링크
PL033091,가이아샹베르2차아파트,37.5573677,126.6511254,서구,11,0,11,0,0,11,0.0,0.0,"인천광역시 서해구 경서로31번길 47 가이아샹베르2차아파트 203동 앞 지상, 204동 앞 지상, 207동 뒤 지상",플러그링크
PL033092,만수주공4단지아파트,37.4599835,126.7405451,남동구,19,0,19,0,0,19,0.0,0.0,"인천 남동구 백범로124번길 126 만수주공4단지아파트 지상 1층 (419동 앞 주차장, 관리사무소 옆 우측 주차장, 관리사무소 옆 좌측 주차장)",플러그링크
PL033115,백산2차아파트,37.421877,126.6449421,연수구,3,0,3,0,0,3,0.0,0.0,인천광역시 연수구 능허대로123번길 8 백산2차아파트 지상 1층 201동 앞 주차장,플러그링크
PL033118,힐스테이트 신검단 센트럴아파트,37.6076771,126.6979529,서구,58,0,58,0,0,58,0.0,0.0,"인천광역시 검단구 고산후로 249 힐스테이트 신검단 센트럴아파트 B2F(4207동,4210동,4213동),B3F(4204동,4211동,4212동)",플러그링크
PL033134,운서역 금강펜테리움,37.4901071,126.503317,중구,37,0,37,0,0,37,0.0,0.0,"인천광역시 영종구 영종대로277번길 47-10 운서역 금강펜테리움 지하 1층 1001동 옆, 1003동 옆, 1004동 옆, 1005동 앞, 1006동 앞",플러그링크
PL033158,동원아파트,37.5071301,126.698141,부평구,3,0,3,0,0,3,0.0,0.0,인천 부평구 길주로326번길 45 동원아파트 1동 앞 지상,플러그링크
PL033190,구월동코아루파크드림오피스텔,37.4537728,126.7058206,남동구,4,0,4,0,0,4,0.0,0.0,인천광역시 남동구 미래로 42 구월동코아루파크드림오피스텔 지하 1층 주차램프 앞,플러그링크
PL033191,검암마젤란21아파트,37.5653421,126.6725747,서구,5,0,5,0,0,5,0.0,0.0,인천광역시 서해구 도요지로189번길 104 검암마젤란21아파트 지상 1층 101동 옆,플러그링크
PL033205,석남대명아파트,37.5102468,126.6657155,서구,3,0,3,0,0,3,0.0,0.0,인천광역시 서해구 새오개로 4 석남대명아파트 지상 1층 후문 옆,플러그링크
PL033230,갈산이안아파트,37.5169348,126.7224034,부평구,6,0,6,0,0,6,0.0,0.0,"인천 부평구 평천로305번길 15 갈산이안아파트 관리소 앞 지상, 102동 뒤 지상",플러그링크
PL033233,송림풍림아이원아파트,37.4822536,126.6506481,동구,18,0,18,0,0,18,0.0,0.0,"인천광역시 제물포구 송미로 6 송림풍림아이원아파트 109동 지상, 112동 지상, 115동 지상, 117동 지상",플러그링크
PL033269,한양1차아파트,37.4081355,126.6811128,연수구,5,0,5,0,0,5,0.0,0.0,인천 연수구 원인재로 124 한양1차아파트 지상 1층 관리동뒤 주차장,플러그링크
PL033308,우암센스뷰,37.535552,126.726078,계양구,3,0,3,0,0,3,0.0,0.0,인천 계양구 계산로126번길 19 우암센스뷰 지상 1층 정문 부근,플러그링크
PL033333,간석2차우성아파트,37.4670821,126.6970223,남동구,3,0,3,0,0,3,0.0,0.0,인천 남동구 석정로551번길 20 간석2차우성아파트 지상 1층 202동 앞,플러그링크
PL033363,동아아파트,37.5108869,126.7299228,부평구,4,0,4,0,0,4,0.0,0.0,인천광역시 부평구 갈월동로 42 동아아파트 지상 1층 4동 뒤 주차장,플러그링크
PL033367,솔빛마을 주공2차아파트,37.4793118,126.6352539,동구,7,0,7,0,0,7,0.0,0.0,인천광역시 제물포구 송현로 39 솔빛마을 주공2차아파트 지상 1층 202동 뒤 좌측/우측,플러그링크
PL033372,현대2단지아파트,37.4931759,126.7080319,부평구,3,0,3,0,0,3,0.0,0.0,인천 부평구 안남로 91 현대2단지아파트 지상 1층 209동 옆 주차장,플러그링크
PL033376,풍림 아이원아파트,37.4957103,126.4843784,중구,10,0,10,0,0,10,0.0,0.0,"인천광역시 영종구 영종대로27번길 40 풍림 아이원아파트 지상 1층 (210동 주차장, 212동 주차장, 213동 주차장, 215동 주차장)",플러그링크
PL033411,뉴서울2차아파트,37.4999013,126.7063732,부평구,3,0,3,0,0,3,0.0,0.0,인천 부평구 부흥로123번길 36 뉴서울2차아파트 지상 1층 202동 앞,플러그링크
PL033431,계산주공아파트,37.5412438,126.7340726,계양구,8,0,8,0,0,8,0.0,0.0,인천 계양구 경명대로1142번길 3 계산주공아파트 관리소 옆 지상,플러그링크
PL033544,경남1차아파트,37.5291728,126.6994625,계양구,2,0,2,0,0,2,0.0,0.0,인천 계양구 봉오대로463번길 17 경남1차아파트 지상 1층 경비실앞,플러그링크
PL033562,태경아파트,37.4226349,126.6821755,연수구,5,0,5,0,0,5,0.0,0.0,인천 연수구 먼우금로 299 태경아파트 지상 1층 105동 뒤 주차장,플러그링크
PL033563,현대3차아파트,37.5296191,126.7169261,계양구,5,0,5,0,0,5,0.0,0.0,인천 계양구 새벌로133번길 4 현대3차아파트 지상 1층 101동 앞 경비실 주차장,플러그링크
PL033577,동남아파트,37.5195318,126.7366859,부평구,3,0,3,0,0,3,0.0,0.0,인천 부평구 후정동로25번길 3-10 동남아파트 지상 1층 관리사무소 앞,플러그링크
PL033622,루원시티루에블리,37.5239415,126.6670941,서구,27,0,27,0,0,27,0.0,0.0,"인천광역시 서해구 봉오재1로 49 루원시티루에블리 지상(801동,802동,806동),B1F(801동,802동,803동,804동,805동)",플러그링크
PL033654,우리들애,37.4635699,126.683828,미추홀구,4,0,4,0,0,4,0.0,0.0,인천 미추홀구 주안로 128 우리들애 지상 1층 관리소 옆 주차장,플러그링크
PL033672,하나아파트,37.5262721,126.6849631,서구,3,0,3,0,0,3,0.0,0.0,인천광역시 서해구 봉오대로318번길 18 하나아파트 지상 1층 관리사무소 앞,플러그링크
PL033682,더샵 엑스포,37.4027093,126.6448429,연수구,3,0,3,0,0,3,0.0,0.0,인천 연수구 컨벤시아대로42번길 77 더샵 엑스포 지하 2층 F05번 기둥,플러그링크
PL033743,더 예스 아틀라스 오피스텔,37.4905218,126.4981088,중구,3,0,3,0,0,3,0.0,0.0,인천광역시 영종구 햇내로14번길 9 더 예스 아틀라스 오피스텔 지하 1층 주차장 A02기둥,플러그링크
PL033744,더예스클라우드,37.4910536,126.4984976,중구,4,0,4,0,0,4,0.0,0.0,인천광역시 영종구 햇내로28번길 10 더예스클라우드 지하 1층 주차장 B03기둥,플러그링크
PL033752,브라운스톤 계양스카이,37.5258816,126.7248376,계양구,5,0,5,0,0,5,0.0,0.0,인천 계양구 아나지로299번길 11 브라운스톤 계양스카이 지하 1층 102동 옆 주차장,플러그링크
PL033770,웰카운티송도3단지,37.3821549,126.6474942,연수구,8,0,8,0,8,0,100.0,0.0,인천 연수구 해송로30번길 19 웰카운티송도3단지 지하 1층 306동 옆 주차장,플러그링크
PL033778,송도 더샵 마스터뷰 22BL,37.3822127,126.6314245,연수구,5,0,5,0,0,5,0.0,0.0,인천 연수구 컨벤시아대로274번길 35 송도 더샵 마스터뷰 22BL 지하 2층 2205동 앞 주차장,플러그링크
PL033805,아인애비뉴 복합몰(포레나 미추홀),37.4580182,126.6811632,미추홀구,24,0,24,0,24,0,100.0,0.0,"인천광역시 미추홀구 경인로 372 포레나 미추홀 지하3층 42ㄱ기둥,지하4층 35기둥,지하5층40~10기둥",플러그링크
PL100045,포레나 미추홀,37.4619882,126.6699459,미추홀구,20,0,20,0,0,20,0.0,0.0,인천광역시 미추홀구 경인로 372,플러그링크
PL100096,래미안부평2단지,37.5042921,126.7230383,부평구,4,0,4,0,0,4,0.0,0.0,인천광역시 부평구 길주남로10번길 11,플러그링크
PL927850,힐스테이트 송도 더테라스 2,37.4108764,126.6269414,연수구,6,0,6,0,0,6,0.0,0.0,인천광역시 연수구 센트럴로 415(송도동) 힐스테이트 송도 더테라스 지하 2층 109동 E50기둥,플러그링크
PL931084,부평캐슬앤더샵퍼스트아파트,37.5167715,126.7034111,부평구,7,0,7,0,0,7,0.0,0.0,"인천광역시 부평구 산청로 60 부평캐슬앤더샵퍼스트아파트 지하1층,지하2층",플러그링크
PL931593,인천 루원시티SK리더스뷰,37.5242525,126.6701177,서구,48,0,48,0,0,48,0.0,0.0,"인천광역시 서해구 가정로 437 인천 루원시티SK리더스뷰 지하 3층 (103동 A30기둥,B02기둥,B05기둥), (108동 C03기둥,C05기둥), 지하 4층 101동 A15기둥,103동(B05기둥,C04기둥,C05기둥), 108동 C02기둥, 111동(C13기둥, C21기둥)",플러그링크
PL931862,인천 주안파크자이더플래티넘아파트,37.4478468,126.6721571,미추홀구,24,5,19,0,0,24,0.0,20.83,"인천 미추홀구 인하로222번길 20 인천 주안파크자이더플래티넘아파트 지하 1층(309동,302동,303동,304동,310동,311동,312동,313동,306동)",플러그링크
PW000050,서창2지구 호반베르디움,37.423026,126.747755,남동구,7,0,7,0,0,7,0.0,0.0,인천광역시 남동구 서창남순환로 200(서창동) 자하주차장 B1 06,파워큐브코리아
PW000114,럭키송도 A,37.424406,126.641371,연수구,2,0,2,0,0,2,0.0,0.0,"인천광역시 연수구 능허대로79번길 30(옥련동) 1주차장 A, B23, C09, D34, 1주차장 17, 3주차장 35, 4주차장 07",파워큐브코리아
PW000115,럭키송도 B,37.424406,126.641372,연수구,2,0,2,0,0,2,0.0,0.0,"인천광역시 연수구 능허대로79번길 30(옥련동) 1주차장 A, B23, C09, D34, 1주차장 17, 3주차장 35, 4주차장 07",파워큐브코리아
PW000116,럭키송도 C,37.424406,126.641373,연수구,2,0,2,0,0,2,0.0,0.0,"인천광역시 연수구 능허대로79번길 30(옥련동) 1주차장 A, B23, C09, D34, 1주차장 17, 3주차장 35, 4주차장 07",파워큐브코리아
PW000117,럭키송도 D,37.424406,126.641374,연수구,1,0,1,0,0,1,0.0,0.0,"인천광역시 연수구 능허대로79번길 30(옥련동) 1주차장 A, B23, C09, D34, 1주차장 17, 3주차장 35, 4주차장 07",파워큐브코리아
PW000118,럭키송도 E,37.424406,126.641375,연수구,2,0,2,0,0,2,0.0,0.0,"인천광역시 연수구 능허대로79번길 30(옥련동) 1주차장 A, B23, C09, D34, 1주차장 17, 3주차장 35, 4주차장 07",파워큐브코리아
PW000119,럭키송도 F,37.424406,126.641376,연수구,2,0,2,0,0,2,0.0,0.0,"인천광역시 연수구 능허대로79번길 30(옥련동) 1주차장 A, B23, C09, D34, 1주차장 17, 3주차장 35, 4주차장 07",파워큐브코리아
PW000120,럭키송도 G,37.424406,126.641377,연수구,2,0,2,0,0,2,0.0,0.0,"인천광역시 연수구 능허대로79번길 30(옥련동) 1주차장 A, B23, C09, D34, 1주차장 17, 3주차장 35, 4주차장 07",파워큐브코리아
PW000595,작전현대2차-211동,37.530086,126.737367,계양구,2,0,2,0,0,2,0.0,0.0,인천광역시 계양구 효서로 381 지하1층 20,파워큐브
PW000596,작전현대2차-212동,37.529516,126.737496,계양구,2,0,2,0,0,2,0.0,0.0,인천광역시 계양구 효서로 381 지하1층 25,파워큐브
PW000597,작전현대2차-213동,37.528971,126.737292,계양구,2,0,2,0,0,2,0.0,0.0,인천광역시 계양구 효서로 381 지하1층 23,파워큐브
PW000598,작전현대2차-214동,37.528469,126.73785,계양구,2,0,2,0,0,2,0.0,0.0,"인천광역시 계양구 효서로 381 지하1,2층 25",파워큐브
PW000599,작전현대2차-214동 A,37.528469,126.737852,계양구,2,0,2,0,0,2,0.0,0.0,"인천광역시 계양구 효서로 381 지하1,2층 25",파워큐브
PW000605,송도더샵하버뷰13단지-1303동,37.39886,126.64655,연수구,3,0,3,0,0,3,0.0,0.0,인천광역시 연수구 아트센터대로97번길 75,파워큐브(SP)
PW000606,송도더샵하버뷰13단지-1307동,37.398002,126.645339,연수구,2,0,2,0,0,2,0.0,0.0,인천광역시 연수구 아트센터대로97번길 75,파워큐브
PW000717,구월아시아드선수촌5단지-502동,37.443816,126.715884,남동구,3,0,3,0,0,3,0.0,0.0,인천광역시 남동구 선수촌로 56 B2 23,파워큐브(SP)
PW000718,구월아시아드선수촌5단지-503동,37.443811,126.716599,남동구,3,0,3,0,0,3,0.0,0.0,인천광역시 남동구 선수촌로 56 503동 주차장 30,파워큐브(SP)
PW000719,구월아시아드선수촌5단지-505동,37.444648,126.71734,남동구,3,0,3,0,0,3,0.0,0.0,인천광역시 남동구 선수촌로 56 B2 36,파워큐브(SP)
PW000962,송도더샵퍼스트파크14단지(SP),37.387909,126.633526,연수구,1,0,1,0,0,1,0.0,0.0,인천광역시 연수구 컨벤시아대로252번길 50 1403동 지하2층 06,파워큐브(SP)
PW001031,에듀포레푸르지오-203동,37.375707,126.661093,연수구,6,0,6,0,0,6,0.0,0.0,인천광역시 연수구 송도문화로84번길 24 203동 지하1층,파워큐브
PW001032,에듀포레푸르지오-204동,37.375179,126.659559,연수구,7,0,7,0,0,7,0.0,0.0,인천광역시 연수구 송도문화로84번길 24 204동 지하1층,파워큐브
PW001066,우림카이저팰리스-1단지 102동,37.524338,126.729053,계양구,3,0,3,0,0,3,0.0,0.0,인천광역시 계양구 아나지로 332,파워큐브(SP)
PW001067,우림카이저팰리스-2단지 202동,37.524347,126.728021,계양구,5,0,5,0,0,5,0.0,0.0,인천광역시 계양구 아나지로 332,파워큐브(SP)
PW001170,e편한세상서창,37.426074,126.750222,남동구,1,0,1,0,0,1,0.0,0.0,인천광역시 남동구 서창남순환로 9,파워큐브(SP)
PW001171,e편한세상서창 A,37.426074,126.750223,남동구,1,0,1,0,0,1,0.0,0.0,인천광역시 남동구 서창남순환로 9,파워큐브(SP)
PW001172,e편한세상서창 B,37.426074,126.750224,남동구,1,0,1,0,0,1,0.0,0.0,인천광역시 남동구 서창남순환로 9,파워큐브(SP)
PW001173,e편한세상서창 C,37.426074,126.750225,남동구,1,0,1,0,0,1,0.0,0.0,인천광역시 남동구 서창남순환로 9,파워큐브(SP)
PW001174,e편한세상서창 D,37.426074,126.750226,남동구,1,0,1,0,0,1,0.0,0.0,인천광역시 남동구 서창남순환로 9,파워큐브(SP)
PW001175,e편한세상서창 E,37.426074,126.750227,남동구,1,0,1,0,0,1,0.0,0.0,인천광역시 남동구 서창남순환로 9,파워큐브(SP)
PW001176,e편한세상서창 F,37.426074,126.750228,남동구,1,0,1,0,0,1,0.0,0.0,인천광역시 남동구 서창남순환로 9,파워큐브(SP)
PW001177,e편한세상서창 G,37.426074,126.750229,남동구,1,0,1,0,0,1,0.0,0.0,인천광역시 남동구 서창남순환로 9,파워큐브(SP)
PW001178,e편한세상서창 H,37.426074,126.75022,남동구,1,0,1,0,0,1,0.0,0.0,인천광역시 남동구 서창남순환로 9,파워큐브(SP)
PW001222,연수푸르지오1단지-101동 지하2층,37.4162,126.680155,연수구,3,0,3,0,0,3,0.0,0.0,"인천광역시 연수구 벚꽃로 130-3 지하2층, 지하3층12, 지하4층12",파워큐브(SP)
PW001223,연수푸르지오2단지-202동 지하2층,37.416577,126.679271,연수구,2,0,2,0,0,2,0.0,0.0,"인천광역시 연수구 벚꽃로 130-4 지하2층 04, 지하4층 04",파워큐브(SP)
PW001273,청라29블럭호반베르디움-489동,37.527883,126.63997,서구,3,0,3,0,0,3,0.0,0.0,인천광역시 서해구 청라커낼로 163,파워큐브(SP)
PW001274,청라29블럭호반베르디움-B1 487동,37.527713,126.638157,서구,2,0,2,0,0,2,0.0,0.0,인천광역시 서해구 청라커낼로 163,파워큐브(SP)
PW001275,청라29블럭호반베르디움-484동,37.528487,126.638661,서구,1,0,1,0,0,1,0.0,0.0,인천광역시 서해구 청라커낼로 163,파워큐브(SP)
PW001276,청라29블럭호반베르디움-B1 492동,37.52727,126.640163,서구,4,0,4,0,0,4,0.0,0.0,인천광역시 서해구 청라커낼로 163,파워큐브(SP)
PW001277,청라29블럭호반베르디움-485동,37.528504,126.639895,서구,1,0,1,0,0,1,0.0,0.0,인천광역시 서해구 청라커낼로 163,파워큐브(SP)
PW001278,청라29블럭호반베르디움-489동,37.527883,126.63997,서구,3,0,3,0,0,3,0.0,0.0,인천광역시 서해구 청라커낼로 163,파워큐브(SP)
PW001279,청라29블럭호반베르디움-B1 494동,37.52641,126.639359,서구,4,0,4,0,0,4,0.0,0.0,인천광역시 서해구 청라커낼로 163,파워큐브(SP)
PW001280,청라29블럭호반베르디움-B2 488동,37.5274881,126.6372191,서구,4,0,4,0,0,4,0.0,0.0,인천광역시 서해구 청라커낼로 163 487동 B2 B04,파워큐브코리아
PW001317,검단힐스테이트2차,37.600562,126.662939,서구,1,0,1,0,0,1,0.0,0.0,인천광역시 검단구 완정로92번길 41,파워큐브(SP)
PW001353,송도더샵하버뷰13단지1335-1306동 사이,37.3983002,126.6462964,연수구,2,0,2,0,0,2,0.0,0.0,인천광역시 연수구 아트센터대로97번길 75 1335-1306동 사이,파워큐브
PW010041,(급속)송도더샵퍼스트파크14단지,37.388008602763,126.633734005,연수구,1,1,0,0,0,1,0.0,100.0,인천광역시 연수구 컨벤시아대로252번길 50,파워큐브
PW010045,청라29블럭호반베르디움-B2 488동(급속),37.527488155,126.63722085,서구,1,1,0,0,0,1,0.0,100.0,인천광역시 서해구 청라커낼로 163,파워큐브코리아
PW010055,연수푸르지오3단지,37.4164789074,126.677664681,연수구,2,0,2,0,0,2,0.0,0.0,인천광역시 연수구 먼우금로 218 연수푸르지오3단지,파워큐브
PW010056,연수푸르지오4단지,37.4168878044,126.676944477,연수구,2,0,2,0,0,2,0.0,0.0,인천광역시 연수구 먼우금로 217 연수푸르지오4단지,파워큐브
PW010292,논현한라아파트,37.404560322315,126.7374278426,남동구,1,0,1,0,0,1,0.0,0.0,인천광역시 남동구 포구로 64-8,파워큐브
PW010752,만수북중학교,37.461890158717,126.7391128753,남동구,2,0,2,0,2,0,100.0,0.0,인천광역시 남동구 만수서로 117,파워큐브
PW010761,청라제일풍경채2차,37.536687970463,126.6487577527,서구,10,0,10,0,0,10,0.0,0.0,인천광역시 서해구 청라한울로 96,파워큐브
PW010830,검단힐스테이트2차아파트19,37.5996198,126.6633825,서구,4,0,4,0,0,4,0.0,0.0,인천광역시 검단구 완정로92번길 41,파워큐브(SP)
PW010856,소풍재,37.266732580641,126.4483797511,옹진군,2,0,2,0,0,2,0.0,0.0,인천광역시 옹진군 영흥면 영흥로757번길 182,파워큐브
PW010960,논현주공13단지아파트,37.407360362471,126.7356650884,남동구,9,0,9,0,0,9,0.0,0.0,인천광역시 남동구 포구로 98,파워큐브
PW010976,구월테크노벨리D동,37.439187997905,126.7096269878,남동구,1,0,1,0,0,1,0.0,0.0,인천광역시 남동구 선수촌공원로 1,파워큐브
PW011075,송도더샵그린스퀘어아파트,37.3737867818,126.6540392343,연수구,10,0,10,0,0,10,0.0,0.0,인천광역시 연수구 송도문화로28번길 81,파워큐브
PW011189,송도캐슬해모로아파트,37.385002478492,126.6769006597,연수구,5,0,5,0,0,5,0.0,0.0,인천광역시 연수구 송도과학로51번길 136,파워큐브
PW011198,인천정각중학교,37.4556578,126.7167741,남동구,2,0,2,0,0,2,0.0,0.0,인천광역시 남동구 구월로 240 지상1층 주차장,파워큐브
PW011230,인천기계공업고등학교,37.456858131404,126.6683545848,미추홀구,2,0,2,0,2,0,100.0,0.0,인천광역시 미추홀구 한나루로 545,파워큐브
PW011612,검단힐스테이트3차2단지입주자대표회의,37.5984501,126.6399145,서구,5,0,5,0,0,5,0.0,0.0,인천광역시 검단구 버들로 46,파워큐브(SP)
PW011613,검단힐스테이트3차1단지입주자대표회의-1,37.6000052,126.6398585,서구,2,0,2,0,0,2,0.0,0.0,인천광역시 검단구 봉화로 60-17,파워큐브(SP)
PW011614,검단힐스테이트3차1단지입주자대표회의-2,37.6000052,126.6398585,서구,2,0,2,0,0,2,0.0,0.0,인천광역시 검단구 봉화로 60-17,파워큐브(SP)
PW011615,검단힐스테이트3차1단지입주자대표회의-3,37.6000052,126.6398585,서구,1,0,1,0,0,1,0.0,0.0,인천광역시 검단구 봉화로 60-17,파워큐브(SP)
PW011840,서창청광플러스원아파트입주자대표회의-1,37.431414509785,126.7477448329,남동구,1,0,1,0,0,1,0.0,0.0,인천광역시 남동구 서창남순환로 82,파워큐브
PW011841,서창청광플러스원아파트입주자대표회의-2,37.431414509785,126.7477448329,남동구,1,0,1,0,0,1,0.0,0.0,인천광역시 남동구 서창남순환로 82,파워큐브
PW011842,서창청광플러스원아파트입주자대표회의-3,37.431414509785,126.7477448329,남동구,1,0,1,0,0,1,0.0,0.0,인천광역시 남동구 서창남순환로 82,파워큐브
PW011843,서창청광플러스원아파트입주자대표회의-4,37.431414509785,126.7477448329,남동구,1,0,1,0,0,1,0.0,0.0,인천광역시 남동구 서창남순환로 82,파워큐브
PW011844,서창청광플러스원아파트입주자대표회의-5,37.431414509785,126.7477448329,남동구,4,0,4,0,0,4,0.0,0.0,인천광역시 남동구 서창남순환로 82,파워큐브
PW011866,연수서해아파트입주자대표회의,37.421371083483,126.6671395761,연수구,4,0,4,0,0,4,0.0,0.0,인천광역시 연수구 미추홀대로251번길 9,파워큐브
PW011894,프로방스호텔,37.461652998383,126.6817120271,미추홀구,2,0,2,0,0,2,0.0,0.0,인천광역시 미추홀구 미추홀대로722번길 24,파워큐브
PW011895,호텔아이,37.474940812725,126.6442568321,동구,2,0,2,0,0,2,0.0,0.0,인천광역시 제물포구 샛골로 139,파워큐브
PW012224,송도SK VIEW아파트,37.4141244,126.624905,연수구,10,0,10,0,0,10,0.0,0.0,인천광역시 연수구 랜드마크로 19,파워큐브(SP)
PW012250,루원시티대성베르힐아파트입주자대표회의-1,37.524428719184,126.6653212182,서구,3,0,3,0,0,3,0.0,0.0,인천광역시 서해구 봉오재1로 15,파워큐브
PW012251,루원시티대성베르힐아파트입주자대표회의-2,37.524428719184,126.6653212182,서구,3,0,3,0,0,3,0.0,0.0,인천광역시 서해구 봉오재1로 15,파워큐브
PW012252,루원시티대성베르힐아파트입주자대표회의-3,37.524428719184,126.6653212182,서구,4,0,4,0,0,4,0.0,0.0,인천광역시 서해구 봉오재1로 15,파워큐브
PW012523,루원호반베르디움더센트럴아파트 입주자대표회의,37.529336623,126.66815862,서구,5,0,5,0,0,5,0.0,0.0,인천광역시 서해구 봉오재3로 75,파워큐브
PW012531,유호앤시티입주자대표회의,37.401160901,126.73805139,남동구,5,0,5,0,0,5,0.0,0.0,인천광역시 남동구 포구로 35,파워큐브
PW012542,용현신창미션힐아파트 입주자대표회의,37.445153591,126.6421979,미추홀구,5,0,5,0,0,5,0.0,0.0,인천광역시 미추홀구 매소홀로 171,파워큐브
PW012544,청라14단지호반베르디움아파트입주자대표회의,37.536593356,126.65072917,서구,5,0,5,0,0,5,0.0,0.0,인천광역시 서해구 청라라임로 109,파워큐브
PW012562,구월아시아드선수촌6단지/인천도시공사,37.44148235,126.71284181,남동구,3,0,3,0,0,3,0.0,0.0,인천광역시 남동구 선수촌로 27,파워큐브
PW012574,간석래미안자이아파트 입주자대표회의,37.460144683,126.70896183,남동구,2,0,2,0,0,2,0.0,0.0,인천광역시 남동구 남동대로 860,파워큐브
PW012577,별빛마을웰카운티입주자대표회의,37.406859814,126.7319289,남동구,5,0,5,0,0,5,0.0,0.0,인천광역시 남동구 논현로 235,파워큐브
PW012586,신도브래뉴아파트 입주자대표회의(인천),37.542808042,126.72088439,계양구,2,0,2,0,0,2,0.0,0.0,인천광역시 계양구 계양대로 215,파워큐브
PW012588,연수서해아파트입주자대표회의(21년),37.421371083,126.66713957,연수구,1,0,1,0,0,1,0.0,0.0,인천광역시 연수구 미추홀대로251번길 9,파워큐브
PW012596,청라푸르지오아파트 입주자대표회의,37.535091283,126.63700842,서구,1,0,1,0,0,1,0.0,0.0,인천광역시 서해구 크리스탈로102번길 25,파워큐브
PW012714,대원레스피아1차아파트 입주자대표회의,37.613857614,126.6582742,서구,5,0,5,0,0,5,0.0,0.0,인천광역시 검단구 가현로 41,파워큐브
PW012724,루원제일풍경채아파트,37.531076112,126.66733418,서구,5,0,5,0,0,5,0.0,0.0,인천광역시 서해구 봉오재3로 11,파워큐브
PW012797,송도센트럴파크푸르지오시티 관리단,37.395204004,126.63128711,연수구,5,0,5,0,0,5,0.0,0.0,인천광역시 연수구 아트센터대로 203,파워큐브코리아
PW012799,아이파크송도 입주자대표회의,37.388617776,126.65804462,연수구,5,0,5,0,0,5,0.0,0.0,인천광역시 연수구 해돋이로6번길 7,파워큐브
PW012801,논현휴먼시아3단지 (하늘마을),37.403440452,126.71456827,남동구,5,0,5,0,0,5,0.0,0.0,인천광역시 남동구 논현로 45,파워큐브
PW012805,인천청라LH아파트입주자대표회의,37.527593329,126.64840138,서구,5,0,5,0,0,5,0.0,0.0,인천광역시 서해구 청라커낼로 232,파워큐브
PW012814,청라한신더휴커낼웨이오피스텔상가관리단,37.532387725,126.64704543,서구,5,0,5,0,0,5,0.0,0.0,인천광역시 서해구 청라커낼로260번길 27,파워큐브
PW012818,학교법인 인천가톨릭학원/마리스텔라,37.542273752,126.68550422,서구,5,0,5,0,0,5,0.0,0.0,인천광역시 서해구 심곡로100번길 31,파워큐브
PW012819,도림벽산블루밍아파트입주자대표회의,37.421015692,126.72869223,남동구,5,0,5,0,0,5,0.0,0.0,인천광역시 남동구 도림로 8,파워큐브
PW012820,더샵인천스카이타워1단지 입주자대표회의,37.469549587,126.66453881,미추홀구,5,0,5,0,0,5,0.0,0.0,인천광역시 미추홀구 숙골로88번길 12,파워큐브
PW012828,삼산타운2단지입주자대표회의,37.516827385,126.73702277,부평구,5,0,5,0,0,5,0.0,0.0,인천광역시 부평구 수변로 333,파워큐브
PW012885,용현엑슬루타워오피스텔상가관리단,37.456660524,126.63801523,미추홀구,5,0,5,0,0,5,0.0,0.0,인천광역시 미추홀구 아암대로29번길 16,파워큐브
PW012968,갈산대성유니드아파트입주자대표회의,37.522498992,126.73101627,부평구,5,0,5,0,0,5,0.0,0.0,인천광역시 부평구 새갈로 57,파워큐브코리아
PW013008,르네상스타워관리단,37.460392072,126.68913787,미추홀구,5,0,5,0,0,5,0.0,0.0,인천광역시 미추홀구 경원대로 869,파워큐브
PW013108,논현힐스테이트아파트입주자대표회의,37.4009406,126.7294896,남동구,19,0,19,0,0,19,0.0,0.0,인천광역시 남동구 논고개로68번길 49 101동B2F 2대/101동B2F 3대/102동B2F 2대/103동B2F 3대/104동B2F 3대/105동B2F 6대,파워큐브코리아
PW013109,동암신동아아파트입주자대표회의,37.4775471,126.7043402,부평구,39,0,39,0,0,39,0.0,0.0,인천광역시 부평구 아트센터로 118 106동B1F(3대)108동-110동B1F(3대)111동B1F(3대)112동B1F우(1대)좌(2대)114동B1F(3대)101동B2F(3대)104동B2F좌(1대)우(2대)106동B2,파워큐브코리아
PW013114,칼리오페빌딩관리단,37.4015165,126.7220658,남동구,6,0,6,0,0,6,0.0,0.0,인천광역시 남동구 논고개로123번길 35 지하3층 B319번~B321번 기둥 사이 6대,파워큐브코리아
PW013199,계산중앙A입주자대표회의,37.5415027,126.7400185,계양구,9,0,9,0,0,9,0.0,0.0,인천광역시 계양구 계양문화로 141 P-1 201동지하 3대/P-1 201동지하 2대/P-2 203동지하 2대/P-2 203동지하 2대,파워큐브코리아
PW013337,도화역 대성유니드APT입주자대표회의,37.4656278,126.6684895,미추홀구,6,0,6,0,0,6,0.0,0.0,인천광역시 미추홀구 숙골로8번길 15 지하2층 25번기둥 (6기),파워큐브코리아
PW013340,영종한양수자인아파트입주자대표회의,37.4907002,126.5535731,중구,26,0,26,0,0,26,0.0,0.0,인천광역시 영종구 은하수로 377 지하1층 73~74번기둥 벽면 (3기)지하1층 01~02번기둥 벽면 (8기)지하1층 08~10번기둥 벽면 (9기)지하1층 88~111번기둥 벽면 (6기),파워큐브코리아
PW013388,계양산파크트루엘 아파트,37.5473657,126.7222653,계양구,2,0,2,0,0,2,0.0,0.0,인천광역시 계양구 경명대로1045번길 31 104동 지상주차장,파워큐브코리아
PW013436,엘아이지식산업센터 관리단,37.3891177,126.7007818,남동구,9,0,9,0,0,9,0.0,0.0,인천광역시 남동구 호구포로 50 지상9층 주차장 9대,파워큐브코리아
PW013438,간석한신더휴 입주자대표회의,37.4683796,126.6880011,남동구,14,0,14,0,0,14,0.0,0.0,인천광역시 남동구 석정로461번길 50 지하2층주차장 109동(3대) 지하2층주차장 103동(3대) 지하2층주차장 106동(3대) 지하1층주차장 104동(3대) 지하1층주차장 108동(2대),파워큐브코리아
PW013480,뉴월드아파트입주자대표회의,37.4657428,126.6385981,중구,2,0,2,0,0,2,0.0,0.0,인천광역시 제물포구 도원로26번길 33-8 지하주차장 전기실 옆 2대,파워큐브
PW013486,별빛마을웰카운티입주자대표회의22,37.4068598,126.7319289,남동구,12,0,12,0,0,12,0.0,0.0,인천광역시 남동구 논현로 235 지하2층 1003동 휀룸10 앞 6대/지하2층 1004동 K20번~K19번 기둥 사이 3대/지하2층 1005동 K27번 기둥 좌측 3대,파워큐브
PW013487,부평현대더로프트,37.4895204,126.728913,부평구,3,0,3,0,0,3,0.0,0.0,인천광역시 부평구 장제로 45 지하4층주차장 101동 3기,파워큐브
PW013488,인천논현푸르지오입주자대표회의,37.4030207,126.7384408,남동구,14,0,14,0,0,14,0.0,0.0,"인천광역시 남동구 포구로 40 101동 B2F 펌프실 옆 좌1대,우5대/102동 B2F 전기실 좌2대/104동 B2F 입구 좌3대,우3대",파워큐브
PW013513,불로길훈아파트 입주자대표회의,37.6136306,126.6860661,서구,13,0,13,0,0,13,0.0,0.0,인천광역시 검단구 검단로 786 지하2층주차장 (13대),파워큐브
PW013548,조광페인트-인천영업소(민수),37.489700568,126.65045982,동구,1,0,1,0,0,1,0.0,0.0,인천광역시 제물포구 방축로9번길 58-6,파워큐브
PW013723,송도삼성아파트 입주자대표회의,37.4242236,126.6462476,연수구,6,0,6,0,0,6,0.0,0.0,인천광역시 연수구 독배로40번길 18 지하1층 A14기둥 좌측 2대/ 우측 4대,파워큐브
PW013724,학익원흥아파트입주자대표회의,37.4388455,126.6597804,미추홀구,9,0,9,0,0,9,0.0,0.0,인천광역시 미추홀구 한나루로341번길 38 지하1층 주차장 9대,파워큐브
PW013735,송도센트럴파크푸르지오시티 관리단22,37.395204,126.6312871,연수구,18,0,18,0,0,18,0.0,0.0,인천광역시 연수구 아트센터대로 203 B동 지상2층주차장 (5대)/A동 지상2층주차장 (5대)/B동 지상3층주차장 (5대)/A동 지상3층주차장 (3대),파워큐브
PW013758,대원레스피아1차아파트입주자대표회의22,37.6138576,126.6582742,서구,4,0,4,0,0,4,0.0,0.0,"인천광역시 검단구 가현로 41 지하1층 1주차장 201동, 203동 입구 40번, 지하1층 2주차장 204동 입구 27번 기둥",파워큐브
PW013764,옥련1차현대아파트입주자대표회의,37.4282073,126.6437932,연수구,3,0,3,0,0,3,0.0,0.0,"인천광역시 연수구 옥련로 33 104동 지상주차장 분리수거 옆 2대, 105동 지상 실내주차장 C03번 기둥 좌측 1대",파워큐브
PW013765,송도캐슬해모로 아파트입주자대표회의,37.3850167,126.6768096,연수구,12,0,12,0,0,12,0.0,0.0,"인천광역시 연수구 송도과학로51번길 136 B1층 202동 휀룸17 좌측 3기, B1층 206동 휀룸24 우측 3기,B1층 210동 휀룸1 옆 001번 기둥 우측 3기,B1층 212동 휀룸7 옆 073번 기둥 우측 3기",파워큐브
PW013772,구월아시아드선수촌6단지 입주자대표회의,37.4414824,126.7128418,남동구,5,0,5,0,0,5,0.0,0.0,인천광역시 남동구 선수촌로 27 지하2층 603동 29번 기둥,파워큐브
PW013792,루원시티대성베르힐입주자대표회의,37.5244287,126.6653212,서구,11,0,11,0,0,11,0.0,0.0,"인천광역시 서해구 봉오재1로 15 지하1층 106동 F34번 기둥, 지하1층 110동 J47번 기둥, 지하1층 102동 B18번기둥",파워큐브
PW013931,옥련서해아파트입주자대표회의(SP),37.4238259,126.652038,연수구,4,0,4,0,0,4,0.0,0.0,인천광역시 연수구 청량로185번길 16,파워큐브(SP)
PW014088,옥련1차현대아파트입주자대표회의(SP),37.4282073,126.6437932,연수구,5,0,5,0,0,5,0.0,0.0,인천광역시 연수구 옥련로 33 주차장,파워큐브(SP)
PW014188,더샵인천스카이타워1단지입주자대표회의23,37.4695496,126.6645388,미추홀구,24,0,24,0,0,24,0.0,0.0,인천광역시 미추홀구 숙골로88번길 12 지하1층 주차램프 앞 B17번 기둥/지하2층 주차램프 앞 C07번 기둥/지하4층 주차램프 앞 C17번 기둥,파워큐브
PW014293,(주) 나우시스템즈,37.3788814,126.641005,연수구,4,0,4,0,0,4,0.0,0.0,인천광역시 연수구 벤처로 61 지하1층 기계실 입구 우측,파워큐브
PW014393,희영무지개2차아파트 입주자대표회의,37.428925209,126.69507192,연수구,3,0,3,0,0,3,0.0,0.0,인천광역시 연수구 넘말로47번길 36 지하1층주차장 7.11라인,파워큐브
PW014401,학교법인 인천가톨릭학원 마리스텔라23,37.542273752,126.68550422,서구,4,0,4,0,4,0,100.0,0.0,인천광역시 서해구 심곡로100번길 31 지하5층 29번 기둥 양측 / 지하5층 32번 기둥 우측,파워큐브
PW014424,선학희영무지개아파트1차,37.428149915,126.69532735,연수구,2,0,2,0,0,2,0.0,0.0,인천광역시 연수구 넘말로29번길 45 지하1층,파워큐브
PW014460,효성대림A입주자대표회의,37.535165083,126.71052618,계양구,3,0,3,0,0,3,0.0,0.0,인천광역시 계양구 안남로 583 지상주차장 주출입구 좌측,파워큐브
PW014600,만수한국아파트(SP),37.441281844,126.73650055,남동구,1,0,1,0,0,1,0.0,0.0,인천광역시 남동구 담방로21번길 23 주차장,파워큐브(SP)
PW014652,논현풍림아파트입주자대표회의,37.4058613,126.7383123,남동구,3,0,3,0,0,3,0.0,0.0,"인천광역시 남동구 청능대로718번길 7 지하2층 114동 가3기둥/지하1층 119동 나2,나3기",파워큐브
PW014653,논현풍림아파트입주자대표회의(SP),37.405861281,126.73831231,남동구,5,0,5,0,0,5,0.0,0.0,인천광역시 남동구 청능대로718번길 7 주차장,파워큐브(SP)
PW014684,계산중앙A입주자대표회의23,37.5415027,126.7400185,계양구,6,0,6,0,0,6,0.0,0.0,인천광역시 계양구 계양문화로 141 지상주차장 관리사무소 앞 / 지상주차장 102동 103동 사이,파워큐브
PW014923,한국은행인천본부(SP),37.45711356,126.63096858,중구,2,0,2,0,0,2,0.0,0.0,인천광역시 제물포구 인항로 10 경비실 앞 지상주차장,파워큐브(SP)
PW014931,주안 쌍용아파트 입주자 대표회의,37.447187113,126.67981124,미추홀구,9,0,9,0,0,9,0.0,0.0,인천광역시 미추홀구 인하로 292 5동 뒤편 지상주차장,파워큐브
PW015110,논현푸르지오 더퍼스트 입주자대표회의(SP),37.403036186,126.73849708,남동구,4,0,4,0,0,4,0.0,0.0,인천광역시 남동구 포구로 40,파워큐브(SP)
PW015160,롯데캠퍼스타운아파트입주자대표회의(SP),37.389236323,126.66512759,연수구,5,0,5,0,0,5,0.0,0.0,인천광역시 연수구 송도과학로27번길 55 101동 B2 91 기둥,파워큐브코리아
PW015192,논현풍림아파트입주자대표회의(급속)(SP),37.405861281,126.73831231,남동구,1,0,1,0,0,1,0.0,0.0,인천광역시 남동구 청능대로718번길 7,파워큐브(sp)
PW015251,우림카이저팰리스 입주자대표회의(1차),37.524931968,126.72806804,계양구,5,0,5,0,0,5,0.0,0.0,인천광역시 계양구 아나지로 332 지하2층 24번기둥,파워큐브코리아
PW015252,칼리오페빌딩관리단24,37.401516529,126.72206582,남동구,1,0,1,0,1,0,100.0,0.0,인천광역시 남동구 논고개로123번길 35 지하1층 321번기둥,파워큐브코리아
PW015426,주식회사 경신(1공장)(SP),37.3755016,126.6439623,연수구,2,0,2,0,1,1,50.0,0.0,인천광역시 연수구 벤처로 105 1공장 지상주차장 출하대기장 근처,파워큐브(SP)
PW015427,주식회사 경신(2공장)(SP),37.3732148,126.6436601,연수구,1,0,1,0,1,0,100.0,0.0,인천광역시 연수구 인천타워대로25번길 38 2공장 지상주차장 장애인주차구역 옆,파워큐브(SP)
PW015432,인천송천고등학교(SP),37.395821246,126.72189848,남동구,1,0,1,0,1,0,100.0,0.0,인천광역시 남동구 앵고개로815번길 59 지상주차장 조례대 옆,파워큐브(SP)
PW015447,인천연송고등학교(SP),37.403193834,126.64653226,연수구,1,0,1,0,0,1,0.0,0.0,인천광역시 연수구 컨벤시아대로42번길 72 지상주차장 급식실 근처,파워큐브(SP)
PW100020,연수푸르지오1단지아파트,37.416208149,126.68011849,연수구,7,0,7,0,0,7,0.0,0.0,인천광역시 연수구 벚꽃로 130-3,파워큐브
PW100021,연수푸르지오2단지아파트,37.41646935,126.67925264,연수구,8,0,8,0,0,8,0.0,0.0,인천광역시 연수구 벚꽃로 130-4,파워큐브
PW100358,더샵인천스카이타워1단지,37.469549587,126.66453881,미추홀구,3,0,3,0,0,3,0.0,0.0,인천광역시 미추홀구 숙골로88번길 12,파워큐브코리아
PW100437,송도더샵하버뷰13단지,37.398586905,126.64736681,연수구,13,0,13,0,0,13,0.0,0.0,인천광역시 연수구 아트센터대로97번길 75,파워큐브
PW100600,학익현광1차아파트,37.437918379,126.65464525,미추홀구,8,0,8,0,0,8,0.0,0.0,인천광역시 미추홀구 한나루로357번길 165,파워큐브코리아
PW100637,논현단풍마을트리플에듀아파트,37.405681,126.7343802,남동구,12,0,12,0,0,12,0.0,0.0,인천광역시 남동구 소래역로 94,파워큐브
PW100789,청라29블럭호반베르디움,37.52748815,126.63721904,서구,4,0,4,0,0,4,0.0,0.0,인천광역시 서해구 청라커낼로 163 지하2층 488동 앞 b114~118기둥,파워큐브(SP)
PW100808,연수푸르지오3단지아파트,37.416478369,126.67766569,연수구,3,0,3,0,0,3,0.0,0.0,인천광역시 연수구 먼우금로 218,파워큐브코리아
PW100827,서창청아안아파트관리사무소(신화비엠씨),37.430137667,126.74660052,남동구,5,0,5,0,0,5,0.0,0.0,인천광역시 남동구 서창남순환로 110,파워큐브코리아
PW100854,논현휴먼시아하늘마을3단지,37.403440452,126.71456827,남동구,5,0,5,0,0,5,0.0,0.0,인천광역시 남동구 논현로 45 지하주차장,파워큐브코리아
PW100859,삼산타운2단지입주자대표회의,37.516827385,126.73702277,부평구,3,0,3,0,0,3,0.0,0.0,인천광역시 부평구 수변로 333,파워큐브코리아
PW100870,연수푸르지오4단지,37.4168887,126.6769426,연수구,4,0,4,0,0,4,0.0,0.0,인천광역시 연수구 먼우금로 217 지하주차장,파워큐브코리아
PW100873,비에스종합관리주식회사,37.4876032,126.5577655,중구,3,0,3,0,0,3,0.0,0.0,인천광역시 영종구 하늘중앙로 231 지하주차장,파워큐브코리아
PW100906,검단자이2단지아파트,37.595121485,126.64122969,서구,6,0,6,0,0,6,0.0,0.0,인천광역시 검단구 오동로 32 주차장,파워큐브
PW800095,썬파크 주식회사,37.3850321,126.6505528,연수구,1,0,1,0,1,0,100.0,0.0,인천광역시 연수구 갯벌로145번길 7-3 지상주차장,파워큐브코리아
PW800187,청라모아미래도 아파트입주자대표회의(SP),37.5387365,126.6213197,서구,5,0,5,0,0,5,0.0,0.0,인천광역시 서해구 비즈니스로 165 지하1층 603동쪽 주차장,파워큐브(SP)
PW800205,대한항공검단사원아파트입주자대표회의(SP),37.5939687,126.7000518,서구,6,0,6,0,0,6,0.0,0.0,인천광역시 검단구 고산로 19 109동 110동 앞 지상주차장,파워큐브(SP)
PW800308,대원레스피아1차아파트입주자대표회의24,37.6138576,126.6582742,서구,9,0,9,0,0,9,0.0,0.0,인천광역시 검단구 가현로 41 지상1층 제1주차장/지상1층 제2주차장,파워큐브코리아
PW800315,신영지웰입주자대표회의,37.4037383,126.7305291,남동구,35,0,35,0,0,35,0.0,0.0,인천광역시 남동구 소래역로 93 지상1층901-902동/지상1층907-908동/지상1층906-907동/지상1층904-909동/지상1층905-910동,파워큐브코리아
PW800317,마전동아아파트입주자대표회의,37.5960556,126.672639,서구,30,0,30,0,0,30,0.0,0.0,인천광역시 검단구 완정로34번길 20 지상102동103사이/지상105동107사이/지상109동110사이/지상113동115사이/지상114동/지상116동,파워큐브코리아
PW800352,삼환2차아파트입주자대표회의,37.5458972,126.7229506,계양구,2,0,2,0,0,2,0.0,0.0,인천광역시 계양구 경명대로1045번길 21-12 지상1층 관리사무소 앞,파워큐브코리아
PW800386,불로길훈아파트입주자대표회의24,37.6136306,126.6860661,서구,19,0,19,0,0,19,0.0,0.0,인천광역시 검단구 검단로 786 지상주차장 305동 앞 좌측/지상주차장 305동 앞 중앙/지상주차장 305동 앞 우측,파워큐브코리아
PW800462,옥련서해아파트입주자대표회의,37.4238259,126.652038,연수구,9,0,9,0,0,9,0.0,0.0,인천광역시 연수구 청량로185번길 16 지상1층 101동 9~10라인 뒷편,파워큐브코리아
PW800497,동아풍림아파트입주자대표회의,37.4417009,126.6621802,미추홀구,5,0,5,0,0,5,0.0,0.0,인천광역시 미추홀구 소성로 120 113동 앞 지상주차장,파워큐브코리아
PW800515,논현1단지주공APT입주자대표회의,37.4098396,126.7134086,남동구,24,0,24,0,0,24,0.0,0.0,인천광역시 남동구 호구포로 294 101동지상/114동지상/103동지상/111동지상/110동지상/109동지상/107동지상,파워큐브코리아
PW800519,당하동태평아파트입주자대표회,37.5850399,126.6784951,서구,11,0,11,0,0,11,0.0,0.0,인천광역시 검단구 독정로25번길 26-6 103동 앞 1층 지상주차장/101동 앞 1층 지상주차장/105동 앞 1층 지상주차장,파워큐브코리아
PW800571,주식회사 디에스이,37.3808776,126.6627171,연수구,3,0,3,0,3,0,100.0,0.0,인천광역시 연수구 송도과학로16번길 13-33 지하1층 엘리베이터입구 좌측,파워큐브코리아
PW800625,대한항공검단사원아파트입주자대표회의,37.5939687,126.7000518,서구,8,0,8,0,0,8,0.0,0.0,인천광역시 검단구 고산로 19 지상주차장 109동 110동 기존충전기 옆/지상주차장 109동 110동 앞 우측,파워큐브코리아
PW800634,인천관교한신휴플러스입주자대표회의(SP),37.44708339,126.68520518,미추홀구,10,0,10,0,0,10,0.0,0.0,"인천광역시 미추홀구 경원대로 717 지하1층103동2,3라인사이/지하1층104동8라인/지하1층107동6라인과108동1라인사이/지하1층112동1라인건너편",파워큐브(SP)
PW800670,불로동한일타운아파트 입주자대표회의,37.619486,126.6900666,서구,4,0,4,0,0,4,0.0,0.0,인천광역시 검단구 검단로 841 관리사무소동 경비실초소 옆,파워큐브코리아
PW800770,디에트르송도시그니처뷰아파트입주자대표회의,37.404716963,126.62655857,연수구,27,0,27,0,0,27,0.0,0.0,인천광역시 연수구 인천타워대로 393 B1층 103동 02기둥/B2층 102동 26기둥/B2층 104동 36기둥/B2층 103동 50기둥/B3층 102동 47기둥,파워큐브코리아
PW800778,태화아파트입주자대표회의,37.510606039,126.72409743,부평구,2,0,2,0,0,2,0.0,0.0,인천광역시 부평구 갈월서로 46 지상주차장 2동 램프 앞,파워큐브코리아
PW800787,청천미가로아파트 입주자대표회의,37.508528835,126.71722508,부평구,5,0,5,0,0,5,0.0,0.0,인천광역시 부평구 길주로 491 102동 뒤 지상주차장,파워큐브코리아
PW800792,청라모아미래도 아파트입주자대표회의(SPT),37.5387365,126.6213197,서구,5,0,5,0,0,5,0.0,0.0,인천광역시 서해구 비즈니스로 165 지하1층 603동쪽 주차장,파워큐브(SP)
PW800851,용현엠코타운아파트입주자대표회의,37.452836218,126.63970396,미추홀구,4,0,4,0,0,4,0.0,0.0,인천광역시 미추홀구 토금북로 56 102동 5~6라인 지상1층,파워큐브코리아
PW800933,송도엑스포아파트 입주자대표회의(6단지)(SP),37.405266513,126.64427274,연수구,13,0,13,0,0,13,0.0,0.0,인천광역시 연수구 컨벤시아대로42번길 96 지하1층 602동 입구 앞 주차장/지하1층 602동 앞 F12 기둥 주차장/지하1층 602동 앞 E12 기둥 주차장,파워큐브(SP)
PW800934,송도엑스포아파트 입주자대표회의(9단지)(SP),37.402709251,126.64484288,연수구,16,0,16,0,0,16,0.0,0.0,인천광역시 연수구 컨벤시아대로42번길 77 지하2층 902동 앞 주차장/지하2층 905동 앞 주차장/지하2층 901동 앞 주차장,파워큐브(SP)
PW800935,송도엑스포아파트 입주자대표회의(10단지)(SP),37.403895446,126.64322918,연수구,17,0,17,0,0,17,0.0,0.0,인천광역시 연수구 컨벤시아대로42번길 95 B2 1003동 앞 주차장/B2 1002동 앞 주차장/B2 1001동 램프 옆 주차장/B2 1006동 앞 주차장,파워큐브(SP)
PW801059,송도더샵그린워크2차 입주자대표회의(SP),37.401409904,126.64061136,연수구,6,0,6,0,0,6,0.0,0.0,인천광역시 연수구 아트센터대로97번길 15 지하2층주차장 a08 기둥 옆/지하2층주차장 v18 기둥 옆/지하2층주차장 r01 기둥 옆,파워큐브(SP)
PW801102,포레나인천연수아파트입주자대표회의(T),37.431434528,126.69622539,연수구,6,0,6,0,0,6,0.0,0.0,인천광역시 연수구 넘말로 81 지상1층 102동 1-2라인 앞,파워큐브코리아
PW801110,옥련우성아파트입주자대표회의(T),37.424286077,126.64768851,연수구,15,0,15,0,0,15,0.0,0.0,인천광역시 연수구 독배로40번길 48 지상 105동 뒤 103동쪽/지상 105동 뒤/지상 101동 뒤,파워큐브코리아
PW801206,구월아시아드선수촌6단지 입주자대표회의25(T),37.44148235,126.71284181,남동구,14,0,14,0,0,14,0.0,0.0,인천광역시 남동구 선수촌로 27 603동 옆 지하1층 주차장 03~05기둥/603동 옆 지하1층 주차장 01~02기둥/,파워큐브코리아
PW801246,에듀포레 푸르지오아파트 입주자대표회의(T),37.374312195,126.66048499,연수구,20,0,20,0,0,20,0.0,0.0,"인천광역시 연수구 송도문화로84번길 24 B1 96번, 95번 기둥/B1 81번 기둥",파워큐브코리아
PW801318,우림카이저팰리스 입주자대표회의(2단지)(T),37.524931968,126.72806804,계양구,5,0,5,0,0,5,0.0,0.0,인천광역시 계양구 아나지로 332 지하1층 202동 앞 15번 기둥,파워큐브코리아
PW801339,디에트르송도시그니처뷰아파트입주자대표회의25(T),37.404717,126.6265586,연수구,17,0,17,0,0,17,0.0,0.0,"인천광역시 연수구 인천타워대로 393 B2 01,07/B2 23,24/B3 102/B2 63,64/B3 100/B2 40,42/B3 79/B3 99/B3 43,44,52,51/B3 101동 앞",파워큐브코리아
PW801340,디에트르송도시그니처뷰아파트입주자대표회의(SP),37.404716963,126.62655857,연수구,1,0,1,0,0,1,0.0,0.0,"인천광역시 연수구 인천타워대로 393 B2 104동 40번 42번기둥, B3 104동 79번기둥",파워큐브(SP)
PW801370,계양코아루센트럴파크 입주자대표회의,37.541736063,126.73885641,계양구,10,0,10,0,0,10,0.0,0.0,인천광역시 계양구 계양문화로 119 B2 4-7/B3 4-7,파워큐브코리아
PW801468,청라29블럭호반베르디움입주자대표회의,37.52748815,126.63721904,서구,37,0,37,0,0,37,0.0,0.0,인천광역시 서해구 청라커낼로 163 B2 484동 A110/B2 485동 A115/B2층 486동 C24/B2 487동 C98/B2 488동 B92/B2 489동 A159/B2 492동 B81/B2층 493동 C244/B2 495동 B264,파워큐브코리아
PWE00685,별빛마을웰카운티아파트,37.40676,126.732,남동구,45,0,45,0,0,45,0.0,0.0,인천광역시 남동구 논현로 235,파워큐브
PWE00852,논현풍림아파트,37.40586,126.73831,남동구,34,0,34,0,0,34,0.0,0.0,인천광역시 남동구 청능대로718번길 7 지하주차장,파워큐브코리아
PWE01004,송도더샵그린워크2차,37.4014,126.64068,연수구,20,0,20,0,0,20,0.0,0.0,인천광역시 연수구 아트센터대로97번길 15 지하1층주차장10개/지하2층주차장10개,파워큐브
PWE01203,연수푸르지오1단지상가오피스텔,37.41621,126.68012,연수구,4,0,4,0,0,4,0.0,0.0,인천광역시 연수구 벚꽃로 130-3 지하주차장,파워큐브코리아
PWE01204,연수푸르지오1단지아파트,37.41621,126.68012,연수구,3,0,3,0,0,3,0.0,0.0,인천광역시 연수구 벚꽃로 130-3 지하주차장,파워큐브
PWE01218,연수푸르지오2단지아파트,37.41647,126.67925,연수구,2,0,2,0,0,2,0.0,0.0,인천광역시 연수구 벚꽃로 130-4 지하주차장,파워큐브코리아
PWE01219,연수푸르지오2단지상가오피스텔,37.41647,126.67925,연수구,3,0,3,0,0,3,0.0,0.0,인천광역시 연수구 벚꽃로 130-4 지하주차장,파워큐브코리아
PWE01824,송도웰카운티1단지,37.37906,126.64777,연수구,40,0,40,0,0,40,0.0,0.0,인천광역시 연수구 해송로 143,파워큐브
PWE01918,동아금호연수타운아파트,37.41069,126.67724,연수구,31,0,31,0,0,31,0.0,0.0,인천광역시 연수구 청능대로 124 B1,파워큐브
PWE02273,청라모아미래도아파트,37.53874,126.62118,서구,7,0,7,0,0,7,0.0,0.0,인천광역시 서해구 비즈니스로 165 지하주차장,파워큐브코리아
PWE02721,원당신안실크벨리아파트,37.59258,126.69249,서구,24,0,24,0,0,24,0.0,0.0,인천광역시 검단구 원당대로840번길 22 지하주차장,파워큐브
PWE02784,청라서해그랑블,37.53054,126.65602,서구,3,0,3,0,0,3,0.0,0.0,인천광역시 서해구 청라에메랄드로 65 지하주차장,파워큐브코리아
PWE03004,효성4차현대아파트,37.52636,126.71732,계양구,2,0,2,0,0,2,0.0,0.0,인천광역시 계양구 새벌로112번길 12 지하주차장,파워큐브
PWE03203,학익태산아파트입주자대표회의,37.43901,126.65902,미추홀구,12,0,12,0,0,12,0.0,0.0,인천광역시 미추홀구 한나루로341번길 40,파워큐브코리아
PWE03229,금호이수마운티밸리아파트,37.50399,126.70395,부평구,17,0,17,0,0,17,0.0,0.0,인천광역시 부평구 원적로 344 지하주차장,파워큐브
PWE03242,동암신동아아파트,37.47755,126.70434,부평구,99,0,99,0,0,99,0.0,0.0,인천광역시 부평구 아트센터로 118,파워큐브
PWE03279,송도웰카운티4단지,37.38168,126.64562,연수구,8,0,8,0,0,8,0.0,0.0,인천광역시 연수구 해송로30번길 20 주차장,파워큐브
PWE03916,청라29블럭호반베르디움,37.52749,126.63722,서구,19,0,19,0,0,19,0.0,0.0,인천광역시 서해구 청라커낼로 163,파워큐브
PWE04115,이안더테라스,37.385434006,126.71884518,남동구,48,0,48,0,0,48,0.0,0.0,인천광역시 남동구 에코중앙로84번길 42,파워큐브
PWE06259,송도sk뷰아파트,37.414124361,126.62490502,연수구,4,0,4,0,0,4,0.0,0.0,인천광역시 연수구 랜드마크로 19 지하주차장,파워큐브
PWE06277,계양산파크트루엘아파트,37.547365655,126.72226527,계양구,6,0,6,0,0,6,0.0,0.0,인천광역시 계양구 경명대로1045번길 31 지하주차장,파워큐브
PWE06290,더샵인천스카이타워1단지,37.469549587,126.66453881,미추홀구,19,0,19,0,0,19,0.0,0.0,"인천광역시 미추홀구 숙골로88번길 12 b2,b3,b4",파워큐브
PWE06454,학익현광1차아파트,37.437918379,126.65464525,미추홀구,18,0,18,0,0,18,0.0,0.0,인천광역시 미추홀구 한나루로357번길 165 지하주차장,파워큐브코리아
PWE06587,검단힐스테이트2차아파트,37.599619422,126.6633828,서구,3,0,3,0,0,3,0.0,0.0,인천광역시 검단구 완정로92번길 41 지하주차장,파워큐브
PWE06596,하나금융티아이빌딩,37.556101065,126.62873154,서구,12,0,12,0,0,12,0.0,0.0,인천광역시 서해구 에코로 167 지하주차장,파워큐브코리아
PWE06600,연수푸르지오3단지아파트,37.41647836,126.67766569,연수구,6,0,6,0,0,6,0.0,0.0,인천광역시 연수구 먼우금로 218 지하주차장,파워큐브코리아
PWE06601,연수푸르지오3단지상가오피스텔,37.416478369,126.67766569,연수구,3,0,3,0,0,3,0.0,0.0,인천광역시 연수구 먼우금로 218 지하주차장,파워큐브코리아
PWE06624,주안캐슬앤더샵에듀포레아파트,37.453970156,126.69280063,미추홀구,33,0,33,0,0,33,0.0,0.0,인천광역시 미추홀구 경원대로780번길 22 지하주차장,파워큐브
PWE06645,도화역대성유니드아파트,37.465627751,126.66848947,미추홀구,6,0,6,0,0,6,0.0,0.0,인천광역시 미추홀구 숙골로8번길 15 지하주차장,파워큐브
PWE06653,연수푸르지오4단지아파트,37.4168887,126.67694266,연수구,6,0,6,0,0,6,0.0,0.0,인천광역시 연수구 먼우금로 217 지하주차장,파워큐브
PWE06654,연수푸르지오4단지상가오피스텔,37.4168887,126.67694266,연수구,2,0,2,0,0,2,0.0,0.0,인천광역시 연수구 먼우금로 217 지하주차장,파워큐브
PWE06680,검단자이2단지아파트,37.595121485,126.64122969,서구,12,0,12,0,0,12,0.0,0.0,인천광역시 검단구 오동로 32 지하주차장,파워큐브
PWE06744,학익원흥아파트,37.438845546,126.65978044,미추홀구,3,0,3,0,0,3,0.0,0.0,인천광역시 미추홀구 한나루로341번길 38 지하주차장,파워큐브
PWE06753,송도삼성아파트,37.424223569,126.64624758,연수구,11,0,11,0,0,11,0.0,0.0,인천광역시 연수구 독배로40번길 18 지하주차장,파워큐브
PWE06817,희영무지개2차아파트,37.428925209,126.69507192,연수구,5,0,5,0,0,5,0.0,0.0,인천광역시 연수구 넘말로47번길 36 인천 연수구 넘말로47번길 36,파워큐브
PWE06822,희영무지개1차아파트,37.428149915,126.69532735,연수구,8,0,8,0,0,8,0.0,0.0,인천광역시 연수구 넘말로29번길 45,파워큐브
PWE06871,엔케이리움힐타워,37.451319021,126.67652296,미추홀구,30,0,30,0,0,30,0.0,0.0,인천광역시 미추홀구 미추홀대로597번길 58 B1 / B2 / B3,파워큐브
PWE06887,영종LH67단지아파트,37.50206814,126.56760794,중구,4,0,4,0,0,4,0.0,0.0,인천광역시 영종구 두미포로 244 B1,파워큐브
PWE06888,루원지웰시티푸르지오아파트,37.521462987,126.67395228,서구,11,0,11,0,0,11,0.0,0.0,인천광역시 서해구 가정로 406 B1 / B2 / B3,파워큐브
RS000001,신화여객,37.51763,126.658289,서구,16,16,0,0,16,0,100.0,100.0,인천광역시 서해구 원창로 90 주차장,리셀파워
S1100003,송도롯데캐슬캠퍼스타운아파트,37.389236323,126.66512759,연수구,10,0,10,0,0,10,0.0,0.0,"인천광역시 연수구 송도과학로27번길 55 지하 3층 101동 88, 92, 93, 94",(주)이브이에스이피
S1100004,송도롯데캐슬타운오피스텔,37.389236323,126.66512759,연수구,5,0,5,0,0,5,0.0,0.0,인천광역시 연수구 송도과학로27번길 55 오피스텔 94기둥,(주)이브이에스이피
S1100005,옥련현대4차아파트,37.425793397,126.6508212,연수구,2,0,2,0,0,2,0.0,0.0,인천광역시 연수구 한나루로105번길 68 404동 귀쪽 지하주차장,(주)이브이에스이피
SBSB0015,MJ 비즈타워점,37.476703,126.685719,서구,5,0,5,0,5,0,100.0,0.0,인천광역시 서해구 백범로 619 엠앤제이 비즈타워 5층 주차장,소프트베리
SBSB0020,검단탑병원점,37.592451,126.671103,서구,3,0,3,0,3,0,100.0,0.0,인천광역시 검단구 청마로19번길 5 지하 3층 주차장,소프트베리
SBSB0033,국민체육진흥공단 경정훈련원점,37.4296954,126.4370839,중구,3,0,3,0,3,0,100.0,0.0,인천광역시 영종구 영종해안남로 19-122 실외주차장,소프트베리
SBSB0040,검단탑프라자점,37.592879,126.672015,서구,10,2,8,0,10,0,100.0,20.0,인천광역시 검단구 청마로7번길 14,소프트베리
SBSB0060,대동도어점,37.361014,126.653163,연수구,3,0,3,0,0,3,0.0,0.0,인천광역시 연수구 첨단대로124번길 64 옥외주차장 정문 출입구 정면 옥외주차장,소프트베리
SF000051,뉴 더웰,37.465633,126.66451,미추홀구,1,0,1,0,1,0,100.0,0.0,인천광역시 미추홀구 경인로 195 뉴 더웰,(주)스타코프
SF000096,송악하얀집 2동 주차장,37.748445,126.482504,강화군,1,0,1,0,1,0,100.0,0.0,인천광역시 강화군 강화읍 북문길9번길 21 송악하얀집 2동,스타코프
SF000173,리코팰리스,37.49961,126.724683,부평구,1,0,1,0,0,1,0.0,0.0,인천광역시 남동구 간석로 2 인천 남동구 간석로 2,스타코프
SF000448,하늘문화센터 주차장,37.488199,126.427988,중구,3,0,3,0,2,1,66.67,0.0,인천광역시 영종구 영종해안북로 1000-26 하늘문화센터 주차장,스타코프
SF000561,하나 2차 아파트 주차장,37.439497,126.668615,미추홀구,1,0,1,0,0,1,0.0,0.0,인천광역시 미추홀구 매소홀로418번길 5 하나 2차 아파트 주차장,스타코프
SF000699,송도더샵그린스퀘어,37.373787145,126.65404024,연수구,20,0,20,0,20,0,100.0,0.0,인천광역시 연수구 송도문화로28번길 81 송도더샵그린스퀘어,(주)스타코프
SF000716,영종하늘도시 유승한내들,37.4868895,126.4990592,중구,20,0,20,0,20,0,100.0,0.0,인천광역시 영종구 영종대로252번길 38 영종하늘도시 유승한내들,스타코프
SF000717,인천청라제일풍경채 (21년 환경부 보조금),37.53864431,126.64879055,서구,20,0,20,0,20,0,100.0,0.0,인천광역시 서해구 청라한울로 95 인천청라제일풍경채 (21년 환경부 보조금),(주)스타코프
SF000734,인천하늘고등학교,37.495465712,126.50708029,중구,2,0,2,0,1,1,50.0,0.0,인천광역시 영종구 영종대로277번길 117 인천하늘고등학교,(주)스타코프
SF000823,송도더샵그린워크 3차 17블럭 아파트,37.399386217,126.63978111,연수구,8,0,8,0,8,0,100.0,0.0,인천광역시 연수구 아트센터대로97번길 20 송도더샵그린워크 3차 17블럭 아파트,스타코프
SF000837,송도 더샵 마스터뷰 22BL,37.382212741,126.63142446,연수구,4,0,4,0,0,4,0.0,0.0,인천광역시 연수구 컨벤시아대로274번길 35 송도 더샵 마스터뷰 22BL 지하 2층,스타코프
SF000838,영종 한신 더휴스카이파크아파트,37.500907885,126.56284845,중구,20,0,20,0,20,0,100.0,0.0,인천광역시 영종구 은하수로 229 영종 한신 더휴스카이파크아파트,스타코프
SF000874,스타일난다,37.379068071,126.63657024,연수구,1,0,1,0,1,0,100.0,0.0,인천광역시 연수구 벤처로36번길 26 스타일난다,스타코프
SF000875,청라한양수자인,37.538442239,126.6310394,서구,16,0,16,0,16,0,100.0,0.0,인천광역시 서해구 청라한내로 132 청라한양수자인,(주)스타코프
SF000877,송도더샵센트럴시티오피스텔,37.374219217,126.6499786,연수구,12,0,12,0,12,0,100.0,0.0,인천광역시 연수구 송도국제대로 261 송도더샵센트럴시티오피스텔,(주)스타코프
SF001088,부개동센트리움아파트,37.487572,126.7420691,부평구,15,0,15,0,15,0,100.0,0.0,인천광역시 부평구 경인로1099번길 39 부개동센트리움아파트,스타코프
SF001090,계산 신도 브래뉴아파트,37.542808042,126.72088439,계양구,12,0,12,0,12,0,100.0,0.0,인천광역시 계양구 계양대로 215 계산 신도 브래뉴아파트,(주)스타코프
SF001144,신용보증기금 (인천),37.453739295,126.62783983,중구,3,0,3,0,3,0,100.0,0.0,인천광역시 제물포구 서해대로 296 신용보증기금 (인천),스타코프
SF001145,신용보증기금 (인천중앙),37.445766764,126.70089467,남동구,3,0,3,0,1,2,33.33,0.0,인천광역시 남동구 성말로 1 신용보증기금 (인천중앙),(주)스타코프
SF001269,휴먼시아1단지숲속마을,37.406560399,126.71037891,남동구,4,0,4,0,4,0,100.0,0.0,인천광역시 남동구 은봉로165번길 24 휴먼시아1단지숲속마을,(주)스타코프
SF001300,검암풍림아이원2차아파트,37.568702433,126.68133799,서구,12,0,12,0,12,0,100.0,0.0,인천광역시 서해구 검암로 53 검암풍림아이원2차아파트,(주)스타코프
SF001319,한국아파트,37.446773991,126.63818097,미추홀구,12,0,12,0,12,0,100.0,0.0,인천광역시 미추홀구 매소홀로 121 한국아파트,(주)스타코프
SF001370,원당동문굿모닝힐아파트,37.593576173,126.69272702,서구,4,0,4,0,4,0,100.0,0.0,인천광역시 검단구 원당대로820번길 3 원당동문굿모닝힐아파트,스타코프
SF001371,마전대주파크빌아파트,37.610132495,126.66809296,서구,8,0,8,0,8,0,100.0,0.0,인천광역시 검단구 마전로99번길 8 마전대주파크빌아파트,(주)스타코프
SF001475,계산 현대아파트,37.537668705,126.73334001,계양구,20,0,20,0,20,0,100.0,0.0,인천광역시 계양구 계산로 171 계산 현대아파트,(주)스타코프
SF001736,엠코타운 아파트,37.5206032,126.7338347,부평구,20,0,20,0,20,0,100.0,0.0,인천광역시 부평구 후정로 7 엠코타운 아파트 지하 1층 - B1,스타코프
SF001869,지웰시티푸르지오,37.454401772,126.70777081,남동구,4,0,4,0,4,0,100.0,0.0,인천광역시 남동구 남동대로 809 지웰시티푸르지오,스타코프(주)스타코프
SF001921,영종신명스카이뷰주얼리,37.48551828,126.55587224,중구,1,0,1,0,1,0,100.0,0.0,인천광역시 영종구 하늘달빛로 95 영종신명스카이뷰주얼리,스타코프
SF001946,인천청라제일풍경채 (판매),37.53864431,126.64879055,서구,80,0,80,0,80,0,100.0,0.0,인천광역시 서해구 청라한울로 95 인천청라제일풍경채 (판매),(주)스타코프
SF002125,함박중학교,37.424431943,126.66153193,연수구,4,0,4,0,4,0,100.0,0.0,인천광역시 연수구 솔샘로 143 함박중학교,스타코프
SF002126,해양과학고등학교,37.425249789,126.6407095,연수구,6,0,6,0,6,0,100.0,0.0,인천광역시 연수구 능허대로 71 해양과학고등학교,스타코프
SF002127,뷰티예술고,37.403471457,126.67195688,연수구,3,0,3,0,3,0,100.0,0.0,인천광역시 연수구 원인재로 21 뷰티예술고,스타코프스타코프
SF002128,인천바이오과학고등학교,37.420675064,126.66861984,연수구,4,0,4,0,4,0,100.0,0.0,인천광역시 연수구 용담로 12 인천바이오과학고등학교,스타코프
SF002129,부평공업고등학교,37.51253378,126.72679283,부평구,4,0,4,0,4,0,100.0,0.0,인천광역시 부평구 주부토로 194 부평공업고등학교,스타코프
SF002130,부개여자고등학교,37.49797925,126.74053914,부평구,6,0,6,0,6,0,100.0,0.0,인천광역시 부평구 부흥로 433 부개여자고등학교,스타코프
SF002131,인천부흥중학교,37.503059868,126.7367691,부평구,6,0,6,0,6,0,100.0,0.0,인천광역시 부평구 충선로 152 인천부흥중학교,스타코프
SF002132,부광고등학교,37.488419753,126.70307138,부평구,6,0,6,0,6,0,100.0,0.0,인천광역시 부평구 화랑로 28 부광고등학교,스타코프
SF002133,인천광역시교육연수원,37.492276099,126.50963791,중구,4,0,4,0,4,0,100.0,0.0,인천광역시 영종구 영종대로277번길 74-60 인천광역시교육연수원,스타코프스타코프
SF002134,인천과학고등학교,37.491955551,126.50825708,중구,1,0,1,0,1,0,100.0,0.0,인천광역시 영종구 영종대로277번길 74-37 인천과학고등학교,스타코프스타코프
SF002135,인천 용학초등학교,37.446763483,126.64349922,미추홀구,6,0,6,0,6,0,100.0,0.0,인천광역시 미추홀구 용정공원로83번길 9 인천 용학초등학교,스타코프
SF002231,기아 법원대리점,37.445874436,126.66687114,미추홀구,1,0,1,0,1,0,100.0,0.0,인천광역시 미추홀구 한나루로 436 기아 법원대리점,스타코프(주)스타코프
SF002291,검단힐스테이트3차 1단지,37.6000052,126.6398586,서구,20,0,20,0,20,0,100.0,0.0,인천광역시 검단구 봉화로 60-17 검단힐스테이트3차 1단지 301동 - 6대 / 302동 - 4대 / 303동 - 4대 / 305동 - 6대,스타코프스타코프
SF002292,검단힐스테이트3차 2단지,37.5984501,126.6399145,서구,20,0,20,0,20,0,100.0,0.0,인천광역시 검단구 버들로 46 검단힐스테이트3차 2단지 306동 - 5대 / 307동 - 5대 / 309동 - 5대 / 중앙밀집구역 - 5대,스타코프스타코프
SF002304,e편한세상 영종하늘도시,37.4780768,126.5132975,중구,20,0,20,0,20,0,100.0,0.0,인천광역시 영종구 숲쟁이로 12 e편한세상 영종하늘도시 지하 1층 - B1 / 지하 2층 - B2,스타코프스타코프
SF002325,인천 미추홀구 한나루로 542 (저압수용가),37.454708412,126.66983425,미추홀구,1,0,1,0,0,1,0.0,0.0,인천광역시 미추홀구 한나루로 542 인천 미추홀구 한나루로 542 (저압수용가),스타코프(주)스타코프
SF002409,청라제일풍경채 (완속충전기),37.53864431,126.64879055,서구,14,0,14,0,14,0,100.0,0.0,인천광역시 서해구 청라한울로 95 청라제일풍경채 (완속충전기) 지하1 층 - B1,(주)스타코프
SF002477,부원공영주차장 (완속충전기),37.492234198,126.71938151,부평구,2,0,2,0,2,0,100.0,0.0,인천광역시 부평구 부평문화로 18 부원공영주차장 (완속충전기),(주)스타코프
SF002478,부평삼거리역 주차장 (완속충전기),37.4796671,126.7097185,부평구,1,0,1,0,1,0,100.0,0.0,인천광역시 부평구 마장로 7-8 부평삼거리역 주차장 (완속충전기) 지상 1층,스타코프(주)스타코프
SF002479,희망천3지구 주차장 (완속충전기),37.4860071,126.7129068,부평구,1,0,1,0,1,0,100.0,0.0,인천광역시 부평구 동수북로50번길 17-1 희망천3지구 주차장 (완속충전기) 지상 1층,스타코프(주)스타코프
SF002480,백운남부1차 공영주차장 (완속충전기),37.4808784,126.71139,부평구,1,0,1,0,1,0,100.0,0.0,인천광역시 부평구 경인로 지하765 백운남부1차 공영주차장 (완속충전기) 지상 1층,스타코프(주)스타코프
SF002482,갈산역 주차장 (완속충전기),37.5123672,126.7221254,부평구,2,0,2,0,2,0,100.0,0.0,인천광역시 부평구 굴포로7번길 4 갈산역 주차장 (완속충전기) 지상 1층,스타코프(주)스타코프
SF002483,부평깡시장 주차장 (완속충전기),37.4986708,126.7268509,부평구,2,0,2,0,2,0,100.0,0.0,인천광역시 부평구 부흥로 315 부평깡시장 주차장 (완속충전기) 지상 1층,스타코프(주)스타코프
SF002484,화랑로 공영주차장 (완속충전기),37.494332925,126.70388533,부평구,1,0,1,0,1,0,100.0,0.0,인천광역시 부평구 마장로180번길 1 화랑로 공영주차장 (완속충전기) 지상 1층,(주)스타코프
SF002485,부평시장 주차장 (완속충전기),37.4960601,126.726988,부평구,3,0,3,0,3,0,100.0,0.0,인천광역시 부평구 시장로61번길 11 부평시장 주차장 (완속충전기) 지상 2층,스타코프(주)스타코프
SF002486,부평시장 대정공영주차장 (완속충전기),37.4971196,126.7245105,부평구,1,0,1,0,1,0,100.0,0.0,인천광역시 부평구 주부토로 19 부평시장 대정공영주차장 (완속충전기) 지상 2층,스타코프(주)스타코프
SF002487,삼산해돋이 주차장 (완속충전기),37.5168183,126.7326359,부평구,1,0,1,0,1,0,100.0,0.0,인천광역시 부평구 장제로 350 삼산해돋이 주차장 (완속충전기) 지상 1층,스타코프(주)스타코프
SF002488,인천나비공원 주차장 (완속충전기),37.520744627,126.69650428,부평구,1,0,1,0,1,0,100.0,0.0,인천광역시 부평구 평천로 40 인천나비공원 주차장 (완속충전기) 지상 1층,(주)스타코프
SF002489,청천화물 주차장 (완속충전기),37.5166702,126.7148586,부평구,1,0,1,0,1,0,100.0,0.0,인천광역시 부평구 평천로 226 청천화물 주차장 (완속충전기) 지상 1층,스타코프(주)스타코프
SF002490,사랑샘공원 공영주차장 (완속충전기),37.5210005,126.736027,부평구,2,0,2,0,2,0,100.0,0.0,인천광역시 부평구 후정로 27 사랑샘공원 공영주차장 (완속충전기) 지상 1층 야외주차장,스타코프(주)스타코프
SF002555,방송통신대학교 인천지역대학 (완속충전기),37.452846457,126.70444113,남동구,1,0,1,0,1,0,100.0,0.0,인천광역시 남동구 미래로 31 방송통신대학교 인천지역대학 (완속충전기),(주)스타코프
SF002688,인하대학교 (완속충전기),37.451448032,126.65154225,미추홀구,25,0,25,0,25,0,100.0,0.0,인천광역시 미추홀구 인하로 100 인하대학교 (완속충전기) 지상 1층 야외주차장,(주)스타코프
SF002698,청라린스트라우스아파트,37.5346639,126.6526145,서구,12,0,12,0,12,0,100.0,0.0,인천광역시 서해구 청라라임로 85 청라린스트라우스아파트,(주)스타코프
SF002731,한국생산기술연구원,37.383882391,126.65055845,연수구,2,0,2,0,2,0,100.0,0.0,인천광역시 연수구 갯벌로 156 한국생산기술연구원,스타코프(주)스타코프
SF002782,부흥초등학교 (완속충전기),37.496255711,126.73118653,부평구,1,0,1,0,1,0,100.0,0.0,인천광역시 부평구 부흥로366번길 34 부흥초등학교 (완속충전기),(주)스타코프
SF002824,경기도학생교육원 (완속충전기),37.677212517,126.47685293,강화군,1,0,1,0,1,0,100.0,0.0,인천광역시 강화군 불은면 고려왕릉로 419 경기도학생교육원 (완속충전기),스타코프(주)스타코프
SF002937,구월아시아드선수촌2단지 (완속충전기),37.448193941,126.71490743,남동구,15,0,15,0,15,0,100.0,0.0,"인천광역시 남동구 선수촌공원로 96 구월아시아드선수촌2단지 (완속충전기) 지하 1,2층",(주)스타코프
SF003000,디바인시티 오피스텔 (완속충전기),37.49508436,126.67114983,서구,5,0,5,0,5,0,100.0,0.0,인천광역시 서해구 가정로 115 디바인시티 오피스텔 (완속충전기) 지상주차장 1층,(주)스타코프
SF003001,더뷰룩스 (완속충전기),37.525843994,126.73345812,계양구,2,0,2,0,2,0,100.0,0.0,인천광역시 계양구 장제로 652 더뷰룩스 (완속충전기) 지상주차장 1층,(주)스타코프
SF003168,로젠택배 남인천지점 (완속충전기),37.437501517,126.74402799,남동구,20,0,20,0,19,1,95.0,0.0,인천광역시 남동구 매소홀로1088번길 27 로젠택배 남인천지점 (완속충전기),(주)스타코프
SF003190,영종하늘도시 유승한내들 (완속충전기),37.486889515,126.49905924,중구,10,0,10,0,10,0,100.0,0.0,인천광역시 영종구 영종대로252번길 38 영종하늘도시 유승한내들 (완속충전기),(주)스타코프
SF003211,로젠택배 남부천지점 (완속충전기),37.517021163,126.75067903,부평구,20,0,20,0,20,0,100.0,0.0,인천광역시 부평구 두레로 6 로젠택배 남부천지점 (완속충전기),(주)스타코프
SF003243,중부발전 인천본부 (완속충전기),37.511428227,126.60798067,서구,5,0,5,0,5,0,100.0,0.0,인천광역시 서해구 중봉대로405번길 411 중부발전 인천본부 (완속충전기),(주)스타코프
SF003322,인천광역시 부평구 청천동 174-29 (완속충전기),37.516610135,126.70616707,부평구,2,0,2,0,2,0,100.0,0.0,인천광역시 부평구 청중로84번길 14 인천광역시 부평구 청천동 174-29 (완속충전기),(주)스타코프
SF003371,대신택배 인천경서 (완속충전기),37.546799202,126.64851285,서구,2,0,2,0,2,0,100.0,0.0,인천광역시 서해구 호두산로10번길 38-12 대신택배 인천경서 (완속충전기),(주)스타코프
SF003399,덕적도 자연휴양림 (완속충전기),37.215253665,126.13803652,옹진군,2,0,2,0,2,0,100.0,0.0,인천광역시 옹진군 덕적면 덕적남로 220 덕적도 자연휴양림 (완속충전기),(주)스타코프
SF003401,청라제일풍경채 (완속충전기)_2,37.53864431,126.64879055,서구,25,0,25,0,25,0,100.0,0.0,인천광역시 서해구 청라한울로 95 청라제일풍경채 (완속충전기)_2,(주)스타코프
SF003403,시티오씨엘3단지 (아파트),37.440224719,126.64639442,미추홀구,76,0,76,0,76,0,100.0,0.0,인천광역시 미추홀구 독배로251번길 46 시티오씨엘3단지 (아파트),(주)스타코프
SF003408,시티오씨엘3단지 (오피스텔),37.440224719,126.64639442,미추홀구,50,0,50,0,50,0,100.0,0.0,인천광역시 미추홀구 학익로80번길 11 시티오씨엘3단지 (오피스텔),(주)스타코프
SF003412,CJ택배 인천강화 (완속충전기),37.706849486,126.49055967,강화군,6,0,6,0,6,0,100.0,0.0,인천광역시 강화군 선원면 연동로 245 CJ택배 인천강화 (완속충전기),(주)스타코프
SF003436,송도아크베이,37.3863273,126.6636424,연수구,21,0,21,0,21,0,100.0,0.0,인천광역시 연수구 송도과학로27번길 27 송도아메리칸타운더샵아파트,(주)스타코프
SF003474,송도아메리칸타운아이파크,37.3854252,126.66164841,연수구,3,0,3,0,3,0,100.0,0.0,인천광역시 연수구 송도과학로27번길 15 송도아메리칸타운아이파크,(주)스타코프
SF003484,청라큐브시그니처 A,37.533820552,126.62855849,서구,3,0,3,0,3,0,100.0,0.0,인천광역시 서해구 청라한내로100번길 10 청라큐브시그니처1차,(주)스타코프
SF003485,청라큐브시그니처 B,37.532038054,126.62894148,서구,3,0,3,0,3,0,100.0,0.0,인천광역시 서해구 청라한내로72번길 13 청라큐브시그니처2차,(주)스타코프
SF003486,청라큐브시그니처 C,37.532039502,126.62940251,서구,3,0,3,0,3,0,100.0,0.0,인천광역시 서해구 청라한내로72번길 17 청라큐브시그니처3차,(주)스타코프
SF003624,유호아파트,37.602083639,126.66200213,서구,2,0,2,0,0,2,0.0,0.0,인천광역시 검단구 검단로518번길 12 유호아파트 A1동 지상1층 근처 주차장,(주)스타코프
SF003738,마크로젠송도글로벌지놈센터 (완속충전기),37.365419118,126.65429778,연수구,3,0,3,0,0,3,0.0,0.0,인천광역시 연수구 송도미래로 91 마크로젠송도글로벌지놈센터 (완속충전기),㈜스타코프
SO000067,이안테라디움제물포,37.46338843,126.6462602,미추홀구,2,0,2,0,1,1,50.0,0.0,인천광역시 미추홀구 경인로 26 이안테라디움제물포 지하주차장 1층,㈜선광시스템
SO000082,원조선창집장어구이,37.72168028,126.51333992,강화군,1,0,1,0,1,0,100.0,0.0,인천광역시 강화군 선원면 해안동로 1199 원조선창집장어구이 식당 입구 오른쪽,㈜선광시스템
SO000109,송도프라자,37.39590003,126.65240217,연수구,3,0,3,0,1,2,33.33,0.0,인천광역시 연수구 신송로 122 지하1층 입구 인근,㈜선광시스템
SO000110,스카이플러스,37.42339909,126.74966433,남동구,1,0,1,0,1,0,100.0,0.0,인천광역시 남동구 서창남순환로216번길 17 스카이플러스 지하주차장 1층,㈜선광시스템
SO000116,송도동충전소,37.39621004,126.64830451,연수구,2,0,2,0,0,2,0.0,0.0,인천광역시 연수구 해돋이로152번길 27 지하주차장,㈜선광시스템
SOA07001,가좌동 리치탑,37.489985,126.6728725,서구,5,1,4,0,4,1,80.0,20.0,인천광역시 서해구 건지로284번길 102 주차장,선광시스템
SOA70001,이안테라디움제물포,37.46338843,126.6462602,미추홀구,2,0,2,0,0,2,0.0,0.0,인천광역시 미추홀구 경인로 26 지하1층 주차타워 인근,㈜선광시스템
SOEK0013,동북건영 전기회사,37.4823928,126.72098872,부평구,1,1,0,0,1,0,100.0,100.0,인천광역시 부평구 동수로52번길 15-87 지상주차장,㈜선광시스템
SOEM0011,송도동충전소,37.39621004,126.6483045,연수구,1,1,0,0,1,0,100.0,100.0,인천광역시 연수구 해돋이로152번길 27 지하주차장,㈜선광시스템
SOEV1013,세라핌 팬션민박,37.26855244,126.4903283,옹진군,2,0,2,0,2,0,100.0,0.0,인천광역시 옹진군 영흥면 영흥서로16번길 139-11 세라핌 팬션 주차장(숙박시설 앞),선광시스템
SOEV1199,그린셀프세차,37.5463233,126.7437752,계양구,1,0,1,0,1,0,100.0,0.0,인천광역시 계양구 병방로 31 그린셀프세차장 주차장,선광시스템
SOEV1203,연희탑세차장,37.54765331,126.67731501,서구,1,0,1,0,1,0,100.0,0.0,인천광역시 서해구 서곶로 336-2 연희탑세차장 주차장,선광시스템
SOJWE002,강화바다펜션,37.6134744,126.3817861,강화군,1,0,1,0,1,0,100.0,0.0,인천광역시 강화군 화도면 해안남로 2355-7 주차장(관리동앞),선광시스템
SOJWE008,바바벨리펜션,37.66769825,126.35741442,강화군,1,0,1,0,1,0,100.0,0.0,인천광역시 강화군 삼산면 삼산남로 382-2 바바벨리펜션 주차장(숙박시설 앞),선광시스템
SOJWE014,노루목별장,37.65827926,126.33114656,강화군,1,0,1,0,1,0,100.0,0.0,인천광역시 강화군 삼산면 어류정길178번길 106-2 별장주차장,선광시스템
SOSKQ146,을왕낚시,37.44573495,126.37574825,중구,1,0,1,0,1,0,100.0,0.0,인천광역시 영종구 용유서로304번길 3 마트앞,선광시스템
SOSKQ160,글로리아치유교육연구원,37.72252038,126.4038364,강화군,1,0,1,0,1,0,100.0,0.0,인천광역시 강화군 내가면 고비고개로771번길 33-9 주차장,선광시스템
ST281101,CU미단유커타운점,37.528062,126.505529,중구,1,0,1,0,1,0,100.0,0.0,인천광역시 영종구 자연대로 701 CU미단유커타운점 지상주차장(건물 벽편),SK일렉링크
ST281102,현대블루핸즈 동인천서비스,37.4636011,126.6378841,중구,2,2,0,0,2,0,100.0,100.0,인천광역시 제물포구 인중로 43 동인천서비스 주차장입구 좌측,SK일렉링크
ST281103,로지스제이,37.5178956,126.5430871,중구,4,0,4,0,0,4,0.0,0.0,인천광역시 영종구 영종순환로339번길 9-12 로지스제이 주차장(건물 외벽- 회색&주황색 컨테이너 건물) 오른쪽 건물 옆쪽 뒤쪽,SK일렉링크
ST281104,영종도 MAZI프라자,37.4888918,126.5618424,중구,2,0,2,0,2,0,100.0,0.0,인천광역시 영종구 하늘중앙로195번길 20 지하1층/지하2층,SK일렉링크
ST281105,이마트 동인천점,37.4665583,126.6291257,중구,4,4,0,0,4,0,100.0,100.0,인천광역시 제물포구 인중로 134 4층 A구역,SK일렉링크
ST281106,인천지방조달청,37.454610356,126.63249418,중구,2,2,0,0,2,0,100.0,100.0,인천광역시 제물포구 아암대로 90,SK일렉링크
ST281402,인천 영창운수(운수사 전용),37.4813274,126.6256352,동구,6,6,0,0,0,6,0.0,100.0,인천광역시 제물포구 만석로 67 주차장입구 정면2대 좌측1대,SK일렉링크
ST281403,이마트 T송림점,37.483059,126.6603512,동구,4,4,0,0,4,0,100.0,100.0,인천광역시 제물포구 봉수대로 82 1층 주차장 안 A 기둥 옆 벽면,SK일렉링크
ST281703,인천 대신교통(운수사 전용),37.4657338,126.6754659,미추홀구,6,6,0,0,0,6,0.0,100.0,인천광역시 미추홀구 염창로 16-1 대신교통 주차장 출입구 좌측,SK일렉링크
ST281704,인천 동일운수(운수사 전용),37.4407292,126.6561518,미추홀구,4,4,0,0,0,4,0.0,100.0,인천광역시 미추홀구 노적산로 62 인천 동일운수 주차장,SK일렉링크
ST281705,인천 신성교통(운수사 전용),37.4652407,126.689738,미추홀구,2,2,0,0,2,0,100.0,100.0,인천광역시 미추홀구 경원대로 923 신성교통 실외 주차장 진입 후 좌측 끝,SK일렉링크
ST281706,인천 유성택시 (운수사 전용),37.4686878,126.671736,미추홀구,6,6,0,0,0,6,0.0,100.0,인천광역시 미추홀구 석정로329번길 22 옥외 주차장 우측 3대,SK일렉링크
ST281708,현대블루핸즈 송도종합서비스(구_송도현대모터스),37.4369646,126.6473512,미추홀구,2,2,0,0,2,0,100.0,100.0,인천광역시 미추홀구 독배로 183 송도종합서비스 주차장 입구 우측,SK일렉링크
ST281709,현대블루핸즈 학익점,37.4415908,126.6626657,미추홀구,1,1,0,0,1,0,100.0,100.0,인천광역시 미추홀구 한나루로 373 현대블루핸즈 학익점 주차장 맞은편 우측,SK일렉링크
ST281710,(주)이렌트카(입주사 전용),37.4580529,126.6915381,미추홀구,1,0,1,0,0,1,0.0,0.0,인천광역시 미추홀구 경인로 460 (주)이렌트카 주차장 석바위기사부페식당 앞,SK일렉링크
ST281711,팔도렌트카(입주사 전용),37.453644,126.6343597,미추홀구,1,0,1,0,0,1,0.0,0.0,인천광역시 미추홀구 토금남로3번길 22-17 팔도렌트카 주차장(건물 뒤편 주차장 입구 정면),SK일렉링크
ST281712,기아 용현대리점(임직원 전용),37.4561592,126.6509589,미추홀구,5,0,5,0,0,5,0.0,0.0,인천광역시 미추홀구 인주대로 124 옥외주차장,SK일렉링크
ST281715,보성운수(운수사 전용),37.4697171,126.6838373,미추홀구,2,2,0,0,0,2,0.0,100.0,인천광역시 미추홀구 염전로 393 실외 주차장,SK일렉링크
ST281716,삼정기업(운수사 전용),37.4572236,126.647076,미추홀구,4,4,0,0,0,4,0.0,100.0,인천광역시 미추홀구 인주대로 88 실외 주차장,SK일렉링크
ST281718,제원기업(운수사 전용),37.4700558,126.6703914,미추홀구,6,6,0,0,0,6,0.0,100.0,인천광역시 미추홀구 석정로301번길 43 실외 주차장(출입구 우측),SK일렉링크
ST281719,새인천렌트카(주안영업소),37.4516366,126.6721051,미추홀구,1,0,1,0,0,1,0.0,0.0,인천광역시 미추홀구 인주대로 322 새인천렌트카(주안영업소) 지상주차장 입구 좌측,SK일렉링크
ST281720,현대블루핸즈 미진자동차공업,37.464999,126.6901547,미추홀구,1,1,0,0,1,0,100.0,100.0,"인천광역시 미추홀구 경원대로 922 입구 진입 후 바로앞, 왼쪽 측면 주차면",SK일렉링크
ST281722,용현5동 제2노외주차장,37.4477,126.6465,미추홀구,2,2,0,0,2,0,100.0,100.0,인천광역시 미추홀구 용현동 665-20 주차장 진입 후 우측 자전거보관대 옆,SK일렉링크
ST281723,주안1동 제1노외주차장,37.46445,126.677322,미추홀구,2,2,0,0,2,0,100.0,100.0,인천광역시 미추홀구 주안로 69 실내주차장 주차장 진입 후 좌측,SK일렉링크
ST281724,주안6동 제3노외주차장,37.4629553,126.68644,미추홀구,1,1,0,0,1,0,100.0,100.0,인천광역시 미추홀구 경원대로897번길 57 실내주차장 주차장 진입 후 좌측,SK일렉링크
ST281725,도화2 3동 행정복지센터,37.4709226,126.6661438,미추홀구,2,2,0,0,2,0,100.0,100.0,인천광역시 미추홀구 장고개로 29-1 실외주차장 지하주차장 진입로 우측,SK일렉링크
ST281726,관교동 제3노외주차장,37.4441882,126.6931245,미추홀구,2,2,0,0,2,0,100.0,100.0,인천광역시 미추홀구 인하로430번길 42 실외주차장 주차장 진입 후 지상2층 우측,SK일렉링크
ST281727,현대자동차 인천지점(임직원 전용),37.4628248,126.64242,미추홀구,1,1,0,0,1,0,100.0,100.0,인천광역시 미추홀구 샛골로 1-1 지하1층 주차장,SK일렉링크
ST281801,송도테크노파크IT센터,37.38218,126.662019,연수구,5,0,5,0,0,5,0.0,0.0,인천광역시 연수구 송도과학로 32 지상4층주차장 21번 기둥 /지상5층 주차장 19번 기둥,SK일렉링크
ST281803,이마트 연수점,37.4042186,126.6811196,연수구,6,6,0,0,6,0,100.0,100.0,"인천광역시 연수구 경원대로 184 이마트 연수점 옥외주차장 3층 진입후 우회전 D,E 기둥",SK일렉링크
ST281804,현대블루핸즈 연수점,37.4145838,126.672638,연수구,2,2,0,0,2,0,100.0,100.0,인천광역시 연수구 동곡재로 31 야외 주차장 입구 바로 앞 주차면,SK일렉링크
ST282002,인천경찰청(수사동),37.4477766,126.7015557,남동구,2,0,2,0,2,0,100.0,0.0,인천광역시 남동구 예술로152번길 9 인천경찰청 1층 진입 후 좌측(수사동 지상1층(2기),SK일렉링크
ST282003,인천경찰청(본관동),37.4477766,126.7015557,남동구,8,0,8,0,8,0,100.0,0.0,인천광역시 남동구 예술로152번길 9 인천경찰청 지하 1층 주차장(8기),SK일렉링크
ST282007,현대자동차 논현지점,37.402094493,126.73455116,남동구,1,1,0,0,1,0,100.0,100.0,인천광역시 남동구 앵고개로 936,SK일렉링크
ST282008,향촌공영주차장,37.461131471,126.73129076,남동구,4,2,2,0,4,0,100.0,50.0,인천광역시 남동구 만수서로 46-1 주차장,SK일렉링크
ST282009,구월도매시장공영주차장,37.444406486,126.70432415,남동구,5,2,3,0,5,0,100.0,40.0,인천광역시 남동구 성말로32번길 19 출구 옆,SK일렉링크
ST282010,돌산마루1호 공영주차장,37.464631908,126.71821944,남동구,2,2,0,0,2,0,100.0,100.0,인천광역시 남동구 용천로176번길 70 주차장,SK일렉링크
ST282011,새남촌공영주차장,37.4330753,126.7132346,남동구,12,6,6,0,12,0,100.0,50.0,인천광역시 남동구 남촌동 357-1 대하빌라B 앞 주차장 출입구 진입 후 좌측,SK일렉링크
ST282012,남동공단2호공영주차장,37.4161856,126.7120263,남동구,11,6,5,0,11,0,100.0,54.55,인천광역시 남동구 남촌동 644 주차장 중간,SK일렉링크
ST282013,장도로공영주차장,37.3998761,126.7372382,남동구,4,4,0,0,4,0,100.0,100.0,인천광역시 남동구 논현1동 728-10 주차장,SK일렉링크
ST282014,논현제5공영주차장,37.3998401,126.7235086,남동구,4,2,2,0,4,0,100.0,50.0,인천광역시 남동구 논현동 742-1 주차장 입구로 들어와서 정면 30미터 앞,SK일렉링크
ST282015,소래제2공영주차장,37.3997039,126.7348177,남동구,1,1,0,0,1,0,100.0,100.0,인천광역시 남동구 논현동 750-2 주차장,SK일렉링크
ST282016,소래제3공영주차장,37.4012347,126.7317781,남동구,2,2,0,0,2,0,100.0,100.0,인천광역시 남동구 논현동 749-3 주차장,SK일렉링크
ST282017,서창5호공영주차장,37.4342432,126.7512935,남동구,2,2,0,0,2,0,100.0,100.0,인천광역시 남동구 서창동 567-4 주차장,SK일렉링크
ST282018,양지제2호무인공영주차장,37.4599203,126.7047312,남동구,1,1,0,0,1,0,100.0,100.0,인천광역시 남동구 간석동 416-1 주차장 출입구 옆,SK일렉링크
ST282301,태양상운수(운수사 전용),37.5229353,126.7130302,부평구,4,4,0,0,0,4,0.0,100.0,인천광역시 부평구 부평북로 179 2층 주차장(건물 내),SK일렉링크
ST282302,현대자동차 삼산지점(임직원전용),37.5151244,126.7316881,부평구,1,1,0,0,1,0,100.0,100.0,인천광역시 부평구 장제로 329 주차장 입구 진입 후 좌측,SK일렉링크
ST282303,기아 송내대리점,37.4842527,126.7511917,부평구,2,2,0,0,2,0,100.0,100.0,인천광역시 부평구 경인로1185번길 1 입구 진입 후 제이디엑스 맞은편,에스에스차저
ST282304,부평시장 공영주차장(건물),37.4960518,126.7270145,부평구,2,2,0,0,2,0,100.0,100.0,인천광역시 부평구 시장로61번길 11 주차장 입출구 바로 옆,SK일렉링크
ST282305,부평공원앞공영주차장,37.4915975,126.7176882,부평구,2,2,0,0,2,0,100.0,100.0,인천광역시 부평구 경원대로 1339 주차장 입구 바로 우측,SK일렉링크
ST282306,십정공영주차장,37.4723949,126.6982319,부평구,5,2,3,0,5,0,100.0,40.0,인천광역시 부평구 배곶로40번길 18,SK일렉링크
ST282307,부평시장 대정 공영주차장(건물),37.4971199,126.7245015,부평구,2,2,0,0,2,0,100.0,100.0,인천광역시 부평구 주부토로 19 출구 바로 옆,SK일렉링크
ST282401,스마트택시차고지,37.5238613,126.6993565,계양구,4,4,0,0,0,4,0.0,100.0,인천광역시 계양구 새풀로1번길 8 야외주차장(출입구 좌측벽면),SK일렉링크
ST282402,이마트 계양점,37.531038,126.7368967,계양구,4,4,0,0,4,0,100.0,100.0,인천광역시 계양구 봉오대로 785 3층 6번기둥,SK일렉링크
ST282403,서운산단공영주차장(회원 전용),37.5352456,126.7539185,계양구,2,2,0,0,2,0,100.0,100.0,인천광역시 계양구 서운산단로7길 19 주차장 입구 좌측,SK일렉링크
ST282404,효성1동행정복지센터,37.5324993,126.712057,계양구,1,0,1,0,1,0,100.0,0.0,인천광역시 계양구 봉오대로569번길 22 지상주차장 입구 좌측,SK일렉링크
ST282405,계양종합사회복지관,37.525728998,126.7498921,계양구,1,0,1,0,1,0,100.0,0.0,인천광역시 계양구 아나지로 517,SK일렉링크
ST282406,방축공영주차장(어린이과학관 부근),37.5515693,126.7399422,계양구,3,2,1,0,3,0,100.0,66.67,인천광역시 계양구 방축로 21 주차장 진입 후 우측,SK일렉링크
ST282408,계양산 공영주차장,37.547302,126.7265684,계양구,2,2,0,0,2,0,100.0,100.0,인천광역시 계양구 계양산로102번길 4 실외주차장 지하1층주차장 장애인주차구역 옆(주차장 진입 후 좌측),SK일렉링크
ST282409,목수천 공영주차장,37.5247904,126.7333628,계양구,2,2,0,0,2,0,100.0,100.0,인천광역시 계양구 작전동 710 실외주차장 주차장 진입 후 좌측 끝,SK일렉링크
ST282411,작전역 환승주차장(동남),37.5300121,126.723694,계양구,2,2,0,0,2,0,100.0,100.0,인천광역시 계양구 작전동 887 실외주차장 주차장 진입 후 좌측 끝,SK일렉링크
ST282412,작전역 환승주차장(동북),37.5304601,126.7247895,계양구,2,2,0,0,2,0,100.0,100.0,인천광역시 계양구 작전동 885 실외주차장 주차장 진입 후 좌측 중간,SK일렉링크
ST282413,작전역 환승주차장(서남),37.5301658,126.7212664,계양구,2,2,0,0,2,0,100.0,100.0,인천광역시 계양구 작전동 877 실외주차장 주차장 진입 좌측,SK일렉링크
ST282414,계산체육공원지하 공영주차장,37.5443986,126.7289883,계양구,2,2,0,0,2,0,100.0,100.0,인천광역시 계양구 주부토로 570 지하주차장 진입 후 우측,SK일렉링크
ST282415,계양구청 주차장,37.5374406,126.7377601,계양구,4,4,0,0,4,0,100.0,100.0,인천광역시 계양구 계산새로 88 실외주차장,SK일렉링크
ST282416,한국도로공사 인천지사,37.542615,126.752845,계양구,3,2,1,0,3,0,100.0,66.67,인천광역시 계양구 경명대로 1322 지상주차장,SK일렉링크
ST282417,한국도로공사 인천영업소,37.525264,126.74867,계양구,3,2,1,0,3,0,100.0,66.67,인천광역시 계양구 경인고속도로 17 지상주차장,SK일렉링크
ST282601,이마트 검단점(지상4층 옥상주차장),37.585828,126.678056,서구,4,4,0,0,4,0,100.0,100.0,"인천광역시 검단구 서곶로 754, 옥상주차장 진입 후 안쪽 끝 (매장동) 위치",SK일렉링크
ST282602,기아오토큐 북인천서비스,37.491092,126.662259,서구,1,0,1,0,0,1,0.0,0.0,인천광역시 서해구 봉수대로170번길 9 기아오토큐 북인천서비스 옥외주차장 건물외벽,에스트래픽
ST282603,기아오토큐가좌서부점,37.498968,126.675074,서구,1,0,1,0,1,0,100.0,0.0,인천광역시 서해구 건지로 296 기아오토큐 가좌서부점 지상주차장 출입문 옆,SK일렉링크
ST282604,대신택배 인천경서점,37.5467992,126.6485129,서구,1,0,1,0,0,1,0.0,0.0,인천광역시 서해구 호두산로10번길 38-12 실외주차장,SK일렉링크
ST282605,태경에이엘씨(입주사 전용),37.6259563,126.679814,서구,1,0,1,0,0,1,0.0,0.0,인천광역시 검단구 설원로138번길 21 태경에이엘씨 주차장  부설연구소 건물 좌측벽면,SK일렉링크
ST282606,인천 검단교통(신현동)(운수사 전용),37.5175355,126.6643783,서구,2,2,0,0,0,2,0.0,100.0,인천광역시 서해구 원창로 136 차고지 야외 주차장(주차장 입구 좌측),SK일렉링크
ST282607,현우산업(입주사 전용),37.6001819,126.6142868,서구,1,0,1,0,0,1,0.0,0.0,인천광역시 검단구 검단로 51 현우산업 현우산업 주차장(건물 외벽),SK일렉링크
ST282609,기아오토큐 마전점,37.598309,126.675157,서구,1,0,1,0,0,1,0.0,0.0,인천광역시 검단구 완정로34번길 57-25 지상 주차장(건물 옆 도로변부근),에스트래픽
ST282611,영하운수(운수사 전용),37.5069464,126.6703042,서구,2,2,0,0,0,2,0.0,100.0,인천광역시 서해구 길주로75번길 3 진입 후 좌측,SK일렉링크
ST282613,인천 검단교통(금곡동)(운수사 전용),37.6067474,126.6462549,서구,2,2,0,0,0,2,0.0,100.0,인천광역시 검단구 봉수대로 1497 주유소 옆 LX하우시스 창호 옆,SK일렉링크
ST282614,신광기업(운수사 전용),37.491638,126.6735432,서구,4,4,0,0,0,4,0.0,100.0,인천광역시 서해구 가정로78번길 19 신광기업 출입구 좌측 건물 벽면,SK일렉링크
ST282615,대일실업(운수사 전용),37.4839172,126.6639348,서구,2,2,0,0,0,2,0.0,100.0,인천광역시 서해구 백범로 845-1 대일실업 옥외 주차장,SK일렉링크
ST282616,대창운수(운수사 전용),37.4923573,126.6777227,서구,4,4,0,0,0,4,0.0,100.0,인천광역시 서해구 원적로57번길 24 대창운수 1층 옥외 주차장,SK일렉링크
ST282617,새인천렌트카(본사),37.498527896,126.66273127,서구,1,0,1,0,0,1,0.0,0.0,인천광역시 서해구 봉수대로 254-1 새인천렌트카 지상 주차장,SK일렉링크
ST282618,공성교통(운수사 전용),37.4967302,126.6520651,서구,4,4,0,0,4,0,100.0,100.0,인천광역시 서해구 중봉대로198번길 34 실외 주차장 진입 후 좌측 끝,SK일렉링크
ST282619,경인운수,37.5080641,126.6731854,서구,4,4,0,0,4,0,100.0,100.0,인천광역시 서해구 옻우물로 20 실외 주차장 진입 후 오른쪽 컨테이너 옆 주차면,SK일렉링크
ST282620,백제상운(운수사전용),37.4772681,126.6881567,서구,4,4,0,0,0,4,0.0,100.0,인천광역시 서해구 백범로604번길 11 건물 좌측,SK일렉링크
ST282621,홈씨씨 인천점,37.5146296,126.6469166,서구,8,8,0,0,8,0,100.0,100.0,인천광역시 서해구 중봉대로393번길 16 전기차 충전소,SK일렉링크
ST282622,현대자동차 블루핸즈 검단자동차,37.5970525,126.643407,서구,1,1,0,0,1,0,100.0,100.0,인천광역시 검단구 단봉로 75 전기차 충전소,SK일렉링크
ST282623,청연프라자 관리실,37.532107807,126.65138193,서구,2,0,2,0,2,0,100.0,0.0,인천광역시 서해구 중봉대로586번길 15 청연프라자 관리실,SK일렉링크
ST282624,대명운수,37.49539176,126.67146462,서구,2,2,0,0,2,0,100.0,100.0,인천광역시 서해구 가정로 119-1 주차장,SK일렉링크
ST287102,우리교통(운수사 전용),37.737571,126.4884248,강화군,2,2,0,0,0,2,0.0,100.0,인천광역시 강화군 강화읍 중앙로 67 우리교통 실외 주차장   건물 뒤편(건물 좌측),SK일렉링크
ST287103,현대자동차 블루핸즈 강화점,37.7414919,126.4979896,강화군,1,1,0,0,1,0,100.0,100.0,인천광역시 강화군 강화읍 강화대로 286-1 전기차 충전소,SK일렉링크
ST600044,HD현대오일뱅크 서곶길충전소,37.6094339,126.6442436,서구,4,4,0,0,4,0,100.0,100.0,인천광역시 검단구 봉수대로 1539 지상 주차장,SK일렉링크
ST600051,동일운수(외부인 이용 가능),37.4395201,126.6568246,미추홀구,2,2,0,0,2,0,100.0,100.0,인천광역시 미추홀구 노적산로 66-42 주차장 출입구 안쪽,SK일렉링크
ST600139,기아 산곡대리점(임직원 전용),37.490231,126.7112401,부평구,1,0,1,0,0,1,0.0,0.0,인천광역시 부평구 경원대로 1280 주차장,SK일렉링크
ST600183,코레일 도원역,37.4690594,126.6422054,동구,1,0,1,0,1,0,100.0,0.0,인천광역시 제물포구 참외전로 245 도원역 주차장 주차장 옥상 진입 후 정면,SK일렉링크
ST600187,코레일 송도역,37.4292487,126.655227,연수구,3,2,1,0,3,0,100.0,66.67,인천광역시 연수구 비류대로 189 주차장 진입로 앞,SK일렉링크
ST600281,만수주공5단지아파트,37.460028872,126.73838804,남동구,9,0,9,0,0,9,0.0,0.0,인천광역시 남동구 백범로124번길 127 주차장 504동 앞 지상주차장,SK일렉링크
ST600290,미추홀트루엘파크,37.4468094,126.6689774,미추홀구,7,2,5,0,0,7,0.0,28.57,인천광역시 미추홀구 학익소로9번길 24 지하주차장 2층 전기실 앞,SK일렉링크
ST600326,공항철도 계양역,37.5716094,126.7360234,계양구,5,4,1,0,5,0,100.0,80.0,인천광역시 계양구 다남로 24 주차장 출입구 옆,SK 일렉링크
ST600327,공항철도 검암역,37.568714787,126.6718046,서구,4,2,2,0,4,0,100.0,50.0,인천광역시 서해구 검바위로 26 주차장 출구방향,SK일렉링크
ST600328,공항철도 청라국제도시역,37.5553076,126.6269028,서구,4,2,2,0,4,0,100.0,50.0,인천광역시 서해구 에코로 151 주차장 입구 앞,SK 일렉링크
ST600329,공항철도 영종역,37.511900172,126.52252347,중구,4,2,2,0,4,0,100.0,50.0,인천광역시 영종구 백운로414번길 75 좌측 주차장 좌측 주차장 진입 후 좌측 끝,SK일렉링크
ST600352,현대자동차 인주대리점,37.4507448,126.6853843,미추홀구,1,1,0,0,1,0,100.0,100.0,인천광역시 미추홀구 인주대로 438 주차장 출입구 우측 지상주차장,SK일렉링크
ST600512,계양구청 계산택지2 공영주차장,37.5363258,126.7373467,계양구,12,8,4,0,12,0,100.0,66.67,인천광역시 계양구 계산동 1079-2 계산택지2 공영주차장 진입 후 우측,SK일렉링크
ST600740,이은에너지,37.484439271,126.66404034,서구,4,4,0,0,4,0,100.0,100.0,인천광역시 서해구 백범로 845 주차장 입출구 부근,SK일렉링크
ST601000,남동농업협동조합,37.430028816,126.73412587,남동구,20,10,10,0,20,0,100.0,50.0,인천광역시 남동구 소래로 446 농협 복합충전소 내,SK일렉링크
ST601153,우리주유소,37.4996204,126.6660394,서구,4,4,0,0,4,0,100.0,100.0,인천광역시 서해구 석남2동 223-46 주유소,SK일렉링크
ST601159,(주)을왕주유소,37.4590226,126.3720625,중구,4,4,0,0,4,0,100.0,100.0,인천광역시 영종구 을왕동 812-20 주유소,SK일렉링크
ST601180,HD현대오일뱅크 문학현대셀프주유소,37.4382328,126.6857896,미추홀구,2,2,0,0,2,0,100.0,100.0,인천광역시 미추홀구 매소홀로 574 주유소,SK 일렉링크
ST601181,스카이파크(영종도)주유소,37.4829485,126.5057118,중구,4,4,0,0,4,0,100.0,100.0,인천광역시 영종구 영종대로 312 . 주유소,SK일렉링크
ST601182,행복날개주유소,37.532135,126.7221853,계양구,2,2,0,0,2,0,100.0,100.0,인천광역시 계양구 작전동 864-8 . 주유소,SK일렉링크
ST601201,주안역LPG충전소,37.4644347,126.6785833,미추홀구,2,2,0,0,2,0,100.0,100.0,인천광역시 미추홀구 주안동 239-1 주안역LPG충전소 . 충전소,SK일렉링크
ST601205,청천LPG충전소,37.5230109,126.691545,부평구,2,2,0,0,2,0,100.0,100.0,인천 부평구 서달로 339 충전소,SK일렉링크
ST601253,SK에너지 북항주유소,37.4881155,126.6455736,동구,2,2,0,0,2,0,100.0,100.0,인천광역시 제물포구 중봉대로 91 주유소,SK일렉링크
ST601276,오토스테이 청라점,37.5538721,126.6734637,서구,2,2,0,0,2,0,100.0,100.0,인천광역시 서해구 연희동 78-1 오토스테이,SK일렉링크
ST601283,동우교통,37.5086747,126.6691651,서구,2,2,0,0,2,0,100.0,100.0,인천광역시 서해구 염곡로 272번길 10 택시회사,SK일렉링크
ST601284,서경택시,37.5006562,126.6601149,서구,2,2,0,0,2,0,100.0,100.0,인천광역시 서해구 봉수대로 277번길 12 택시회사,SK일렉링크
ST601285,송도교통,37.3982745,126.7107015,남동구,2,2,0,0,2,0,100.0,100.0,인천 남동구 청능대로 468번길 12 택시회사,SK일렉링크
ST601286,제이비택시,37.4836062,126.6206169,동구,2,2,0,0,2,0,100.0,100.0,인천광역시 제물포구 어촌로 22 택시회사,SK일렉링크
ST601287,풍진기업,37.4964563,126.6516978,서구,2,2,0,0,2,0,100.0,100.0,인천광역시 서해구 중봉대로 198번길 30 택시회사,SK일렉링크
ST601290,성산운수,37.4745594,126.6802426,서구,2,2,0,0,2,0,100.0,100.0,인천광역시 서해구 가좌동 606-20 택시회사,SK일렉링크
ST601325,인천경찰청,37.449160306,126.70127647,남동구,2,2,0,0,2,0,100.0,100.0,인천광역시 남동구 예술로152번길 9 주차장,SK일렉링크
ST601326,연수경찰서,37.410167459,126.68138249,연수구,2,0,2,0,2,0,100.0,0.0,인천광역시 연수구 원인재로 138,SK일렉링크
ST601327,논현경찰서,37.404077435,126.71503875,남동구,2,0,2,0,2,0,100.0,0.0,인천광역시 남동구 논현고잔로 239 주차장,SK일렉링크
ST601328,인천서부경찰서,37.5439009,126.6781596,서구,2,0,2,0,2,0,100.0,0.0,인천광역시 서해구 탁옥로 77 주차장 서부 탁옥로 77 주차,SK일렉링크
ST601356,농협은행 부평금융센터,37.493585236,126.7225783,부평구,3,1,2,0,3,0,100.0,33.33,인천광역시 부평구 부평대로 23 농협은행 부평금융센터,SK일렉링크
ST601357,이마트 트레이더스 구월점,37.439623217,126.70788434,남동구,49,15,34,0,49,0,100.0,30.61,인천광역시 남동구 매소홀로 759 이마트 트레이더스 구월점,SK 일렉링크
ST601409,인천 서부여성회관 앞 CU,37.4998587,126.6783446,서구,2,2,0,0,2,0,100.0,100.0,인천광역시 서해구 서달로 16 인천 서부여성회관 앞 CU,SK일렉링크
ST601410,기아 영종대리점,37.493684,126.4958935,중구,1,1,0,0,1,0,100.0,100.0,인천광역시 영종구 영종대로162번길 6 주차장 출입구 진입 직진 후 지상 주차장내 위치,SK일렉링크
ST601436,HD현대오일뱅크 인천대교주유소,37.3965474,126.6614446,연수구,1,1,0,0,1,0,100.0,100.0,인천광역시 연수구 아암대로 815,SK일렉링크
ST601474,HD현대오일뱅크 검단주유소,37.600945563,126.6607948,서구,1,1,0,0,1,0,100.0,100.0,인천광역시 검단구 완정로 138 주유소 안쪽(건물 옆),SK일렉링크
ST601475,HD현대오일뱅크 도화충전소,37.464797773,126.66454117,미추홀구,1,1,0,0,1,0,100.0,100.0,인천광역시 미추홀구 경인로 200 주유소 입구 오른편(주차장),SK일렉링크
ST601476,HD현대오일뱅크 미추홀셀프주유소,37.451043294,126.68029117,미추홀구,1,1,0,0,1,0,100.0,100.0,인천광역시 미추홀구 인주대로 394 주유소 입구 왼편,SK일렉링크
ST601477,HD현대오일뱅크 부평공단셀프주유소,37.514833872,126.72174329,부평구,1,1,0,0,1,0,100.0,100.0,인천광역시 부평구 부평대로 262 주유소 입구 오른편,SK일렉링크
ST601478,HD현대오일뱅크 수인주유소,37.460580106,126.72082376,남동구,1,1,0,0,1,0,100.0,100.0,인천광역시 남동구 백범로 255 주유소 출구방면,SK일렉링크
ST601479,HD현대오일뱅크 신공항주유소,37.494241729,126.48951901,중구,1,1,0,0,1,0,100.0,100.0,인천광역시 영종구 신도시남로141번길 6 주유소 출구 오른편,SK일렉링크
ST601480,HD현대오일뱅크 싸이클셀프주유소,37.484089171,126.7522484,부평구,1,1,0,0,1,0,100.0,100.0,인천광역시 부평구 경인로 1195 주유소 출구 방면(맥도날드 입구),SK일렉링크
ST601481,HD현대오일뱅크 영종셀프주유소,37.489321487,126.55820085,중구,1,1,0,0,1,0,100.0,100.0,인천광역시 영종구 자연대로 55 주유소 출구 오른편,SK일렉링크
ST601482,HD현대오일뱅크 유화셀프주유소,37.525038832,126.71875967,계양구,1,1,0,0,1,0,100.0,100.0,인천광역시 계양구 아나지로 240 주유소 출구 오른편,SK일렉링크
ST601493,작전서운 공영주차장,37.526439459,126.7394721,계양구,4,2,2,0,4,0,100.0,50.0,인천광역시 계양구 작전동 679-12,SK일렉링크
ST601505,더샵부평센트럴시티(입주민 전용)-1,37.4773624,126.7009931,부평구,55,0,55,0,0,55,0.0,0.0,인천광역시 부평구 열우물로 90 더샵부평센트럴시티 104동~109동 지하1~2층주차장,SK일렉링크
ST601506,더샵부평센트럴시티(입주민 전용)-2,37.4773624,126.7009931,부평구,69,0,69,0,0,69,0.0,0.0,인천광역시 부평구 열우물로 90 더샵부평센트럴시티 104동~109동 지하1~2층주차장,SK일렉링크
ST601903,청라스퀘어세븐,37.532284001,126.64209954,서구,4,0,4,0,4,0,100.0,0.0,인천광역시 서해구 청라루비로 76 청라스퀘어세븐,SK일렉링크
SZBA0042,(23년) 태양여객(왕길동)-1차,37.5891543,126.6414542,서구,10,10,0,0,0,10,0.0,100.0,인천광역시 검단구 검단로326번길 81-38 주차장,SG생활안전
SZBA0045,(23년) 태양여객(삼산동),37.5197569,126.7509741,부평구,18,18,0,0,0,18,0.0,100.0,인천광역시 부평구 두레로 34-1 주차장,SG생활안전
SZBA0083,(24년) 태양여객(왕길동)-2차,37.5891543,126.6414542,서구,8,8,0,0,0,8,0.0,100.0,인천광역시 검단구 검단로326번길 81-38 주차장,SG생활안전
TDG00001,주식회사 철물마트,37.584693,126.661085,서구,1,0,1,0,1,0,100.0,0.0,인천광역시 검단구 봉수대로 1213 철물마트,타디스테크놀로지
TDG00002,허밍커피 펜션,37.244395,126.5271896,옹진군,2,0,2,0,2,0,100.0,0.0,인천광역시 옹진군 영흥면 선재로 179 허밍커피 펜션 건물 앞 주차장,evPlug
TDG00004,인천보훈병원,37.455652,126.652447,미추홀구,1,0,1,0,1,0,100.0,0.0,"인천광역시 미추홀구 인주대로 138 용현동, 인천보훈병원 지상주차장",타디스테크놀로지
TDG00010,교보생명 인천사옥,37.459153,126.680458,미추홀구,1,0,1,0,1,0,100.0,0.0,인천광역시 미추홀구 미추홀대로 694 교보생명 인천사옥,타디스테크놀로지
TDG00015,인천산업용품유통센터(1단지),37.486197,126.652751,동구,33,0,33,0,33,0,100.0,0.0,인천광역시 제물포구 방축로37번길 30 인천산업용품유통센터(1단지),타디스테크놀로지
TDG00016,인천산업용품유통센터(2단지),37.484827,126.654796,동구,39,0,39,0,39,0,100.0,0.0,인천광역시 제물포구 방축로83번길 23 인천산업용품유통센터(2단지),타디스테크놀로지
TDG00017,인천산업용품유통센터(3단지),37.484122,126.656111,동구,6,0,6,0,6,0,100.0,0.0,인천광역시 제물포구 방축로 105 인천산업용품유통센터(3단지),타디스테크놀로지
TDG00019,송도오네스타지점,37.3809018,126.6566706,연수구,5,0,5,0,5,0,100.0,0.0,인천광역시 연수구 송도국제대로 157 송도오네스타 지하1층 주차장,타디스테크놀로지
TDG00020,탑모텔(OCPP),37.7656082,126.4535386,강화군,2,0,2,0,2,0,100.0,0.0,인천광역시 강화군 송해면 강화대로 792 지상1층 후면 주차장,타디스테크놀로지
TDMD0004,송도중앙타워,37.3822873,126.6414263,연수구,6,0,6,0,1,5,16.67,0.0,인천광역시 연수구 하모니로178번길 6,타디스테크놀로지
TR100000,인천청라초등학교,37.537091,126.655346,서구,1,0,1,0,1,0,100.0,0.0,인천광역시 서해구 청라에메랄드로 139 인천청라초등학교 인천청라초등학교 주차장,한마음장애인복지회
TS282451,인천태화한진아파트,37.529364,126.741028,계양구,34,0,34,0,0,34,0.0,0.0,"인천광역시 계양구 효서로 393 604동 앞 지상주차장(1), 604동 앞 지상주차장(2), 611동 뒤 지상주차장(1), 611동 뒤 지상주차장(2),605동 앞 지상주차장",주식회사 태성콘텍
TS287101,강화서희스타힐스2단지,37.724807,126.477305,강화군,7,0,7,0,0,7,0.0,0.0,인천광역시 강화군 선원면 중앙로 162-57 강화서희스타힐스2단지 입구 우측 경사,주식회사 태성콘텍
TS287102,인천화개정원,37.781696,126.29241,강화군,19,0,19,0,19,0,100.0,0.0,인천광역시 강화군 교동면 교동동로471번길 6-58 인천화개정원,주식회사 태성콘텍
UN000055,주안동 신기길 46-24,37.4461746,126.6760058,미추홀구,1,0,1,0,0,1,0.0,0.0,인천광역시 미추홀구 신기길 46-24 (주안동),유니이브이
UN000128,강화도 원두막가든(7kW),37.6337254,126.4921712,강화군,1,0,1,0,1,0,100.0,0.0,인천광역시 강화군 길상면 전등사로 60 지상주차장,유니이브이
UN000136,인천 서운고등학교(14kW),37.5270067,126.7461566,계양구,2,0,2,0,1,1,50.0,0.0,인천광역시 계양구 아나지로 481 지상주차장,유니이브이
UN000170,인천 송도도담프라자(7kW),37.3985762,126.6492319,연수구,3,0,3,0,0,3,0.0,0.0,인천광역시 연수구 신송로170번길 10 (송도동) 지하1층 진입구 좌측끝,유니이브이
UN000228,인천 신송고등학교(11kW),37.3922355,126.6596198,연수구,1,0,1,0,0,1,0.0,0.0,인천광역시 연수구 신송로6번길 56,유니이브이
UN000233,인천 신정중학교(7kW),37.4036592,126.6460718,연수구,1,0,1,0,1,0,100.0,0.0,인천광역시 연수구 컨벤시아대로42번길 80,유니이브이
UN000234,인천 연성중학교(11kWh),37.4090457,126.6773061,연수구,1,0,1,0,1,0,100.0,0.0,인천광역시 연수구 원인재로 105 주차장 학교 정문 진입 후 주차장 라인 왼쪽 배전반 앞,유니이브이
UN000244,인천 도림초등학교(11kW),37.4193738,126.7317467,남동구,1,0,1,0,0,1,0.0,0.0,인천광역시 남동구 논고개로334번길 21 지상주차장,유니이브이
UN000262,인천 서운초등학교(11kW),37.5271739,126.7446937,계양구,1,0,1,0,0,1,0.0,0.0,인천광역시 계양구 서운로 12 지상주차장,유니이브이
UN000289,인천 삼산초등학교(11kWh),37.5214233,126.7387535,부평구,1,0,1,0,0,1,0.0,0.0,인천광역시 부평구 후정동로 44,유니이브이
UN000302,인천 무한퍼스티지(7kW),37.522925,126.7007438,부평구,4,0,4,0,4,0,100.0,0.0,인천광역시 부평구 부평북로65번길 10 지하1층,유니이브이
UP004127,인천 청수타워,37.422917,126.7498553,남동구,6,0,6,0,6,0,100.0,0.0,"인천광역시 남동구 서창남순환로216번길 35 청수타워 4, 5층 주차장",유플러스아이티
UP476857,인천 상아아파트,37.4906931,126.6789379,서구,2,0,2,0,2,0,100.0,0.0,인천광역시 서해구 신진말로28번길 25 상아아파트 B동 앞 지상주차장,유플러스아이티
UP477357,인천 부평대우마이빌,37.5004496,126.7224674,부평구,3,0,3,0,3,0,100.0,0.0,인천광역시 부평구 부평대로 102 지하 1층 주차장,유플러스아이티
WS281001,서구청 제1주차장,37.5460682,126.6759883,서구,1,1,0,0,1,0,100.0,100.0,인천광역시 서해구 심곡동 239-9,관공서
WS281002,청라3 주차장,37.533839,126.6271396,서구,2,2,0,0,2,0,100.0,100.0,인천광역시 서해구 청라동 92-16,관공서
WS281003,당하 주차장,37.5920445,126.6750054,서구,4,4,0,0,4,0,100.0,100.0,인천광역시 검단구 청마로167번길 15,관공서
WS281004,검암 제1주차장,37.5642113,126.6740815,서구,2,2,0,0,2,0,100.0,100.0,인천광역시 서해구 검암동 607-1,관공서
WS281005,강남장터 주차장,37.5118832,126.6713453,서구,2,2,0,0,2,0,100.0,100.0,인천광역시 서해구 강남로19번길 8,관공서
WS281006,정서진 중앙시장 주차장,37.5189583,126.6773643,서구,2,2,0,0,2,0,100.0,100.0,인천광역시 서해구 가남로 416,관공서
WS281007,서곶누리 주차장,37.5469707,126.6723587,서구,1,1,0,0,1,0,100.0,100.0,인천광역시 서해구 대평로 43,관공서
WS281008,검암 제4주차장,37.5578422,126.6738836,서구,2,2,0,0,2,0,100.0,100.0,인천광역시 서해구 검암동 659,관공서
WS281009,경서 주차장,37.5581999,126.6542432,서구,2,2,0,0,2,0,100.0,100.0,인천광역시 서해구 경서동 734,관공서
WS281010,서구공영 주차장,37.507595,126.640443,서구,1,1,0,0,1,0,100.0,100.0,인천광역시 서해구 원창동 477-3,관공서
WS281011,당하동 공영주차장,37.5926479,126.6984661,서구,2,2,0,0,2,0,100.0,100.0,인천광역시 검단구 당하동 1030-6,관공서
WS281012,마전동 공영주차장,37.5945192,126.6715321,서구,2,2,0,0,2,0,100.0,100.0,인천광역시 검단구 마전동 1019,관공서
WS281013,청라노을 주차장,37.5393285,126.6291958,서구,2,2,0,0,2,0,100.0,100.0,인천광역시 서해구 청라한내로162번길 10-8,관공서
