statNm,statId,chgerId,chgerType,addr,addrDetail,location,lat,lng,useTime,busiId,bnm,busiNm,busiCall,stat,statUpdDt,lastTsdt,lastTedt,nowTsdt,powerType,output,method,zcode,zscode,kind,kindDetail,parkingFree,note,limitYn,limitDetail,delYn,delDetail,trafficYn,year,floorNum,floorType,maker,charger_uid,coordinate_missing,coordinate_outlier,district_by_code,district_from_address,district_address_normalized,district_mismatch,is_deleted,is_limited,is_active_record,usable_for_spatial_analysis
주식회사 라코아 지하1층 주차장,EC003698,1,2,인천광역시 남동구 서창남순환로10번길 50,,주식회사 라코아 지하1층 주차장,35.2077666,128.999389,24시간 이용가능,EC,이지차저,이지차저,1544-3332,1,2026-06-05 11:20:01,2026-06-01 18:29:32,2026-06-01 23:25:28,,,11.0,단독,28,28200,H0,H003,N,관리 시설에 따른 주차비가 발생할 수 있음,N,,N,,N,2022,5,F,시그넷,EC003698_01,False,True,남동구,남동구,남동구,False,False,False,True,False
인천남동 간석이삭아파트,EV006502,1,2,인천광역시 남동구 용천로176번길 109,,"지하1층 C3 기둥 좌,우측",37.46526348,126.72026026,24시간 이용가능,EV,에버온,에버온,1661-7766,9,2026-03-24 15:29:23,2025-08-24 03:01:47,2025-08-24 07:37:32,,,7.0,단독,28,28200,H0,H001,Y,외부인 사용불가,N,외부인 사용불가,Y,"기존 충전기, 지상 이전설치로 인한 등록 된 충전기 철거",N,2022,1,B,한국알박,EV006502_01,False,False,남동구,남동구,남동구,False,True,False,False,False
인천남동 간석이삭아파트,EV006502,2,2,인천광역시 남동구 용천로176번길 109,,"지하1층 C3 기둥 좌,우측",37.46526348,126.72026026,24시간 이용가능,EV,에버온,에버온,1661-7766,9,2026-03-24 15:29:23,2025-08-31 14:12:52,2025-08-31 17:36:58,,,7.0,단독,28,28200,H0,H001,Y,외부인 사용불가,Y,외부인 사용불가,Y,"기존 충전기, 지상 이전설치로 인한 등록 된 충전기 철거",N,2022,1,B,한국알박,EV006502_02,False,False,남동구,남동구,남동구,False,True,True,False,False
인천남동 간석이삭아파트,EV006502,3,2,인천광역시 남동구 용천로176번길 109,,"지하1층 C3 기둥 좌,우측",37.46526348,126.72026026,24시간 이용가능,EV,에버온,에버온,1661-7766,9,2026-03-24 15:29:23,2025-07-10 00:18:05,2025-07-10 09:54:23,,,7.0,단독,28,28200,H0,H001,Y,외부인 사용불가,Y,외부인 사용불가,Y,"기존 충전기, 지상 이전설치로 인한 등록 된 충전기 철거",N,2022,1,B,한국알박,EV006502_03,False,False,남동구,남동구,남동구,False,True,True,False,False
인천남동 간석이삭아파트,EV006502,4,2,인천광역시 남동구 용천로176번길 109,,"지하1층 C3 기둥 좌,우측",37.46526348,126.72026026,24시간 이용가능,EV,에버온,에버온,1661-7766,9,2026-03-24 15:29:23,2025-09-04 08:28:25,2025-09-04 11:02:18,,,7.0,단독,28,28200,H0,H001,Y,외부인 사용불가,Y,외부인 사용불가,Y,"기존 충전기, 지상 이전설치로 인한 등록 된 충전기 철거",N,2022,1,B,한국알박,EV006502_04,False,False,남동구,남동구,남동구,False,True,True,False,False
인천남동 만수주공2단지 1,EV013001,1,2,"인천광역시 남동구 백범로124번길 43 (만수동, 만수주공2단지아파트)201동 앞 지상주차장",201동 앞 지상주차장,201동 앞 지상주차장,35.0108191,126.7831812,24시간 이용가능,EV,에버온,에버온,1661-7766,2,2026-07-16 07:49:12,2026-07-16 01:01:59,2026-07-16 05:39:14,,,7.0,단독,28,28200,H0,H001,N,,Y,외부인 사용불가,N,,N,2023,1,F,에버온,EV013001_01,False,True,남동구,남동구,남동구,False,False,True,True,False
인천남동 만수주공2단지 1,EV013001,2,2,"인천광역시 남동구 백범로124번길 43 (만수동, 만수주공2단지아파트)201동 앞 지상주차장",201동 앞 지상주차장,201동 앞 지상주차장,35.0108191,126.7831812,24시간 이용가능,EV,에버온,에버온,1661-7766,2,2026-07-15 12:43:49,2026-07-04 15:23:54,2026-07-04 20:31:22,,,7.0,단독,28,28200,H0,H001,N,,Y,외부인 사용불가,N,,N,2023,1,F,에버온,EV013001_02,False,True,남동구,남동구,남동구,False,False,True,True,False
인천남동 만수주공2단지 1,EV013001,3,2,"인천광역시 남동구 백범로124번길 43 (만수동, 만수주공2단지아파트)201동 앞 지상주차장",201동 앞 지상주차장,201동 앞 지상주차장,35.0108191,126.7831812,24시간 이용가능,EV,에버온,에버온,1661-7766,2,2026-07-16 06:52:39,2026-07-15 16:04:15,2026-07-15 22:05:27,,,7.0,단독,28,28200,H0,H001,N,,Y,외부인 사용불가,N,,N,2023,1,F,에버온,EV013001_03,False,True,남동구,남동구,남동구,False,False,True,True,False
인천남동 만수주공2단지 2,EV013002,1,2,"인천광역시 남동구 백범로124번길 43 (만수동, 만수주공2단지아파트)214동 앞 지상주차장",214동 앞 지상주차장,214동 앞 지상주차장,35.0108191,126.7831812,24시간 이용가능,EV,에버온,에버온,1661-7766,2,2026-07-16 09:30:14,2026-07-15 20:09:08,2026-07-16 01:15:24,,,7.0,단독,28,28200,H0,H001,N,,Y,외부인 사용불가,N,,N,2023,1,F,에버온,EV013002_01,False,True,남동구,남동구,남동구,False,False,True,True,False
인천남동 만수주공2단지 2,EV013002,2,2,"인천광역시 남동구 백범로124번길 43 (만수동, 만수주공2단지아파트)214동 앞 지상주차장",214동 앞 지상주차장,214동 앞 지상주차장,35.0108191,126.7831812,24시간 이용가능,EV,에버온,에버온,1661-7766,2,2026-07-16 09:01:57,2026-07-15 20:35:12,2026-07-16 01:34:15,,,7.0,단독,28,28200,H0,H001,N,,Y,외부인 사용불가,N,,N,2023,1,F,에버온,EV013002_02,False,True,남동구,남동구,남동구,False,False,True,True,False
인천남동 만수주공2단지 2,EV013002,3,2,"인천광역시 남동구 백범로124번길 43 (만수동, 만수주공2단지아파트)214동 앞 지상주차장",214동 앞 지상주차장,214동 앞 지상주차장,35.0108191,126.7831812,24시간 이용가능,EV,에버온,에버온,1661-7766,2,2026-07-16 09:12:04,2026-07-16 08:23:40,2026-07-16 09:10:42,,,7.0,단독,28,28200,H0,H001,N,,Y,외부인 사용불가,N,,N,2023,1,F,에버온,EV013002_03,False,True,남동구,남동구,남동구,False,False,True,True,False
인천남동 만수주공2단지 2,EV013002,4,2,"인천광역시 남동구 백범로124번길 43 (만수동, 만수주공2단지아파트)214동 앞 지상주차장",214동 앞 지상주차장,214동 앞 지상주차장,35.0108191,126.7831812,24시간 이용가능,EV,에버온,에버온,1661-7766,3,2026-07-15 22:17:45,2026-07-14 21:40:22,2026-07-15 01:05:35,2026-07-15 22:16:29,,7.0,단독,28,28200,H0,H001,N,,Y,외부인 사용불가,N,,N,2023,1,F,에버온,EV013002_04,False,True,남동구,남동구,남동구,False,False,True,True,False
인천남동 만수주공2단지 2,EV013002,5,2,"인천광역시 남동구 백범로124번길 43 (만수동, 만수주공2단지아파트)214동 앞 지상주차장",214동 앞 지상주차장,214동 앞 지상주차장,35.0108191,126.7831812,24시간 이용가능,EV,에버온,에버온,1661-7766,2,2026-07-16 08:23:33,2026-07-13 17:02:45,2026-07-14 00:20:49,,,7.0,단독,28,28200,H0,H001,N,,Y,외부인 사용불가,N,,N,2023,1,F,에버온,EV013002_05,False,True,남동구,남동구,남동구,False,False,True,True,False
인천남동 만수주공2단지 2,EV013002,6,2,"인천광역시 남동구 백범로124번길 43 (만수동, 만수주공2단지아파트)214동 앞 지상주차장",214동 앞 지상주차장,214동 앞 지상주차장,35.0108191,126.7831812,24시간 이용가능,EV,에버온,에버온,1661-7766,2,2026-07-15 12:31:41,2026-07-14 22:15:58,2026-07-15 01:56:04,,,7.0,단독,28,28200,H0,H001,N,,Y,외부인 사용불가,N,,N,2023,1,F,에버온,EV013002_06,False,True,남동구,남동구,남동구,False,False,True,True,False
인천남동 만수주공2단지 2,EV013002,7,2,"인천광역시 남동구 백범로124번길 43 (만수동, 만수주공2단지아파트)214동 앞 지상주차장",214동 앞 지상주차장,214동 앞 지상주차장,35.0108191,126.7831812,24시간 이용가능,EV,에버온,에버온,1661-7766,2,2026-07-15 12:19:35,2026-07-14 15:45:23,2026-07-15 03:52:29,,,7.0,단독,28,28200,H0,H001,N,,Y,외부인 사용불가,N,,N,2023,1,F,에버온,EV013002_07,False,True,남동구,남동구,남동구,False,False,True,True,False
인천남동 만수주공2단지 3,EV013003,1,2,"인천광역시 남동구 백범로124번길 43 (만수동, 만수주공2단지아파트)211동 앞 지상주차장",211동 앞 지상주차장,211동 앞 지상주차장,35.0108191,126.7831812,24시간 이용가능,EV,에버온,에버온,1661-7766,2,2026-07-16 08:29:35,2026-07-15 17:17:34,2026-07-16 03:02:43,,,7.0,단독,28,28200,H0,H001,N,,Y,외부인 사용불가,N,,N,2023,1,F,에버온,EV013003_01,False,True,남동구,남동구,남동구,False,False,True,True,False
인천남동 만수주공2단지 3,EV013003,2,2,"인천광역시 남동구 백범로124번길 43 (만수동, 만수주공2단지아파트)211동 앞 지상주차장",211동 앞 지상주차장,211동 앞 지상주차장,35.0108191,126.7831812,24시간 이용가능,EV,에버온,에버온,1661-7766,2,2026-07-16 06:56:41,2026-07-14 23:30:05,2026-07-15 02:45:06,,,7.0,단독,28,28200,H0,H001,N,,Y,외부인 사용불가,N,,N,2023,1,F,에버온,EV013003_02,False,True,남동구,남동구,남동구,False,False,True,True,False
인천남동 만수주공2단지 3,EV013003,3,2,"인천광역시 남동구 백범로124번길 43 (만수동, 만수주공2단지아파트)211동 앞 지상주차장",211동 앞 지상주차장,211동 앞 지상주차장,35.0108191,126.7831812,24시간 이용가능,EV,에버온,에버온,1661-7766,3,2026-07-16 04:11:10,2026-07-11 22:55:01,2026-07-12 02:56:14,2026-07-15 22:45:08,,7.0,단독,28,28200,H0,H001,N,,Y,외부인 사용불가,N,,N,2023,1,F,에버온,EV013003_03,False,True,남동구,남동구,남동구,False,False,True,True,False
인천남동 만수주공2단지 3,EV013003,4,2,"인천광역시 남동구 백범로124번길 43 (만수동, 만수주공2단지아파트)211동 앞 지상주차장",211동 앞 지상주차장,211동 앞 지상주차장,35.0108191,126.7831812,24시간 이용가능,EV,에버온,에버온,1661-7766,2,2026-07-16 06:24:24,2026-07-15 20:19:46,2026-07-16 06:17:01,,,7.0,단독,28,28200,H0,H001,N,,Y,외부인 사용불가,N,,N,2023,1,F,에버온,EV013003_04,False,True,남동구,남동구,남동구,False,False,True,True,False
인천남동 만수주공2단지 3,EV013003,5,2,"인천광역시 남동구 백범로124번길 43 (만수동, 만수주공2단지아파트)211동 앞 지상주차장",211동 앞 지상주차장,211동 앞 지상주차장,35.0108191,126.7831812,24시간 이용가능,EV,에버온,에버온,1661-7766,2,2026-07-16 07:04:47,2026-07-15 19:36:39,2026-07-15 23:32:27,,,7.0,단독,28,28200,H0,H001,N,,Y,외부인 사용불가,N,,N,2023,1,F,에버온,EV013003_05,False,True,남동구,남동구,남동구,False,False,True,True,False
인천남동 만수주공2단지 3,EV013003,6,2,"인천광역시 남동구 백범로124번길 43 (만수동, 만수주공2단지아파트)211동 앞 지상주차장",211동 앞 지상주차장,211동 앞 지상주차장,35.0108191,126.7831812,24시간 이용가능,EV,에버온,에버온,1661-7766,3,2026-07-16 07:22:57,2026-07-15 21:05:40,2026-07-15 21:28:29,2026-07-16 07:22:43,,7.0,단독,28,28200,H0,H001,N,,Y,외부인 사용불가,N,,N,2023,1,F,에버온,EV013003_06,False,True,남동구,남동구,남동구,False,False,True,True,False
현대 자동차 운전전문학원,EZ001286,1,2,인천광역시 계양구 아나지로 561,주차장,주차장,36.0857088,128.1093714,24시간 이용가능,EZ,차지인,(주)차지인,1577-8961,9,2026-06-01 11:33:10,2023-05-12 10:16:07,2023-05-12 10:21:38,,,7.0,단독,28,28245,J0,J003,Y,,N,,N,,N,2023,1,F,차지인,EZ001286_01,False,True,계양구,계양구,계양구,False,False,False,True,False
인천대공원사업소,HE000275,1,2,인천광역시 남동구 무네미로 236,,,37.4577,126.7499,24시간 이용가능,HE,한국전기차충전서비스,한국전기차충전서비스,1522-1782,3,2026-07-15 08:56:00,2026-07-13 17:21:59,2026-07-14 00:48:59,2026-07-15 08:56:00,,7.0,단독,28,28125,D0,D001,Y,,N,,N,,N,2018,1,F,PNE,HE000275_01,False,False,제물포구,남동구,남동구,True,False,False,True,True
인천대공원사업소,HE000275,2,2,인천광역시 남동구 무네미로 236,,,37.4577,126.7499,24시간 이용가능,HE,한국전기차충전서비스,한국전기차충전서비스,1522-1782,9,2026-07-15 10:48:10,2023-09-14 20:28:39,2023-09-14 21:09:45,,,7.0,단독,28,28125,D0,D001,Y,,N,,N,,N,2018,1,F,PNE,HE000275_02,False,False,제물포구,남동구,남동구,True,False,False,True,True
인천대공원사업소 정문,HE000582,1,2,"인천광역시 남동구 무네미로 238 (장수동, 인천대공원)",,,37.459216,126.750769,10:00~18:00,HE,한국전기차충전서비스,한국전기차충전서비스,1522-1782,9,2026-07-15 10:48:10,2022-08-04 18:26:05,2022-08-04 20:00:26,,,7.0,단독,28,28125,A0,A004,N,,N,,N,,N,2018,1,F,중앙제어,HE000582_01,False,False,제물포구,남동구,남동구,True,False,False,True,True
신동아파밀리에명품,HE240400,1,2,인천광역시 남동구 염전로 440,신동아파밀리에명품아파트,"102동 앞 지상주차장-1, 102동 앞 지상주차장-2",33.287911339,126.57865221,24시간 이용가능,HE,한국전기차충전서비스,한국전기차충전서비스,1522-1782,3,2026-07-16 01:25:00,2026-07-14 21:47:50,2026-07-14 23:23:39,2026-07-15 18:12:00,,7.0,단독,28,28200,H0,H001,Y,,Y,거주자외 출입제한,N,,N,2025,1,F,,HE240400_01,False,True,남동구,남동구,남동구,False,False,True,True,False
신동아파밀리에명품,HE240400,2,2,인천광역시 남동구 염전로 440,신동아파밀리에명품아파트,"102동 앞 지상주차장-1, 102동 앞 지상주차장-2",33.287911339,126.57865221,24시간 이용가능,HE,한국전기차충전서비스,한국전기차충전서비스,1522-1782,2,2026-07-14 00:46:00,2026-07-13 15:31:15,2026-07-14 00:45:55,,,7.0,단독,28,28200,H0,H001,Y,,Y,거주자외 출입제한,N,,N,2025,1,F,,HE240400_02,False,True,남동구,남동구,남동구,False,False,True,True,False
신동아파밀리에명품,HE240400,3,2,인천광역시 남동구 염전로 440,신동아파밀리에명품아파트,"102동 앞 지상주차장-1, 102동 앞 지상주차장-2",33.287911339,126.57865221,24시간 이용가능,HE,한국전기차충전서비스,한국전기차충전서비스,1522-1782,3,2026-07-16 09:25:00,2026-07-15 18:59:34,2026-07-15 20:32:49,2026-07-16 08:33:00,,7.0,단독,28,28200,H0,H001,Y,,Y,거주자외 출입제한,N,,N,2025,1,F,,HE240400_03,False,True,남동구,남동구,남동구,False,False,True,True,False
신동아파밀리에명품,HE240400,4,2,인천광역시 남동구 염전로 440,신동아파밀리에명품아파트,"102동 앞 지상주차장-1, 102동 앞 지상주차장-2",33.287911339,126.57865221,24시간 이용가능,HE,한국전기차충전서비스,한국전기차충전서비스,1522-1782,2,2026-07-14 07:55:00,2026-07-13 18:48:44,2026-07-14 04:28:36,,,7.0,단독,28,28200,H0,H001,Y,,Y,거주자외 출입제한,N,,N,2025,1,F,,HE240400_04,False,True,남동구,남동구,남동구,False,False,True,True,False
신동아파밀리에명품,HE240400,5,2,인천광역시 남동구 염전로 440,신동아파밀리에명품아파트,"102동 앞 지상주차장-1, 102동 앞 지상주차장-2",33.287911339,126.57865221,24시간 이용가능,HE,한국전기차충전서비스,한국전기차충전서비스,1522-1782,2,2026-07-16 07:52:00,2026-07-15 19:19:14,2026-07-16 04:05:32,,,7.0,단독,28,28200,H0,H001,Y,,Y,거주자외 출입제한,N,,N,2025,1,F,,HE240400_05,False,True,남동구,남동구,남동구,False,False,True,True,False
신동아파밀리에명품,HE240400,6,2,인천광역시 남동구 염전로 440,신동아파밀리에명품아파트,"102동 앞 지상주차장-1, 102동 앞 지상주차장-2",33.287911339,126.57865221,24시간 이용가능,HE,한국전기차충전서비스,한국전기차충전서비스,1522-1782,2,2026-07-11 12:14:00,2026-07-11 09:19:21,2026-07-11 11:43:21,,,7.0,단독,28,28200,H0,H001,Y,,Y,거주자외 출입제한,N,,N,2025,1,F,,HE240400_06,False,True,남동구,남동구,남동구,False,False,True,True,False
신동아파밀리에명품,HE240400,7,2,인천광역시 남동구 염전로 440,신동아파밀리에명품아파트,"102동 앞 지상주차장-1, 102동 앞 지상주차장-2",33.287911339,126.57865221,24시간 이용가능,HE,한국전기차충전서비스,한국전기차충전서비스,1522-1782,2,2026-07-16 09:10:00,2026-07-16 02:14:20,2026-07-16 09:09:27,,,7.0,단독,28,28200,H0,H001,Y,,Y,거주자외 출입제한,N,,N,2025,1,F,,HE240400_07,False,True,남동구,남동구,남동구,False,False,True,True,False
신동아파밀리에명품,HE240400,8,2,인천광역시 남동구 염전로 440,신동아파밀리에명품아파트,"102동 앞 지상주차장-1, 102동 앞 지상주차장-2",33.287911339,126.57865221,24시간 이용가능,HE,한국전기차충전서비스,한국전기차충전서비스,1522-1782,2,2026-07-13 06:50:00,2026-07-13 01:08:19,2026-07-13 05:58:58,,,7.0,단독,28,28200,H0,H001,Y,,Y,거주자외 출입제한,N,,N,2025,1,F,,HE240400_08,False,True,남동구,남동구,남동구,False,False,True,True,False
신동아파밀리에명품,HE240400,9,2,인천광역시 남동구 염전로 440,신동아파밀리에명품아파트,"102동 앞 지상주차장-1, 102동 앞 지상주차장-2",33.287911339,126.57865221,24시간 이용가능,HE,한국전기차충전서비스,한국전기차충전서비스,1522-1782,3,2026-07-16 03:25:00,2026-07-11 20:08:33,2026-07-12 00:10:37,2026-07-16 02:42:00,,7.0,단독,28,28200,H0,H001,Y,,Y,거주자외 출입제한,N,,N,2025,1,F,,HE240400_09,False,True,남동구,남동구,남동구,False,False,True,True,False
신동아파밀리에명품,HE240400,10,2,인천광역시 남동구 염전로 440,신동아파밀리에명품아파트,"102동 앞 지상주차장-1, 102동 앞 지상주차장-2",33.287911339,126.57865221,24시간 이용가능,HE,한국전기차충전서비스,한국전기차충전서비스,1522-1782,2,2026-07-15 14:10:00,2026-07-15 08:40:28,2026-07-15 11:33:39,,,7.0,단독,28,28200,H0,H001,Y,,Y,거주자외 출입제한,N,,N,2025,1,F,,HE240400_10,False,True,남동구,남동구,남동구,False,False,True,True,False
신동아파밀리에명품,HE240400,11,2,인천광역시 남동구 염전로 440,신동아파밀리에명품아파트,"102동 앞 지상주차장-1, 102동 앞 지상주차장-2",33.287911339,126.57865221,24시간 이용가능,HE,한국전기차충전서비스,한국전기차충전서비스,1522-1782,2,2026-07-13 07:19:20,2026-07-12 15:34:42,2026-07-12 23:16:04,,,7.0,단독,28,28200,H0,H001,Y,,Y,거주자외 출입제한,N,,N,2025,1,F,,HE240400_11,False,True,남동구,남동구,남동구,False,False,True,True,False
신동아파밀리에명품,HE240400,12,2,인천광역시 남동구 염전로 440,신동아파밀리에명품아파트,"102동 앞 지상주차장-1, 102동 앞 지상주차장-2",33.287911339,126.57865221,24시간 이용가능,HE,한국전기차충전서비스,한국전기차충전서비스,1522-1782,2,2026-07-15 11:25:00,2026-07-15 09:27:20,2026-07-15 10:35:11,,,7.0,단독,28,28200,H0,H001,Y,,Y,거주자외 출입제한,N,,N,2025,1,F,,HE240400_12,False,True,남동구,남동구,남동구,False,False,True,True,False
신동아파밀리에명품,HE240400,13,2,인천광역시 남동구 염전로 440,신동아파밀리에명품아파트,"102동 앞 지상주차장-1, 102동 앞 지상주차장-2",33.287911339,126.57865221,24시간 이용가능,HE,한국전기차충전서비스,한국전기차충전서비스,1522-1782,2,2026-07-16 06:54:20,2026-07-15 19:54:43,2026-07-16 00:34:17,,,7.0,단독,28,28200,H0,H001,Y,,Y,거주자외 출입제한,N,,N,2025,1,F,,HE240400_13,False,True,남동구,남동구,남동구,False,False,True,True,False
신동아파밀리에명품,HE240400,14,2,인천광역시 남동구 염전로 440,신동아파밀리에명품아파트,"102동 앞 지상주차장-1, 102동 앞 지상주차장-2",33.287911339,126.57865221,24시간 이용가능,HE,한국전기차충전서비스,한국전기차충전서비스,1522-1782,2,2026-07-16 02:44:00,2026-07-15 17:49:56,2026-07-15 23:01:32,,,7.0,단독,28,28200,H0,H001,Y,,Y,거주자외 출입제한,N,,N,2025,1,F,,HE240400_14,False,True,남동구,남동구,남동구,False,False,True,True,False
신동아파밀리에명품,HE240400,15,2,인천광역시 남동구 염전로 440,신동아파밀리에명품아파트,"102동 앞 지상주차장-1, 102동 앞 지상주차장-2",33.287911339,126.57865221,24시간 이용가능,HE,한국전기차충전서비스,한국전기차충전서비스,1522-1782,2,2026-07-14 14:20:21,2026-07-14 02:28:18,2026-07-14 06:01:43,,,7.0,단독,28,28200,H0,H001,Y,,Y,거주자외 출입제한,N,,N,2025,1,F,,HE240400_15,False,True,남동구,남동구,남동구,False,False,True,True,False
신동아파밀리에명품,HE240400,16,2,인천광역시 남동구 염전로 440,신동아파밀리에명품아파트,"102동 앞 지상주차장-1, 102동 앞 지상주차장-2",33.287911339,126.57865221,24시간 이용가능,HE,한국전기차충전서비스,한국전기차충전서비스,1522-1782,2,2026-07-11 00:50:00,2026-07-10 21:19:24,2026-07-10 23:14:27,,,7.0,단독,28,28200,H0,H001,Y,,Y,거주자외 출입제한,N,,N,2025,1,F,,HE240400_16,False,True,남동구,남동구,남동구,False,False,True,True,False
검단호반써밋1차아파트,HM110245,1,5,인천광역시 검단구 이음5로 15,호반써밋 1차,,37.59628481,126.70813155,24시간 이용가능,HM,휴맥스이브이,휴맥스이브이,1800-3188,9,2024-12-09 15:23:10,,,,,50.0,단독,28,28290,H0,H001,Y,입주민외 사용불가,N,입주민외 사용불가,Y,충전기 취소로 인한 철거,N,2024,1,B,휴맥스이브이,HM110245_01,False,False,검단구,검단구,검단구,False,True,False,False,False
반안프라자1,IN032001,1,2,인천광역시 서해구 중봉대로612번길 10-8,지하 3층 주차장,지하 3층 주차장,37.533251,126.652101,24시간 이용가능,IN,신세계아이앤씨,신세계아이앤씨,1899-7495,9,2026-06-15 12:26:52,2026-06-10 15:25:06,2026-06-10 15:41:16,,,7.0,단독,28,28275,E0,E001,Y,,N,,Y,차지비 이관,N,2022,3,B,시그넷,IN032001_01,False,False,서해구,서해구,서해구,False,True,False,False,False
반안프라자3,IN032003,1,2,인천광역시 서해구 청라커낼로260번길 7-15,지하 3층 주차장,지하 3층 주차장,37.532559,126.646144,24시간 이용가능,IN,신세계아이앤씨,신세계아이앤씨,1899-7495,9,2026-06-15 12:26:53,2026-06-06 15:18:44,2026-06-06 15:21:18,,,7.0,단독,28,28275,E0,E001,N,,N,,Y,차지비 이관,N,2022,3,B,시그넷,IN032003_01,False,False,서해구,서해구,서해구,False,True,False,False,False
간석LH2단지,IN032004,1,2,인천광역시 남동구 백범로294번길 16,"203,08동 지상주차장","203,08동 지상주차장",37.463561,126.718901,24시간 이용가능,IN,신세계아이앤씨,신세계아이앤씨,1899-7495,9,2026-06-15 12:26:53,2026-06-08 20:48:59,2026-06-09 08:01:35,,,7.0,단독,28,28200,H0,H001,N,,Y,시설 상황에 따라 이용이 제한될 수 있음,Y,차지비 이관,N,2023,1,F,시그넷,IN032004_01,False,False,남동구,남동구,남동구,False,True,True,False,False
간석LH2단지,IN032004,2,2,인천광역시 남동구 백범로294번길 16,"203,08동 지상주차장","203,08동 지상주차장",37.463561,126.718901,24시간 이용가능,IN,신세계아이앤씨,신세계아이앤씨,1899-7495,9,2026-06-15 12:26:53,2026-06-10 19:45:27,2026-06-10 19:41:16,,,7.0,단독,28,28200,H0,H001,N,,Y,시설 상황에 따라 이용이 제한될 수 있음,Y,차지비 이관,N,2023,1,F,시그넷,IN032004_02,False,False,남동구,남동구,남동구,False,True,True,False,False
간석LH2단지,IN032004,3,2,인천광역시 남동구 백범로294번길 16,"203,08동 지상주차장","203,08동 지상주차장",37.463561,126.718901,24시간 이용가능,IN,신세계아이앤씨,신세계아이앤씨,1899-7495,9,2026-06-15 12:26:53,2026-06-06 18:44:10,2026-06-08 08:21:15,,,7.0,단독,28,28200,H0,H001,N,,Y,시설 상황에 따라 이용이 제한될 수 있음,Y,차지비 이관,N,2023,1,F,시그넷,IN032004_03,False,False,남동구,남동구,남동구,False,True,True,False,False
간석LH2단지,IN032004,4,2,인천광역시 남동구 백범로294번길 16,"203,08동 지상주차장","203,08동 지상주차장",37.463561,126.718901,24시간 이용가능,IN,신세계아이앤씨,신세계아이앤씨,1899-7495,9,2026-06-15 12:26:53,2026-06-11 06:57:08,2026-06-11 11:41:16,,,7.0,단독,28,28200,H0,H001,N,,Y,시설 상황에 따라 이용이 제한될 수 있음,Y,차지비 이관,N,2023,1,F,시그넷,IN032004_04,False,False,남동구,남동구,남동구,False,True,True,False,False
간석LH2단지,IN032004,5,2,인천광역시 남동구 백범로294번길 16,"203,08동 지상주차장","203,08동 지상주차장",37.463561,126.718901,24시간 이용가능,IN,신세계아이앤씨,신세계아이앤씨,1899-7495,9,2026-06-15 12:26:53,2026-06-07 08:30:45,2026-06-07 12:41:19,,,7.0,단독,28,28200,H0,H001,N,,Y,시설 상황에 따라 이용이 제한될 수 있음,Y,차지비 이관,N,2023,1,F,시그넷,IN032004_05,False,False,남동구,남동구,남동구,False,True,True,False,False
간석LH2단지,IN032004,6,2,인천광역시 남동구 백범로294번길 16,"203,08동 지상주차장","203,08동 지상주차장",37.463561,126.718901,24시간 이용가능,IN,신세계아이앤씨,신세계아이앤씨,1899-7495,9,2026-06-15 12:26:53,2026-06-11 08:06:00,2026-06-11 08:41:15,,,7.0,단독,28,28200,H0,H001,N,,Y,시설 상황에 따라 이용이 제한될 수 있음,Y,차지비 이관,N,2023,1,F,시그넷,IN032004_06,False,False,남동구,남동구,남동구,False,True,True,False,False
간석LH2단지,IN032004,7,2,인천광역시 남동구 백범로294번길 16,"203,08동 지상주차장","203,08동 지상주차장",37.463561,126.718901,24시간 이용가능,IN,신세계아이앤씨,신세계아이앤씨,1899-7495,9,2026-06-15 12:26:53,2026-06-09 03:20:12,2026-06-09 15:41:40,,,7.0,단독,28,28200,H0,H001,N,,Y,시설 상황에 따라 이용이 제한될 수 있음,Y,차지비 이관,N,2023,1,F,시그넷,IN032004_07,False,False,남동구,남동구,남동구,False,True,True,False,False
간석LH2단지,IN032004,8,2,인천광역시 남동구 백범로294번길 16,"203,08동 지상주차장","203,08동 지상주차장",37.463561,126.718901,24시간 이용가능,IN,신세계아이앤씨,신세계아이앤씨,1899-7495,9,2026-06-15 12:26:53,2026-06-10 23:02:06,2026-06-11 08:01:30,,,7.0,단독,28,28200,H0,H001,N,,Y,시설 상황에 따라 이용이 제한될 수 있음,Y,차지비 이관,N,2023,1,F,시그넷,IN032004_08,False,False,남동구,남동구,남동구,False,True,True,False,False
간석LH2단지,IN032004,9,2,인천광역시 남동구 백범로294번길 16,"203,08동 지상주차장","203,08동 지상주차장",37.463561,126.718901,24시간 이용가능,IN,신세계아이앤씨,신세계아이앤씨,1899-7495,9,2026-06-15 12:26:54,2026-06-08 23:09:12,2026-06-09 09:21:17,,,7.0,단독,28,28200,H0,H001,N,,Y,시설 상황에 따라 이용이 제한될 수 있음,Y,차지비 이관,N,2023,1,F,시그넷,IN032004_09,False,False,남동구,남동구,남동구,False,True,True,False,False
간석LH2단지,IN032004,10,2,인천광역시 남동구 백범로294번길 16,"203,08동 지상주차장","203,08동 지상주차장",37.463561,126.718901,24시간 이용가능,IN,신세계아이앤씨,신세계아이앤씨,1899-7495,9,2026-06-15 12:26:54,2026-06-05 04:21:42,2026-06-05 12:21:15,,,7.0,단독,28,28200,H0,H001,N,,Y,시설 상황에 따라 이용이 제한될 수 있음,Y,차지비 이관,N,2023,1,F,시그넷,IN032004_10,False,False,남동구,남동구,남동구,False,True,True,False,False
간석LH2단지,IN032004,11,2,인천광역시 남동구 백범로294번길 16,"203,08동 지상주차장","203,08동 지상주차장",37.463561,126.718901,24시간 이용가능,IN,신세계아이앤씨,신세계아이앤씨,1899-7495,9,2026-06-15 12:26:54,2026-06-11 00:48:54,2026-06-11 07:21:23,,,7.0,단독,28,28200,H0,H001,N,,Y,시설 상황에 따라 이용이 제한될 수 있음,Y,차지비 이관,N,2023,1,F,시그넷,IN032004_11,False,False,남동구,남동구,남동구,False,True,True,False,False
간석LH2단지,IN032004,12,2,인천광역시 남동구 백범로294번길 16,"203,08동 지상주차장","203,08동 지상주차장",37.463561,126.718901,24시간 이용가능,IN,신세계아이앤씨,신세계아이앤씨,1899-7495,9,2026-06-15 12:26:54,2026-06-09 05:24:35,2026-06-09 09:41:14,,,7.0,단독,28,28200,H0,H001,N,,Y,시설 상황에 따라 이용이 제한될 수 있음,Y,차지비 이관,N,2023,1,F,시그넷,IN032004_12,False,False,남동구,남동구,남동구,False,True,True,False,False
간석LH2단지,IN032004,13,2,인천광역시 남동구 백범로294번길 16,"203,08동 지상주차장","203,08동 지상주차장",37.463561,126.718901,24시간 이용가능,IN,신세계아이앤씨,신세계아이앤씨,1899-7495,9,2026-06-15 12:26:54,2026-06-11 06:03:50,2026-06-11 11:01:33,,,7.0,단독,28,28200,H0,H001,N,,Y,시설 상황에 따라 이용이 제한될 수 있음,Y,차지비 이관,N,2023,1,F,시그넷,IN032004_13,False,False,남동구,남동구,남동구,False,True,True,False,False
간석LH2단지,IN032004,14,2,인천광역시 남동구 백범로294번길 16,"203,08동 지상주차장","203,08동 지상주차장",37.463561,126.718901,24시간 이용가능,IN,신세계아이앤씨,신세계아이앤씨,1899-7495,9,2026-06-15 12:26:54,2026-06-11 00:58:19,2026-06-11 06:41:15,,,7.0,단독,28,28200,H0,H001,N,,Y,시설 상황에 따라 이용이 제한될 수 있음,Y,차지비 이관,N,2023,1,F,시그넷,IN032004_14,False,False,남동구,남동구,남동구,False,True,True,False,False
간석LH2단지,IN032004,15,2,인천광역시 남동구 백범로294번길 16,"203,08동 지상주차장","203,08동 지상주차장",37.463561,126.718901,24시간 이용가능,IN,신세계아이앤씨,신세계아이앤씨,1899-7495,9,2026-06-15 12:26:54,2026-06-10 07:34:30,2026-06-10 07:41:16,,,7.0,단독,28,28200,H0,H001,N,,Y,시설 상황에 따라 이용이 제한될 수 있음,Y,차지비 이관,N,2023,1,F,시그넷,IN032004_15,False,False,남동구,남동구,남동구,False,True,True,False,False
간석LH2단지,IN032004,16,2,인천광역시 남동구 백범로294번길 16,"203,08동 지상주차장","203,08동 지상주차장",37.463561,126.718901,24시간 이용가능,IN,신세계아이앤씨,신세계아이앤씨,1899-7495,9,2026-06-15 12:26:54,2026-06-08 09:48:23,2026-06-01 09:21:31,,,7.0,단독,28,28200,H0,H001,N,,Y,시설 상황에 따라 이용이 제한될 수 있음,Y,차지비 이관,N,2023,1,F,시그넷,IN032004_16,False,False,남동구,남동구,남동구,False,True,True,False,False
간석LH2단지,IN032004,17,2,인천광역시 남동구 백범로294번길 16,"203,08동 지상주차장","203,08동 지상주차장",37.463561,126.718901,24시간 이용가능,IN,신세계아이앤씨,신세계아이앤씨,1899-7495,9,2026-06-15 12:26:54,2026-06-11 03:10:10,2026-06-11 05:41:14,,,7.0,단독,28,28200,H0,H001,N,,Y,시설 상황에 따라 이용이 제한될 수 있음,Y,차지비 이관,N,2023,1,F,시그넷,IN032004_17,False,False,남동구,남동구,남동구,False,True,True,False,False
간석LH2단지,IN032004,18,2,인천광역시 남동구 백범로294번길 16,"203,08동 지상주차장","203,08동 지상주차장",37.463561,126.718901,24시간 이용가능,IN,신세계아이앤씨,신세계아이앤씨,1899-7495,9,2026-06-15 12:26:54,2026-05-11 09:59:10,2026-05-08 09:01:31,,,7.0,단독,28,28200,H0,H001,N,,Y,시설 상황에 따라 이용이 제한될 수 있음,Y,차지비 이관,N,2023,1,F,시그넷,IN032004_18,False,False,남동구,남동구,남동구,False,True,True,False,False
간석LH2단지,IN032004,19,2,인천광역시 남동구 백범로294번길 16,"203,08동 지상주차장","203,08동 지상주차장",37.463561,126.718901,24시간 이용가능,IN,신세계아이앤씨,신세계아이앤씨,1899-7495,9,2026-06-15 12:26:54,2026-06-09 21:23:11,2026-06-10 07:21:26,,,7.0,단독,28,28200,H0,H001,N,,Y,시설 상황에 따라 이용이 제한될 수 있음,Y,차지비 이관,N,2023,1,F,시그넷,IN032004_19,False,False,남동구,남동구,남동구,False,True,True,False,False
더프레스티움,IN032005,1,2,인천광역시 미추홀구 경인로 165,지하주차장 2층,더프레스티움 지하주차장 2층,37.466354,126.661079,24시간 이용가능,IN,신세계아이앤씨,신세계아이앤씨,1899-7495,9,2026-06-15 12:26:54,2026-06-10 05:17:10,2026-06-11 09:21:15,,,7.0,단독,28,28177,H0,H001,N,,Y,거주자외 출입제한,Y,차지비 이관,N,2023,5,B,시그넷,IN032005_01,False,False,미추홀구,미추홀구,미추홀구,False,True,True,False,False
더프레스티움,IN032005,2,2,인천광역시 미추홀구 경인로 165,지하주차장 2층,더프레스티움 지하주차장 2층,37.466354,126.661079,24시간 이용가능,IN,신세계아이앤씨,신세계아이앤씨,1899-7495,9,2026-06-15 12:26:54,2026-05-29 23:40:14,2026-05-30 03:41:15,,,7.0,단독,28,28177,H0,H001,N,,Y,거주자외 출입제한,Y,차지비 이관,N,2023,5,B,시그넷,IN032005_02,False,False,미추홀구,미추홀구,미추홀구,False,True,True,False,False
검단대광로제비앙센트럴포레,IN032006,1,2,인천광역시 검단구 검단로768번길 46,"검단대광로제비앙센트럴포레 지하주차장 1,2층","지하주차장 1,2층",37.6117,126.6896,24시간 이용가능,IN,신세계아이앤씨,신세계아이앤씨,1899-7495,2,2026-06-17 09:01:27,2026-06-10 19:47:55,2026-06-11 00:01:28,,,7.0,단독,28,28290,H0,H001,N,,Y,거주자외 출입제한,Y,차지비 이관,N,2023,2,B,시그넷,IN032006_01,False,False,검단구,검단구,검단구,False,True,True,False,False
검단대광로제비앙센트럴포레,IN032006,2,2,인천광역시 검단구 검단로768번길 46,"검단대광로제비앙센트럴포레 지하주차장 1,2층","지하주차장 1,2층",37.6117,126.6896,24시간 이용가능,IN,신세계아이앤씨,신세계아이앤씨,1899-7495,2,2026-06-15 12:26:54,2026-06-10 07:04:26,2026-06-10 12:01:34,,,7.0,단독,28,28290,H0,H001,N,,Y,거주자외 출입제한,Y,차지비 이관,N,2023,2,B,시그넷,IN032006_02,False,False,검단구,검단구,검단구,False,True,True,False,False
검단대광로제비앙센트럴포레,IN032006,3,2,인천광역시 검단구 검단로768번길 46,"검단대광로제비앙센트럴포레 지하주차장 1,2층","지하주차장 1,2층",37.6117,126.6896,24시간 이용가능,IN,신세계아이앤씨,신세계아이앤씨,1899-7495,9,2026-06-15 12:26:54,2026-06-10 07:04:34,2026-06-10 08:41:15,,,7.0,단독,28,28290,H0,H001,N,,Y,거주자외 출입제한,Y,차지비 이관,N,2023,2,B,시그넷,IN032006_03,False,False,검단구,검단구,검단구,False,True,True,False,False
검단대광로제비앙센트럴포레,IN032006,4,2,인천광역시 검단구 검단로768번길 46,"검단대광로제비앙센트럴포레 지하주차장 1,2층","지하주차장 1,2층",37.6117,126.6896,24시간 이용가능,IN,신세계아이앤씨,신세계아이앤씨,1899-7495,9,2026-06-15 12:26:54,2026-06-06 20:38:01,2026-06-08 07:21:31,,,7.0,단독,28,28290,H0,H001,N,,Y,거주자외 출입제한,Y,차지비 이관,N,2023,2,B,시그넷,IN032006_04,False,False,검단구,검단구,검단구,False,True,True,False,False
검단대광로제비앙센트럴포레,IN032006,5,2,인천광역시 검단구 검단로768번길 46,"검단대광로제비앙센트럴포레 지하주차장 1,2층","지하주차장 1,2층",37.6117,126.6896,24시간 이용가능,IN,신세계아이앤씨,신세계아이앤씨,1899-7495,9,2026-06-15 12:26:55,2026-05-30 16:27:52,2026-05-30 16:41:23,,,7.0,단독,28,28290,H0,H001,N,,Y,거주자외 출입제한,Y,차지비 이관,N,2023,2,B,시그넷,IN032006_05,False,False,검단구,검단구,검단구,False,True,True,False,False
검단대광로제비앙센트럴포레,IN032006,6,2,인천광역시 검단구 검단로768번길 46,"검단대광로제비앙센트럴포레 지하주차장 1,2층","지하주차장 1,2층",37.6117,126.6896,24시간 이용가능,IN,신세계아이앤씨,신세계아이앤씨,1899-7495,9,2026-06-15 12:26:55,2026-05-23 14:51:01,2026-05-24 09:41:15,,,7.0,단독,28,28290,H0,H001,N,,Y,거주자외 출입제한,Y,차지비 이관,N,2023,2,B,시그넷,IN032006_06,False,False,검단구,검단구,검단구,False,True,True,False,False
검단대광로제비앙센트럴포레,IN032006,7,2,인천광역시 검단구 검단로768번길 46,"검단대광로제비앙센트럴포레 지하주차장 1,2층","지하주차장 1,2층",37.6117,126.6896,24시간 이용가능,IN,신세계아이앤씨,신세계아이앤씨,1899-7495,9,2026-06-15 12:26:55,2026-06-05 21:13:33,2026-06-05 23:21:16,,,7.0,단독,28,28290,H0,H001,N,,Y,거주자외 출입제한,Y,차지비 이관,N,2023,2,B,시그넷,IN032006_07,False,False,검단구,검단구,검단구,False,True,True,False,False
검단대광로제비앙센트럴포레,IN032006,8,2,인천광역시 검단구 검단로768번길 46,"검단대광로제비앙센트럴포레 지하주차장 1,2층","지하주차장 1,2층",37.6117,126.6896,24시간 이용가능,IN,신세계아이앤씨,신세계아이앤씨,1899-7495,9,2026-06-15 12:26:55,2026-06-11 07:04:10,2026-06-11 08:01:30,,,7.0,단독,28,28290,H0,H001,N,,Y,거주자외 출입제한,Y,차지비 이관,N,2023,2,B,시그넷,IN032006_08,False,False,검단구,검단구,검단구,False,True,True,False,False
검단대광로제비앙센트럴포레,IN032006,9,2,인천광역시 검단구 검단로768번길 46,"검단대광로제비앙센트럴포레 지하주차장 1,2층","지하주차장 1,2층",37.6117,126.6896,24시간 이용가능,IN,신세계아이앤씨,신세계아이앤씨,1899-7495,9,2026-06-15 12:26:55,2026-06-09 20:54:12,2026-06-09 23:21:13,,,7.0,단독,28,28290,H0,H001,N,,Y,거주자외 출입제한,Y,차지비 이관,N,2023,2,B,시그넷,IN032006_09,False,False,검단구,검단구,검단구,False,True,True,False,False
검단대광로제비앙센트럴포레,IN032006,10,2,인천광역시 검단구 검단로768번길 46,"검단대광로제비앙센트럴포레 지하주차장 1,2층","지하주차장 1,2층",37.6117,126.6896,24시간 이용가능,IN,신세계아이앤씨,신세계아이앤씨,1899-7495,9,2026-06-15 12:26:55,2026-06-09 12:57:03,2026-06-09 20:26:15,,,7.0,단독,28,28290,H0,H001,N,,Y,거주자외 출입제한,Y,차지비 이관,N,2023,2,B,시그넷,IN032006_10,False,False,검단구,검단구,검단구,False,True,True,False,False
검단대광로제비앙센트럴포레,IN032006,11,2,인천광역시 검단구 검단로768번길 46,"검단대광로제비앙센트럴포레 지하주차장 1,2층","지하주차장 1,2층",37.6117,126.6896,24시간 이용가능,IN,신세계아이앤씨,신세계아이앤씨,1899-7495,2,2026-06-17 08:21:12,2026-06-11 07:04:01,2026-06-11 07:21:23,,,7.0,단독,28,28290,H0,H001,N,,Y,거주자외 출입제한,Y,차지비 이관,N,2023,2,B,시그넷,IN032006_11,False,False,검단구,검단구,검단구,False,True,True,False,False
검단대광로제비앙센트럴포레,IN032006,12,2,인천광역시 검단구 검단로768번길 46,"검단대광로제비앙센트럴포레 지하주차장 1,2층","지하주차장 1,2층",37.6117,126.6896,24시간 이용가능,IN,신세계아이앤씨,신세계아이앤씨,1899-7495,9,2026-06-15 12:26:55,2026-06-07 16:05:36,2026-06-07 17:21:18,,,7.0,단독,28,28290,H0,H001,N,,Y,거주자외 출입제한,Y,차지비 이관,N,2023,2,B,시그넷,IN032006_12,False,False,검단구,검단구,검단구,False,True,True,False,False
검단대광로제비앙센트럴포레,IN032006,13,2,인천광역시 검단구 검단로768번길 46,"검단대광로제비앙센트럴포레 지하주차장 1,2층","지하주차장 1,2층",37.6117,126.6896,24시간 이용가능,IN,신세계아이앤씨,신세계아이앤씨,1899-7495,9,2026-06-15 12:26:55,2026-06-10 15:38:52,2026-06-10 15:41:16,,,7.0,단독,28,28290,H0,H001,N,,Y,거주자외 출입제한,Y,차지비 이관,N,2023,2,B,시그넷,IN032006_13,False,False,검단구,검단구,검단구,False,True,True,False,False
검단대광로제비앙센트럴포레,IN032006,14,2,인천광역시 검단구 검단로768번길 46,"검단대광로제비앙센트럴포레 지하주차장 1,2층","지하주차장 1,2층",37.6117,126.6896,24시간 이용가능,IN,신세계아이앤씨,신세계아이앤씨,1899-7495,2,2026-06-15 12:26:55,2026-06-08 17:18:22,2026-06-08 23:21:23,,,7.0,단독,28,28290,H0,H001,N,,Y,거주자외 출입제한,Y,차지비 이관,N,2023,2,B,시그넷,IN032006_14,False,False,검단구,검단구,검단구,False,True,True,False,False
검단대광로제비앙센트럴포레,IN032006,15,2,인천광역시 검단구 검단로768번길 46,"검단대광로제비앙센트럴포레 지하주차장 1,2층","지하주차장 1,2층",37.6117,126.6896,24시간 이용가능,IN,신세계아이앤씨,신세계아이앤씨,1899-7495,9,2026-06-15 12:26:55,2026-06-08 21:39:53,2026-06-08 23:21:23,,,7.0,단독,28,28290,H0,H001,N,,Y,거주자외 출입제한,Y,차지비 이관,N,2023,2,B,시그넷,IN032006_15,False,False,검단구,검단구,검단구,False,True,True,False,False
검단대광로제비앙센트럴포레,IN032006,16,2,인천광역시 검단구 검단로768번길 46,"검단대광로제비앙센트럴포레 지하주차장 1,2층","지하주차장 1,2층",37.6117,126.6896,24시간 이용가능,IN,신세계아이앤씨,신세계아이앤씨,1899-7495,9,2026-06-15 12:26:55,2026-06-11 07:04:20,2026-06-11 12:21:16,,,7.0,단독,28,28290,H0,H001,N,,Y,거주자외 출입제한,Y,차지비 이관,N,2023,2,B,시그넷,IN032006_16,False,False,검단구,검단구,검단구,False,True,True,False,False
검단대광로제비앙센트럴포레,IN032006,17,2,인천광역시 검단구 검단로768번길 46,"검단대광로제비앙센트럴포레 지하주차장 1,2층","지하주차장 1,2층",37.6117,126.6896,24시간 이용가능,IN,신세계아이앤씨,신세계아이앤씨,1899-7495,9,2026-06-15 12:26:55,2026-06-10 23:10:12,2026-06-11 11:41:16,,,7.0,단독,28,28290,H0,H001,N,,Y,거주자외 출입제한,Y,차지비 이관,N,2023,2,B,시그넷,IN032006_17,False,False,검단구,검단구,검단구,False,True,True,False,False
검단대광로제비앙센트럴포레,IN032006,18,2,인천광역시 검단구 검단로768번길 46,"검단대광로제비앙센트럴포레 지하주차장 1,2층","지하주차장 1,2층",37.6117,126.6896,24시간 이용가능,IN,신세계아이앤씨,신세계아이앤씨,1899-7495,9,2026-06-15 12:26:55,2026-06-10 07:04:02,2026-06-10 10:41:15,,,7.0,단독,28,28290,H0,H001,N,,Y,거주자외 출입제한,Y,차지비 이관,N,2023,2,B,시그넷,IN032006_18,False,False,검단구,검단구,검단구,False,True,True,False,False
검단대광로제비앙센트럴포레,IN032006,19,2,인천광역시 검단구 검단로768번길 46,"검단대광로제비앙센트럴포레 지하주차장 1,2층","지하주차장 1,2층",37.6117,126.6896,24시간 이용가능,IN,신세계아이앤씨,신세계아이앤씨,1899-7495,9,2026-06-15 12:26:55,2026-06-11 07:04:47,2026-06-11 08:01:30,,,7.0,단독,28,28290,H0,H001,N,,Y,거주자외 출입제한,Y,차지비 이관,N,2023,2,B,시그넷,IN032006_19,False,False,검단구,검단구,검단구,False,True,True,False,False
검단대광로제비앙센트럴포레,IN032006,20,2,인천광역시 검단구 검단로768번길 46,"검단대광로제비앙센트럴포레 지하주차장 1,2층","지하주차장 1,2층",37.6117,126.6896,24시간 이용가능,IN,신세계아이앤씨,신세계아이앤씨,1899-7495,9,2026-06-15 12:26:56,2026-06-10 19:02:07,2026-06-10 23:21:18,,,7.0,단독,28,28290,H0,H001,N,,Y,거주자외 출입제한,Y,차지비 이관,N,2023,2,B,시그넷,IN032006_20,False,False,검단구,검단구,검단구,False,True,True,False,False
검단대광로제비앙센트럴포레,IN032006,21,2,인천광역시 검단구 검단로768번길 46,"검단대광로제비앙센트럴포레 지하주차장 1,2층","지하주차장 1,2층",37.6117,126.6896,24시간 이용가능,IN,신세계아이앤씨,신세계아이앤씨,1899-7495,9,2026-06-15 12:26:56,2026-06-10 23:00:32,2026-06-10 23:21:18,,,7.0,단독,28,28290,H0,H001,N,,Y,거주자외 출입제한,Y,차지비 이관,N,2023,2,B,시그넷,IN032006_21,False,False,검단구,검단구,검단구,False,True,True,False,False
검단대광로제비앙센트럴포레,IN032006,22,2,인천광역시 검단구 검단로768번길 46,"검단대광로제비앙센트럴포레 지하주차장 1,2층","지하주차장 1,2층",37.6117,126.6896,24시간 이용가능,IN,신세계아이앤씨,신세계아이앤씨,1899-7495,9,2026-06-15 12:26:56,2026-06-06 07:03:54,2026-06-06 23:21:20,,,7.0,단독,28,28290,H0,H001,N,,Y,거주자외 출입제한,Y,차지비 이관,N,2023,2,B,시그넷,IN032006_22,False,False,검단구,검단구,검단구,False,True,True,False,False
검단대광로제비앙센트럴포레,IN032006,23,2,인천광역시 검단구 검단로768번길 46,"검단대광로제비앙센트럴포레 지하주차장 1,2층","지하주차장 1,2층",37.6117,126.6896,24시간 이용가능,IN,신세계아이앤씨,신세계아이앤씨,1899-7495,9,2026-06-15 12:26:56,2026-05-29 21:03:33,2026-05-29 23:21:17,,,7.0,단독,28,28290,H0,H001,N,,Y,거주자외 출입제한,Y,차지비 이관,N,2023,2,B,시그넷,IN032006_23,False,False,검단구,검단구,검단구,False,True,True,False,False
검단대광로제비앙센트럴포레,IN032006,24,2,인천광역시 검단구 검단로768번길 46,"검단대광로제비앙센트럴포레 지하주차장 1,2층","지하주차장 1,2층",37.6117,126.6896,24시간 이용가능,IN,신세계아이앤씨,신세계아이앤씨,1899-7495,9,2026-06-15 12:26:56,2026-06-07 22:31:34,2026-06-07 23:21:34,,,7.0,단독,28,28290,H0,H001,N,,Y,거주자외 출입제한,Y,차지비 이관,N,2023,2,B,시그넷,IN032006_24,False,False,검단구,검단구,검단구,False,True,True,False,False
검단대광로제비앙센트럴포레,IN032006,25,2,인천광역시 검단구 검단로768번길 46,"검단대광로제비앙센트럴포레 지하주차장 1,2층","지하주차장 1,2층",37.6117,126.6896,24시간 이용가능,IN,신세계아이앤씨,신세계아이앤씨,1899-7495,9,2026-06-15 12:26:56,2026-05-29 07:04:28,2026-05-29 07:21:22,,,7.0,단독,28,28290,H0,H001,N,,Y,거주자외 출입제한,Y,차지비 이관,N,2023,2,B,시그넷,IN032006_25,False,False,검단구,검단구,검단구,False,True,True,False,False
검단대광로제비앙센트럴포레,IN032006,26,2,인천광역시 검단구 검단로768번길 46,"검단대광로제비앙센트럴포레 지하주차장 1,2층","지하주차장 1,2층",37.6117,126.6896,24시간 이용가능,IN,신세계아이앤씨,신세계아이앤씨,1899-7495,9,2026-06-15 12:26:56,2026-05-30 07:03:58,2026-05-30 23:21:27,,,7.0,단독,28,28290,H0,H001,N,,Y,거주자외 출입제한,Y,차지비 이관,N,2023,2,B,시그넷,IN032006_26,False,False,검단구,검단구,검단구,False,True,True,False,False
검단대광로제비앙센트럴포레,IN032006,27,2,인천광역시 검단구 검단로768번길 46,"검단대광로제비앙센트럴포레 지하주차장 1,2층","지하주차장 1,2층",37.6117,126.6896,24시간 이용가능,IN,신세계아이앤씨,신세계아이앤씨,1899-7495,9,2026-06-15 12:26:56,2026-06-10 19:21:56,2026-06-10 23:21:18,,,7.0,단독,28,28290,H0,H001,N,,Y,거주자외 출입제한,Y,차지비 이관,N,2023,2,B,시그넷,IN032006_27,False,False,검단구,검단구,검단구,False,True,True,False,False
검단대광로제비앙센트럴포레,IN032006,28,2,인천광역시 검단구 검단로768번길 46,"검단대광로제비앙센트럴포레 지하주차장 1,2층","지하주차장 1,2층",37.6117,126.6896,24시간 이용가능,IN,신세계아이앤씨,신세계아이앤씨,1899-7495,9,2026-06-15 12:26:56,2026-06-06 21:30:27,2026-06-06 23:21:20,,,7.0,단독,28,28290,H0,H001,N,,Y,거주자외 출입제한,Y,차지비 이관,N,2023,2,B,시그넷,IN032006_28,False,False,검단구,검단구,검단구,False,True,True,False,False
검단대광로제비앙센트럴포레,IN032006,29,2,인천광역시 검단구 검단로768번길 46,"검단대광로제비앙센트럴포레 지하주차장 1,2층","지하주차장 1,2층",37.6117,126.6896,24시간 이용가능,IN,신세계아이앤씨,신세계아이앤씨,1899-7495,9,2026-06-15 12:26:56,2026-06-03 14:40:05,2026-06-03 14:41:15,,,7.0,단독,28,28290,H0,H001,N,,Y,거주자외 출입제한,Y,차지비 이관,N,2023,2,B,시그넷,IN032006_29,False,False,검단구,검단구,검단구,False,True,True,False,False
검단대광로제비앙센트럴포레,IN032006,30,2,인천광역시 검단구 검단로768번길 46,"검단대광로제비앙센트럴포레 지하주차장 1,2층","지하주차장 1,2층",37.6117,126.6896,24시간 이용가능,IN,신세계아이앤씨,신세계아이앤씨,1899-7495,9,2026-06-15 12:26:56,2026-06-11 07:04:25,2026-06-11 07:21:23,,,7.0,단독,28,28290,H0,H001,N,,Y,거주자외 출입제한,Y,차지비 이관,N,2023,2,B,시그넷,IN032006_30,False,False,검단구,검단구,검단구,False,True,True,False,False
검단대광로제비앙센트럴포레,IN032006,31,2,인천광역시 검단구 검단로768번길 46,"검단대광로제비앙센트럴포레 지하주차장 1,2층","지하주차장 1,2층",37.6117,126.6896,24시간 이용가능,IN,신세계아이앤씨,신세계아이앤씨,1899-7495,9,2026-06-15 12:26:56,2026-06-11 07:04:24,2026-06-11 07:21:23,,,7.0,단독,28,28290,H0,H001,N,,Y,거주자외 출입제한,Y,차지비 이관,N,2023,2,B,시그넷,IN032006_31,False,False,검단구,검단구,검단구,False,True,True,False,False
검단대광로제비앙센트럴포레,IN032006,32,2,인천광역시 검단구 검단로768번길 46,"검단대광로제비앙센트럴포레 지하주차장 1,2층","지하주차장 1,2층",37.6117,126.6896,24시간 이용가능,IN,신세계아이앤씨,신세계아이앤씨,1899-7495,2,2026-07-01 11:21:14,2026-06-02 22:04:51,2026-06-02 22:21:33,,,7.0,단독,28,28290,H0,H001,N,,Y,거주자외 출입제한,Y,차지비 이관,N,2023,2,B,시그넷,IN032006_32,False,False,검단구,검단구,검단구,False,True,True,False,False
검단대광로제비앙센트럴포레,IN032006,33,4,인천광역시 검단구 검단로768번길 46,"검단대광로제비앙센트럴포레 지하주차장 1,2층","지하주차장 1,2층",37.6117,126.6896,24시간 이용가능,IN,신세계아이앤씨,신세계아이앤씨,1899-7495,2,2026-07-09 21:01:28,2026-07-09 20:42:20,2026-07-09 21:01:28,,,100.0,동시,28,28290,H0,H001,N,,Y,거주자외 출입제한,Y,차지비 이관,N,2023,2,B,시그넷,IN032006_33,False,False,검단구,검단구,검단구,False,True,True,False,False
검단대광로제비앙센트럴포레,IN032006,34,4,인천광역시 검단구 검단로768번길 46,"검단대광로제비앙센트럴포레 지하주차장 1,2층","지하주차장 1,2층",37.6117,126.6896,24시간 이용가능,IN,신세계아이앤씨,신세계아이앤씨,1899-7495,2,2026-07-11 21:21:26,2026-07-11 21:02:16,2026-07-11 21:21:26,,,100.0,동시,28,28290,H0,H001,N,,Y,거주자외 출입제한,Y,차지비 이관,N,2023,2,B,시그넷,IN032006_34,False,False,검단구,검단구,검단구,False,True,True,False,False
검단대광로제비앙센트럴포레,IN032006,35,2,인천광역시 검단구 검단로768번길 46,"검단대광로제비앙센트럴포레 지하주차장 1,2층","지하주차장 1,2층",37.6117,126.6896,24시간 이용가능,IN,신세계아이앤씨,신세계아이앤씨,1899-7495,5,2026-06-15 12:26:56,,,,,7.0,단독,28,28290,H0,H001,N,,Y,거주자외 출입제한,Y,차지비 이관,N,2024,,,에바,IN032006_35,False,False,검단구,검단구,검단구,False,True,True,False,False
검단대광로제비앙센트럴포레,IN032006,36,2,인천광역시 검단구 검단로768번길 46,"검단대광로제비앙센트럴포레 지하주차장 1,2층","지하주차장 1,2층",37.6117,126.6896,24시간 이용가능,IN,신세계아이앤씨,신세계아이앤씨,1899-7495,5,2026-06-15 12:26:56,,,,,7.0,단독,28,28290,H0,H001,N,,Y,거주자외 출입제한,Y,차지비 이관,N,2024,,,에바,IN032006_36,False,False,검단구,검단구,검단구,False,True,True,False,False
검단대광로제비앙센트럴포레,IN032006,37,2,인천광역시 검단구 검단로768번길 46,"검단대광로제비앙센트럴포레 지하주차장 1,2층","지하주차장 1,2층",37.6117,126.6896,24시간 이용가능,IN,신세계아이앤씨,신세계아이앤씨,1899-7495,5,2026-06-15 12:26:56,,,,,7.0,단독,28,28290,H0,H001,N,,Y,거주자외 출입제한,Y,차지비 이관,N,2024,,,에바,IN032006_37,False,False,검단구,검단구,검단구,False,True,True,False,False
검단대광로제비앙센트럴포레,IN032006,38,2,인천광역시 검단구 검단로768번길 46,"검단대광로제비앙센트럴포레 지하주차장 1,2층","지하주차장 1,2층",37.6117,126.6896,24시간 이용가능,IN,신세계아이앤씨,신세계아이앤씨,1899-7495,5,2026-06-15 12:26:56,,,,,7.0,단독,28,28290,H0,H001,N,,Y,거주자외 출입제한,Y,차지비 이관,N,2024,,,에바,IN032006_38,False,False,검단구,검단구,검단구,False,True,True,False,False
검단대광로제비앙센트럴포레,IN032006,39,2,인천광역시 검단구 검단로768번길 46,"검단대광로제비앙센트럴포레 지하주차장 1,2층","지하주차장 1,2층",37.6117,126.6896,24시간 이용가능,IN,신세계아이앤씨,신세계아이앤씨,1899-7495,5,2026-06-15 12:26:56,,,,,7.0,단독,28,28290,H0,H001,N,,Y,거주자외 출입제한,Y,차지비 이관,N,2024,,,에바,IN032006_39,False,False,검단구,검단구,검단구,False,True,True,False,False
운서청호주차장,IN032007,1,2,인천광역시 영종구 모랫말로16번길 13-53,실외주차장,실외주차장,37.4889,126.4935,24시간 이용가능,IN,신세계아이앤씨,신세계아이앤씨,1899-7495,9,2026-06-15 12:26:56,2026-06-11 00:12:03,2026-06-11 06:41:15,,,7.0,단독,28,28155,B0,B004,Y,,N,,Y,차지비 이관,N,2023,1,F,시그넷,IN032007_01,False,False,영종구,영종구,영종구,False,True,False,False,False
운서청호주차장,IN032007,2,2,인천광역시 영종구 모랫말로16번길 13-53,실외주차장,실외주차장,37.4889,126.4935,24시간 이용가능,IN,신세계아이앤씨,신세계아이앤씨,1899-7495,9,2026-06-15 12:26:56,2026-06-07 03:46:13,2026-06-07 16:41:18,,,7.0,단독,28,28155,B0,B004,Y,,N,,Y,차지비 이관,N,2023,1,F,시그넷,IN032007_02,False,False,영종구,영종구,영종구,False,True,False,False,False
운서청호주차장,IN032007,3,2,인천광역시 영종구 모랫말로16번길 13-53,실외주차장,실외주차장,37.4889,126.4935,24시간 이용가능,IN,신세계아이앤씨,신세계아이앤씨,1899-7495,2,2026-06-16 14:41:14,2026-06-09 05:43:53,2026-06-09 06:01:13,,,7.0,단독,28,28155,B0,B004,Y,,N,,Y,차지비 이관,N,2023,1,F,시그넷,IN032007_03,False,False,영종구,영종구,영종구,False,True,False,False,False
운서청호주차장,IN032007,4,2,인천광역시 영종구 모랫말로16번길 13-53,실외주차장,실외주차장,37.4889,126.4935,24시간 이용가능,IN,신세계아이앤씨,신세계아이앤씨,1899-7495,2,2026-06-16 14:41:14,2026-06-11 03:42:20,2026-06-11 06:41:15,,,7.0,단독,28,28155,B0,B004,Y,,N,,Y,차지비 이관,N,2023,1,F,시그넷,IN032007_04,False,False,영종구,영종구,영종구,False,True,False,False,False
운서청호주차장,IN032007,5,2,인천광역시 영종구 모랫말로16번길 13-53,실외주차장,실외주차장,37.4889,126.4935,24시간 이용가능,IN,신세계아이앤씨,신세계아이앤씨,1899-7495,2,2026-06-16 14:41:14,2026-06-10 23:38:42,2026-06-11 05:41:14,,,7.0,단독,28,28155,B0,B004,Y,,N,,Y,차지비 이관,N,2023,1,F,시그넷,IN032007_05,False,False,영종구,영종구,영종구,False,True,False,False,False
운서청호주차장,IN032007,6,4,인천광역시 영종구 모랫말로16번길 13-53,실외주차장,실외주차장,37.4889,126.4935,24시간 이용가능,IN,신세계아이앤씨,신세계아이앤씨,1899-7495,3,2026-07-15 23:21:14,2026-07-10 18:09:55,2026-07-10 18:21:16,2026-07-15 23:11:10,,100.0,동시,28,28155,B0,B004,Y,,N,,Y,차지비 이관,N,2023,1,F,시그넷,IN032007_06,False,False,영종구,영종구,영종구,False,True,False,False,False
운서청호주차장,IN032007,7,4,인천광역시 영종구 모랫말로16번길 13-53,실외주차장,실외주차장,37.4889,126.4935,24시간 이용가능,IN,신세계아이앤씨,신세계아이앤씨,1899-7495,2,2026-07-16 07:01:36,2026-07-15 23:19:57,2026-07-16 07:01:36,,,100.0,동시,28,28155,B0,B004,Y,,N,,Y,차지비 이관,N,2023,1,F,시그넷,IN032007_07,False,False,영종구,영종구,영종구,False,True,False,False,False
이마트계양점,IN032008,1,2,인천광역시 계양구 봉오대로 785,지상4층 주차장,지상4층 주차장,37.531,126.7369,10:00~22:00,IN,신세계아이앤씨,신세계아이앤씨,1899-7495,2,2026-06-15 12:26:56,2026-05-21 16:28:08,2026-05-21 19:21:40,,,7.0,단독,28,28245,E0,E001,N,,N,,Y,차지비 이관,N,2023,3,F,시그넷,IN032008_01,False,False,계양구,계양구,계양구,False,True,False,False,False
이마트계양점,IN032008,2,2,인천광역시 계양구 봉오대로 785,지상4층 주차장,지상4층 주차장,37.531,126.7369,10:00~22:00,IN,신세계아이앤씨,신세계아이앤씨,1899-7495,2,2026-06-15 12:26:57,2026-05-22 10:00:49,2026-05-22 15:21:43,,,7.0,단독,28,28245,E0,E001,N,,N,,Y,차지비 이관,N,2023,3,F,시그넷,IN032008_02,False,False,계양구,계양구,계양구,False,True,False,False,False
이마트계양점,IN032008,3,2,인천광역시 계양구 봉오대로 785,지상4층 주차장,지상4층 주차장,37.531,126.7369,10:00~22:00,IN,신세계아이앤씨,신세계아이앤씨,1899-7495,2,2026-06-15 15:41:15,2026-06-15 15:39:23,2026-06-15 15:41:15,,,7.0,단독,28,28245,E0,E001,N,,N,,Y,차지비 이관,N,2023,3,F,시그넷,IN032008_03,False,False,계양구,계양구,계양구,False,True,False,False,False
이마트계양점,IN032008,4,2,인천광역시 계양구 봉오대로 785,지상4층 주차장,지상4층 주차장,37.531,126.7369,10:00~22:00,IN,신세계아이앤씨,신세계아이앤씨,1899-7495,2,2026-06-15 12:26:57,2026-05-22 16:13:50,2026-05-22 16:21:40,,,7.0,단독,28,28245,E0,E001,N,,N,,Y,차지비 이관,N,2023,3,F,시그넷,IN032008_04,False,False,계양구,계양구,계양구,False,True,False,False,False
이마트계양점,IN032008,5,2,인천광역시 계양구 봉오대로 785,지상4층 주차장,지상4층 주차장,37.531,126.7369,10:00~22:00,IN,신세계아이앤씨,신세계아이앤씨,1899-7495,2,2026-06-15 12:26:57,2026-05-22 11:03:06,2026-05-22 17:41:15,,,7.0,단독,28,28245,E0,E001,N,,N,,Y,차지비 이관,N,2023,3,F,시그넷,IN032008_05,False,False,계양구,계양구,계양구,False,True,False,False,False
이마트계양점,IN032008,6,2,인천광역시 계양구 봉오대로 785,지상4층 주차장,지상4층 주차장,37.531,126.7369,10:00~22:00,IN,신세계아이앤씨,신세계아이앤씨,1899-7495,2,2026-06-15 12:26:57,2026-05-21 10:29:13,2026-05-21 15:21:42,,,7.0,단독,28,28245,E0,E001,N,,N,,Y,차지비 이관,N,2023,3,F,시그넷,IN032008_06,False,False,계양구,계양구,계양구,False,True,False,False,False
이마트계양점,IN032008,7,2,인천광역시 계양구 봉오대로 785,지상4층 주차장,지상4층 주차장,37.531,126.7369,10:00~22:00,IN,신세계아이앤씨,신세계아이앤씨,1899-7495,2,2026-06-15 12:26:57,2026-05-20 17:35:27,2026-05-20 17:41:35,,,7.0,단독,28,28245,E0,E001,N,,N,,Y,차지비 이관,N,2023,3,F,시그넷,IN032008_07,False,False,계양구,계양구,계양구,False,True,False,False,False
이마트계양점,IN032008,8,2,인천광역시 계양구 봉오대로 785,지상4층 주차장,지상4층 주차장,37.531,126.7369,10:00~22:00,IN,신세계아이앤씨,신세계아이앤씨,1899-7495,2,2026-06-15 12:26:57,2026-05-22 09:58:42,2026-05-22 12:21:17,,,7.0,단독,28,28245,E0,E001,N,,N,,Y,차지비 이관,N,2023,3,F,시그넷,IN032008_08,False,False,계양구,계양구,계양구,False,True,False,False,False
이마트동인천점,IN032009,1,2,인천광역시 제물포구 인중로 134,지상4층 주차장,지상4층 주차장,37.4666,126.6286,10:00~22:00,IN,신세계아이앤씨,신세계아이앤씨,1899-7495,9,2026-06-15 12:26:57,2026-06-07 15:59:14,2026-06-07 16:01:32,,,7.0,단독,28,28125,E0,E001,N,,N,,Y,차지비 이관,N,2023,3,B,시그넷,IN032009_01,False,False,제물포구,제물포구,제물포구,False,True,False,False,False
이마트동인천점,IN032009,2,2,인천광역시 제물포구 인중로 134,지상4층 주차장,지상4층 주차장,37.4666,126.6286,10:00~22:00,IN,신세계아이앤씨,신세계아이앤씨,1899-7495,9,2026-06-15 12:26:57,2026-06-06 19:44:08,2026-06-06 19:41:20,,,7.0,단독,28,28125,E0,E001,N,,N,,Y,차지비 이관,N,2023,3,B,시그넷,IN032009_02,False,False,제물포구,제물포구,제물포구,False,True,False,False,False
이마트동인천점,IN032009,3,2,인천광역시 제물포구 인중로 134,지상4층 주차장,지상4층 주차장,37.4666,126.6286,10:00~22:00,IN,신세계아이앤씨,신세계아이앤씨,1899-7495,9,2026-06-15 12:26:57,2026-05-25 16:49:48,2026-05-25 17:01:30,,,7.0,단독,28,28125,E0,E001,N,,N,,Y,차지비 이관,N,2023,3,B,시그넷,IN032009_03,False,False,제물포구,제물포구,제물포구,False,True,False,False,False
이마트동인천점,IN032009,4,2,인천광역시 제물포구 인중로 134,지상4층 주차장,지상4층 주차장,37.4666,126.6286,10:00~22:00,IN,신세계아이앤씨,신세계아이앤씨,1899-7495,9,2026-06-15 12:26:58,2026-05-23 14:48:48,2026-05-23 15:01:41,,,7.0,단독,28,28125,E0,E001,N,,N,,Y,차지비 이관,N,2023,3,B,시그넷,IN032009_04,False,False,제물포구,제물포구,제물포구,False,True,False,False,False
이마트동인천점,IN032009,5,2,인천광역시 제물포구 인중로 134,지상4층 주차장,지상4층 주차장,37.4666,126.6286,10:00~22:00,IN,신세계아이앤씨,신세계아이앤씨,1899-7495,9,2026-06-15 12:26:58,2026-05-29 16:23:59,2026-05-29 17:21:33,,,7.0,단독,28,28125,E0,E001,N,,N,,Y,차지비 이관,N,2023,3,B,시그넷,IN032009_05,False,False,제물포구,제물포구,제물포구,False,True,False,False,False
이마트동인천점,IN032009,6,2,인천광역시 제물포구 인중로 134,지상4층 주차장,지상4층 주차장,37.4666,126.6286,10:00~22:00,IN,신세계아이앤씨,신세계아이앤씨,1899-7495,9,2026-06-15 12:26:58,2026-04-14 12:48:38,2026-04-02 12:01:33,,,7.0,단독,28,28125,E0,E001,N,,N,,Y,차지비 이관,N,2023,3,B,시그넷,IN032009_06,False,False,제물포구,제물포구,제물포구,False,True,False,False,False
이마트동인천점,IN032009,7,2,인천광역시 제물포구 인중로 134,지상4층 주차장,지상4층 주차장,37.4666,126.6286,10:00~22:00,IN,신세계아이앤씨,신세계아이앤씨,1899-7495,9,2026-06-15 12:26:58,2026-04-14 12:51:09,2026-01-31 17:01:59,,,7.0,단독,28,28125,E0,E001,N,,N,,Y,차지비 이관,N,2023,3,B,시그넷,IN032009_07,False,False,제물포구,제물포구,제물포구,False,True,False,False,False
이마트동인천점,IN032009,8,2,인천광역시 제물포구 인중로 134,지상4층 주차장,지상4층 주차장,37.4666,126.6286,10:00~22:00,IN,신세계아이앤씨,신세계아이앤씨,1899-7495,9,2026-06-15 12:26:58,2026-04-14 12:53:41,2026-04-11 18:41:20,,,7.0,단독,28,28125,E0,E001,N,,N,,Y,차지비 이관,N,2023,3,B,시그넷,IN032009_08,False,False,제물포구,제물포구,제물포구,False,True,False,False,False
이마트동인천점,IN032009,9,2,인천광역시 제물포구 인중로 134,지상4층 주차장,지상4층 주차장,37.4666,126.6286,10:00~22:00,IN,신세계아이앤씨,신세계아이앤씨,1899-7495,9,2026-06-15 12:26:58,2026-04-14 12:56:20,2024-11-03 21:20:57,,,7.0,단독,28,28125,E0,E001,N,,N,,Y,차지비 이관,N,2023,3,B,시그넷,IN032009_09,False,False,제물포구,제물포구,제물포구,False,True,False,False,False
이마트검단점,IN032010,1,2,인천광역시 검단구 서곶로 754,지상3층 A3~A6,지상3층 A3~A6,37.5854,126.6767,10:00~22:00,IN,신세계아이앤씨,신세계아이앤씨,1899-7495,9,2026-06-15 12:26:58,2026-06-07 17:01:15,2026-06-07 17:21:18,,,7.0,단독,28,28290,E0,E001,N,,N,,Y,차지비 이관,N,2023,2,F,시그넷,IN032010_01,False,False,검단구,검단구,검단구,False,True,False,False,False
이마트검단점,IN032010,2,2,인천광역시 검단구 서곶로 754,지상3층 A3~A6,지상3층 A3~A6,37.5854,126.6767,10:00~22:00,IN,신세계아이앤씨,신세계아이앤씨,1899-7495,2,2026-06-15 12:26:58,2026-06-10 11:21:45,2026-06-10 11:41:15,,,7.0,단독,28,28290,E0,E001,N,,N,,Y,차지비 이관,N,2023,2,F,시그넷,IN032010_02,False,False,검단구,검단구,검단구,False,True,False,False,False
이마트검단점,IN032010,3,2,인천광역시 검단구 서곶로 754,지상3층 A3~A6,지상3층 A3~A6,37.5854,126.6767,10:00~22:00,IN,신세계아이앤씨,신세계아이앤씨,1899-7495,9,2026-06-15 12:26:58,2026-06-07 15:58:15,2026-06-07 16:01:32,,,7.0,단독,28,28290,E0,E001,N,,N,,Y,차지비 이관,N,2023,2,F,시그넷,IN032010_03,False,False,검단구,검단구,검단구,False,True,False,False,False
이마트검단점,IN032010,4,2,인천광역시 검단구 서곶로 754,지상3층 A3~A6,지상3층 A3~A6,37.5854,126.6767,10:00~22:00,IN,신세계아이앤씨,신세계아이앤씨,1899-7495,9,2026-06-15 12:26:58,2026-06-06 17:46:54,2026-06-06 18:01:32,,,7.0,단독,28,28290,E0,E001,N,,N,,Y,차지비 이관,N,2023,2,F,시그넷,IN032010_04,False,False,검단구,검단구,검단구,False,True,False,False,False
이마트검단점,IN032010,5,2,인천광역시 검단구 서곶로 754,지상3층 A3~A6,지상3층 A3~A6,37.5854,126.6767,10:00~22:00,IN,신세계아이앤씨,신세계아이앤씨,1899-7495,9,2026-06-15 12:26:58,2026-06-09 12:38:50,2026-06-08 17:21:23,,,7.0,단독,28,28290,E0,E001,N,,N,,Y,차지비 이관,N,2023,2,F,시그넷,IN032010_05,False,False,검단구,검단구,검단구,False,True,False,False,False
이마트검단점,IN032010,6,2,인천광역시 검단구 서곶로 754,지상3층 A3~A6,지상3층 A3~A6,37.5854,126.6767,10:00~22:00,IN,신세계아이앤씨,신세계아이앤씨,1899-7495,9,2026-06-15 12:26:58,2026-06-10 20:05:44,2026-06-10 20:01:35,,,7.0,단독,28,28290,E0,E001,N,,N,,Y,차지비 이관,N,2023,2,F,시그넷,IN032010_06,False,False,검단구,검단구,검단구,False,True,False,False,False
이마트검단점,IN032010,7,2,인천광역시 검단구 서곶로 754,지상3층 A3~A6,지상3층 A3~A6,37.5854,126.6767,10:00~22:00,IN,신세계아이앤씨,신세계아이앤씨,1899-7495,9,2026-06-15 12:26:58,2026-06-10 12:49:37,2026-06-10 13:01:30,,,7.0,단독,28,28290,E0,E001,N,,N,,Y,차지비 이관,N,2023,2,F,시그넷,IN032010_07,False,False,검단구,검단구,검단구,False,True,False,False,False
이마트검단점,IN032010,8,2,인천광역시 검단구 서곶로 754,지상3층 A3~A6,지상3층 A3~A6,37.5854,126.6767,10:00~22:00,IN,신세계아이앤씨,신세계아이앤씨,1899-7495,9,2026-06-15 12:26:58,2026-06-10 16:17:30,2026-06-10 18:01:31,,,7.0,단독,28,28290,E0,E001,N,,N,,Y,차지비 이관,N,2023,2,F,시그넷,IN032010_08,False,False,검단구,검단구,검단구,False,True,False,False,False
이마트연수점,IN032011,1,2,인천광역시 연수구 경원대로 184,옥상주차장,옥상주차장,37.4042,126.6812,10:00~22:00,IN,신세계아이앤씨,신세계아이앤씨,1899-7495,9,2026-06-15 12:26:58,2026-05-17 16:19:06,2026-05-17 16:21:31,,,7.0,단독,28,28185,E0,E001,N,,N,,Y,차지비 이관,N,2023,1,F,에바,IN032011_01,False,False,연수구,연수구,연수구,False,True,False,False,False
이마트연수점,IN032011,2,2,인천광역시 연수구 경원대로 184,옥상주차장,옥상주차장,37.4042,126.6812,10:00~22:00,IN,신세계아이앤씨,신세계아이앤씨,1899-7495,9,2026-06-15 12:26:58,2026-04-10 10:25:00,2026-04-04 18:41:23,,,7.0,단독,28,28185,E0,E001,N,,N,,Y,차지비 이관,N,2023,1,F,에바,IN032011_02,False,False,연수구,연수구,연수구,False,True,False,False,False
이마트연수점,IN032011,3,2,인천광역시 연수구 경원대로 184,옥상주차장,옥상주차장,37.4042,126.6812,10:00~22:00,IN,신세계아이앤씨,신세계아이앤씨,1899-7495,1,2026-06-15 12:26:58,2026-06-09 13:10:06,2026-06-09 13:21:16,,,7.0,단독,28,28185,E0,E001,N,,N,,Y,차지비 이관,N,2023,1,F,에바,IN032011_03,False,False,연수구,연수구,연수구,False,True,False,False,False
이마트연수점,IN032011,4,2,인천광역시 연수구 경원대로 184,옥상주차장,옥상주차장,37.4042,126.6812,10:00~22:00,IN,신세계아이앤씨,신세계아이앤씨,1899-7495,1,2026-06-15 12:26:58,2026-06-07 13:44:56,2026-06-07 14:01:28,,,7.0,단독,28,28185,E0,E001,N,,N,,Y,차지비 이관,N,2023,1,F,에바,IN032011_04,False,False,연수구,연수구,연수구,False,True,False,False,False
이마트연수점,IN032011,5,2,인천광역시 연수구 경원대로 184,옥상주차장,옥상주차장,37.4042,126.6812,10:00~22:00,IN,신세계아이앤씨,신세계아이앤씨,1899-7495,1,2026-06-15 12:26:58,2026-06-05 16:12:13,2026-06-05 16:21:28,,,7.0,단독,28,28185,E0,E001,N,,N,,Y,차지비 이관,N,2023,1,F,에바,IN032011_05,False,False,연수구,연수구,연수구,False,True,False,False,False
이마트연수점,IN032011,6,2,인천광역시 연수구 경원대로 184,옥상주차장,옥상주차장,37.4042,126.6812,10:00~22:00,IN,신세계아이앤씨,신세계아이앤씨,1899-7495,1,2026-06-15 12:26:58,2026-06-09 16:38:10,2026-06-09 16:41:16,,,7.0,단독,28,28185,E0,E001,N,,N,,Y,차지비 이관,N,2023,1,F,에바,IN032011_06,False,False,연수구,연수구,연수구,False,True,False,False,False
양지빌딩,IN032012,1,2,인천광역시 연수구 먼우금로222번길 46,지하주차장 3층,지하주차장 3층,37.4155,126.6793,24시간 이용가능,IN,신세계아이앤씨,신세계아이앤씨,1899-7495,1,2026-06-15 12:26:58,2026-04-23 19:16:08,2026-04-23 19:21:27,,,7.0,단독,28,28185,H0,H003,Y,,N,,Y,차지비 이관,N,2023,3,B,에바,IN032012_01,False,False,연수구,연수구,연수구,False,True,False,False,False
양지빌딩,IN032012,2,2,인천광역시 연수구 먼우금로222번길 46,지하주차장 3층,지하주차장 3층,37.4155,126.6793,24시간 이용가능,IN,신세계아이앤씨,신세계아이앤씨,1899-7495,1,2026-06-15 12:26:58,2026-06-05 22:10:18,2026-06-05 22:21:24,,,7.0,단독,28,28185,H0,H003,Y,,N,,Y,차지비 이관,N,2023,3,B,에바,IN032012_02,False,False,연수구,연수구,연수구,False,True,False,False,False
양지빌딩,IN032012,3,2,인천광역시 연수구 먼우금로222번길 46,지하주차장 3층,지하주차장 3층,37.4155,126.6793,24시간 이용가능,IN,신세계아이앤씨,신세계아이앤씨,1899-7495,1,2026-06-15 12:26:58,2026-05-26 19:49:48,2026-05-26 20:01:40,,,7.0,단독,28,28185,H0,H003,Y,,N,,Y,차지비 이관,N,2023,3,B,에바,IN032012_03,False,False,연수구,연수구,연수구,False,True,False,False,False
양지빌딩,IN032012,4,2,인천광역시 연수구 먼우금로222번길 46,지하주차장 3층,지하주차장 3층,37.4155,126.6793,24시간 이용가능,IN,신세계아이앤씨,신세계아이앤씨,1899-7495,2,2026-06-15 12:26:58,2026-06-10 19:00:33,2026-06-11 17:41:16,,,7.0,단독,28,28185,H0,H003,Y,,N,,Y,차지비 이관,N,2023,3,B,에바,IN032012_04,False,False,연수구,연수구,연수구,False,True,False,False,False
양지빌딩,IN032012,5,2,인천광역시 연수구 먼우금로222번길 46,지하주차장 3층,지하주차장 3층,37.4155,126.6793,24시간 이용가능,IN,신세계아이앤씨,신세계아이앤씨,1899-7495,1,2026-06-15 12:26:58,2026-04-10 09:50:20,2026-01-22 15:41:18,,,7.0,단독,28,28185,H0,H003,Y,,N,,Y,차지비 이관,N,2023,3,B,에바,IN032012_05,False,False,연수구,연수구,연수구,False,True,False,False,False
학마을한진아파트,IN032013,1,2,인천광역시 계양구 용종로 124,"133,136,138,140,142동 앞 주차장","133,136,138,140,142동 앞 주차장",37.5451,126.7435,24시간 이용가능,IN,신세계아이앤씨,신세계아이앤씨,1899-7495,9,2026-06-15 12:26:58,2026-06-11 04:20:29,2026-06-11 12:21:16,,,7.0,단독,28,28245,H0,H001,N,,N,,Y,차지비 이관,N,2023,1,F,에바,IN032013_01,False,False,계양구,계양구,계양구,False,True,False,False,False
학마을한진아파트,IN032013,2,2,인천광역시 계양구 용종로 124,"133,136,138,140,142동 앞 주차장","133,136,138,140,142동 앞 주차장",37.5451,126.7435,24시간 이용가능,IN,신세계아이앤씨,신세계아이앤씨,1899-7495,1,2026-06-15 12:26:58,2026-06-10 17:34:48,2026-06-10 17:41:15,,,7.0,단독,28,28245,H0,H001,N,,N,,Y,차지비 이관,N,2023,1,F,에바,IN032013_02,False,False,계양구,계양구,계양구,False,True,False,False,False
학마을한진아파트,IN032013,3,2,인천광역시 계양구 용종로 124,"133,136,138,140,142동 앞 주차장","133,136,138,140,142동 앞 주차장",37.5451,126.7435,24시간 이용가능,IN,신세계아이앤씨,신세계아이앤씨,1899-7495,1,2026-06-15 12:26:58,2026-06-11 07:29:47,2026-06-11 10:41:16,,,7.0,단독,28,28245,H0,H001,N,,N,,Y,차지비 이관,N,2023,1,F,에바,IN032013_03,False,False,계양구,계양구,계양구,False,True,False,False,False
학마을한진아파트,IN032013,4,2,인천광역시 계양구 용종로 124,"133,136,138,140,142동 앞 주차장","133,136,138,140,142동 앞 주차장",37.5451,126.7435,24시간 이용가능,IN,신세계아이앤씨,신세계아이앤씨,1899-7495,1,2026-06-15 12:26:58,2026-06-09 13:56:10,2026-06-09 14:01:25,,,7.0,단독,28,28245,H0,H001,N,,N,,Y,차지비 이관,N,2023,1,F,에바,IN032013_04,False,False,계양구,계양구,계양구,False,True,False,False,False
학마을한진아파트,IN032013,5,2,인천광역시 계양구 용종로 124,"133,136,138,140,142동 앞 주차장","133,136,138,140,142동 앞 주차장",37.5451,126.7435,24시간 이용가능,IN,신세계아이앤씨,신세계아이앤씨,1899-7495,1,2026-06-15 12:26:59,2026-06-10 00:29:34,2026-06-10 00:41:15,,,7.0,단독,28,28245,H0,H001,N,,N,,Y,차지비 이관,N,2023,1,F,에바,IN032013_05,False,False,계양구,계양구,계양구,False,True,False,False,False
학마을한진아파트,IN032013,6,2,인천광역시 계양구 용종로 124,"133,136,138,140,142동 앞 주차장","133,136,138,140,142동 앞 주차장",37.5451,126.7435,24시간 이용가능,IN,신세계아이앤씨,신세계아이앤씨,1899-7495,1,2026-06-15 12:26:59,2026-06-10 17:20:15,2026-06-10 17:21:21,,,7.0,단독,28,28245,H0,H001,N,,N,,Y,차지비 이관,N,2023,1,F,에바,IN032013_06,False,False,계양구,계양구,계양구,False,True,False,False,False
학마을한진아파트,IN032013,7,2,인천광역시 계양구 용종로 124,"133,136,138,140,142동 앞 주차장","133,136,138,140,142동 앞 주차장",37.5451,126.7435,24시간 이용가능,IN,신세계아이앤씨,신세계아이앤씨,1899-7495,1,2026-06-15 12:26:59,2026-06-09 14:09:23,2026-06-09 14:21:16,,,7.0,단독,28,28245,H0,H001,N,,N,,Y,차지비 이관,N,2023,1,F,에바,IN032013_07,False,False,계양구,계양구,계양구,False,True,False,False,False
학마을한진아파트,IN032013,8,2,인천광역시 계양구 용종로 124,"133,136,138,140,142동 앞 주차장","133,136,138,140,142동 앞 주차장",37.5451,126.7435,24시간 이용가능,IN,신세계아이앤씨,신세계아이앤씨,1899-7495,1,2026-06-15 12:26:59,2026-06-10 23:29:44,2026-06-11 05:01:39,,,7.0,단독,28,28245,H0,H001,N,,N,,Y,차지비 이관,N,2023,1,F,에바,IN032013_08,False,False,계양구,계양구,계양구,False,True,False,False,False
학마을한진아파트,IN032013,9,2,인천광역시 계양구 용종로 124,"133,136,138,140,142동 앞 주차장","133,136,138,140,142동 앞 주차장",37.5451,126.7435,24시간 이용가능,IN,신세계아이앤씨,신세계아이앤씨,1899-7495,1,2026-06-15 12:26:59,2026-06-10 06:19:55,2026-06-10 13:21:17,,,7.0,단독,28,28245,H0,H001,N,,N,,Y,차지비 이관,N,2023,1,F,에바,IN032013_09,False,False,계양구,계양구,계양구,False,True,False,False,False
학마을한진아파트,IN032013,10,2,인천광역시 계양구 용종로 124,"133,136,138,140,142동 앞 주차장","133,136,138,140,142동 앞 주차장",37.5451,126.7435,24시간 이용가능,IN,신세계아이앤씨,신세계아이앤씨,1899-7495,1,2026-06-15 12:26:59,2026-06-08 00:48:31,2026-06-08 11:21:19,,,7.0,단독,28,28245,H0,H001,N,,N,,Y,차지비 이관,N,2023,1,F,에바,IN032013_10,False,False,계양구,계양구,계양구,False,True,False,False,False
학마을한진아파트,IN032013,11,2,인천광역시 계양구 용종로 124,"133,136,138,140,142동 앞 주차장","133,136,138,140,142동 앞 주차장",37.5451,126.7435,24시간 이용가능,IN,신세계아이앤씨,신세계아이앤씨,1899-7495,1,2026-06-15 12:26:59,2026-06-10 06:43:12,2026-06-10 07:01:11,,,7.0,단독,28,28245,H0,H001,N,,N,,Y,차지비 이관,N,2023,1,F,에바,IN032013_11,False,False,계양구,계양구,계양구,False,True,False,False,False
학마을한진아파트,IN032013,12,2,인천광역시 계양구 용종로 124,"133,136,138,140,142동 앞 주차장","133,136,138,140,142동 앞 주차장",37.5451,126.7435,24시간 이용가능,IN,신세계아이앤씨,신세계아이앤씨,1899-7495,1,2026-06-15 12:26:59,2026-06-10 22:52:42,2026-06-10 23:01:31,,,7.0,단독,28,28245,H0,H001,N,,N,,Y,차지비 이관,N,2023,1,F,에바,IN032013_12,False,False,계양구,계양구,계양구,False,True,False,False,False
학마을한진아파트,IN032013,13,2,인천광역시 계양구 용종로 124,"133,136,138,140,142동 앞 주차장","133,136,138,140,142동 앞 주차장",37.5451,126.7435,24시간 이용가능,IN,신세계아이앤씨,신세계아이앤씨,1899-7495,1,2026-06-15 12:26:59,2026-06-05 10:09:09,2026-06-03 11:21:16,,,7.0,단독,28,28245,H0,H001,N,,N,,Y,차지비 이관,N,2023,1,F,에바,IN032013_13,False,False,계양구,계양구,계양구,False,True,False,False,False
학마을한진아파트,IN032013,14,2,인천광역시 계양구 용종로 124,"133,136,138,140,142동 앞 주차장","133,136,138,140,142동 앞 주차장",37.5451,126.7435,24시간 이용가능,IN,신세계아이앤씨,신세계아이앤씨,1899-7495,1,2026-06-15 12:26:59,2026-06-10 03:06:13,2026-06-10 06:21:13,,,7.0,단독,28,28245,H0,H001,N,,N,,Y,차지비 이관,N,2023,1,F,에바,IN032013_14,False,False,계양구,계양구,계양구,False,True,False,False,False
학마을한진아파트,IN032013,15,2,인천광역시 계양구 용종로 124,"133,136,138,140,142동 앞 주차장","133,136,138,140,142동 앞 주차장",37.5451,126.7435,24시간 이용가능,IN,신세계아이앤씨,신세계아이앤씨,1899-7495,1,2026-06-15 12:26:59,2026-06-08 22:16:01,2026-06-09 01:01:59,,,7.0,단독,28,28245,H0,H001,N,,N,,Y,차지비 이관,N,2023,1,F,에바,IN032013_15,False,False,계양구,계양구,계양구,False,True,False,False,False
학마을한진아파트,IN032013,16,2,인천광역시 계양구 용종로 124,"133,136,138,140,142동 앞 주차장","133,136,138,140,142동 앞 주차장",37.5451,126.7435,24시간 이용가능,IN,신세계아이앤씨,신세계아이앤씨,1899-7495,1,2026-06-15 12:26:59,2026-06-01 10:52:44,2026-06-01 11:01:38,,,7.0,단독,28,28245,H0,H001,N,,N,,Y,차지비 이관,N,2023,1,F,에바,IN032013_16,False,False,계양구,계양구,계양구,False,True,False,False,False
학마을한진아파트,IN032013,17,2,인천광역시 계양구 용종로 124,"133,136,138,140,142동 앞 주차장","133,136,138,140,142동 앞 주차장",37.5451,126.7435,24시간 이용가능,IN,신세계아이앤씨,신세계아이앤씨,1899-7495,1,2026-06-15 12:26:59,2026-06-11 08:47:21,2026-06-11 12:21:16,,,7.0,단독,28,28245,H0,H001,N,,N,,Y,차지비 이관,N,2023,1,F,에바,IN032013_17,False,False,계양구,계양구,계양구,False,True,False,False,False
학마을한진아파트,IN032013,18,2,인천광역시 계양구 용종로 124,"133,136,138,140,142동 앞 주차장","133,136,138,140,142동 앞 주차장",37.5451,126.7435,24시간 이용가능,IN,신세계아이앤씨,신세계아이앤씨,1899-7495,1,2026-06-15 12:26:59,2026-05-07 12:27:20,2026-03-04 08:21:19,,,7.0,단독,28,28245,H0,H001,N,,N,,Y,차지비 이관,N,2023,1,F,에바,IN032013_18,False,False,계양구,계양구,계양구,False,True,False,False,False
학마을한진아파트,IN032013,19,2,인천광역시 계양구 용종로 124,"133,136,138,140,142동 앞 주차장","133,136,138,140,142동 앞 주차장",37.5451,126.7435,24시간 이용가능,IN,신세계아이앤씨,신세계아이앤씨,1899-7495,1,2026-06-15 12:26:59,2026-06-10 22:59:14,2026-06-11 08:01:30,,,7.0,단독,28,28245,H0,H001,N,,N,,Y,차지비 이관,N,2023,1,F,에바,IN032013_19,False,False,계양구,계양구,계양구,False,True,False,False,False
학마을한진아파트,IN032013,20,2,인천광역시 계양구 용종로 124,"133,136,138,140,142동 앞 주차장","133,136,138,140,142동 앞 주차장",37.5451,126.7435,24시간 이용가능,IN,신세계아이앤씨,신세계아이앤씨,1899-7495,1,2026-06-15 12:26:59,2026-06-11 00:13:46,2026-06-11 08:41:16,,,7.0,단독,28,28245,H0,H001,N,,N,,Y,차지비 이관,N,2023,1,F,에바,IN032013_20,False,False,계양구,계양구,계양구,False,True,False,False,False
학마을한진아파트,IN032013,21,2,인천광역시 계양구 용종로 124,"133,136,138,140,142동 앞 주차장","133,136,138,140,142동 앞 주차장",37.5451,126.7435,24시간 이용가능,IN,신세계아이앤씨,신세계아이앤씨,1899-7495,1,2026-06-15 12:26:59,2026-06-11 00:49:12,2026-06-11 07:01:34,,,7.0,단독,28,28245,H0,H001,N,,N,,Y,차지비 이관,N,2023,1,F,에바,IN032013_21,False,False,계양구,계양구,계양구,False,True,False,False,False
학마을한진아파트,IN032013,22,2,인천광역시 계양구 용종로 124,"133,136,138,140,142동 앞 주차장","133,136,138,140,142동 앞 주차장",37.5451,126.7435,24시간 이용가능,IN,신세계아이앤씨,신세계아이앤씨,1899-7495,1,2026-06-15 12:26:59,2026-06-10 06:57:32,2026-06-10 08:01:40,,,7.0,단독,28,28245,H0,H001,N,,N,,Y,차지비 이관,N,2023,1,F,에바,IN032013_22,False,False,계양구,계양구,계양구,False,True,False,False,False
학마을한진아파트,IN032013,23,2,인천광역시 계양구 용종로 124,"133,136,138,140,142동 앞 주차장","133,136,138,140,142동 앞 주차장",37.5451,126.7435,24시간 이용가능,IN,신세계아이앤씨,신세계아이앤씨,1899-7495,1,2026-06-15 12:26:59,2026-06-11 01:42:41,2026-06-11 05:01:39,,,7.0,단독,28,28245,H0,H001,N,,N,,Y,차지비 이관,N,2023,1,F,에바,IN032013_23,False,False,계양구,계양구,계양구,False,True,False,False,False
학마을한진아파트,IN032013,24,2,인천광역시 계양구 용종로 124,"133,136,138,140,142동 앞 주차장","133,136,138,140,142동 앞 주차장",37.5451,126.7435,24시간 이용가능,IN,신세계아이앤씨,신세계아이앤씨,1899-7495,1,2026-06-15 12:27:00,2026-06-11 03:07:14,2026-06-11 06:41:16,,,7.0,단독,28,28245,H0,H001,N,,N,,Y,차지비 이관,N,2023,1,F,에바,IN032013_24,False,False,계양구,계양구,계양구,False,True,False,False,False
학마을한진아파트,IN032013,25,4,인천광역시 계양구 용종로 124,"133,136,138,140,142동 앞 주차장","133,136,138,140,142동 앞 주차장",37.5451,126.7435,24시간 이용가능,IN,신세계아이앤씨,신세계아이앤씨,1899-7495,9,2026-06-15 12:27:00,2026-06-10 19:59:16,2026-06-11 06:21:16,,,50.0,단독,28,28245,H0,H001,N,,N,,Y,차지비 이관,N,2023,1,F,휴맥스이브이,IN032013_25,False,False,계양구,계양구,계양구,False,True,False,False,False
남동SD타워,IN032014,1,2,인천광역시 남동구 은봉로 55,옥상층 주차장,옥상층 주차장,37.4112,126.6981,24시간 이용가능,IN,신세계아이앤씨,신세계아이앤씨,1899-7495,1,2026-06-15 12:27:00,2026-05-23 01:35:34,2026-05-23 06:41:15,,,7.0,단독,28,28200,H0,H003,N,,N,,Y,차지비 이관,N,2023,11,F,에바,IN032014_01,False,False,남동구,남동구,남동구,False,True,False,False,False
남동SD타워,IN032014,2,2,인천광역시 남동구 은봉로 55,옥상층 주차장,옥상층 주차장,37.4112,126.6981,24시간 이용가능,IN,신세계아이앤씨,신세계아이앤씨,1899-7495,1,2026-06-15 12:27:00,2026-06-05 21:02:41,2026-06-06 09:41:16,,,7.0,단독,28,28200,H0,H003,N,,N,,Y,차지비 이관,N,2023,11,F,에바,IN032014_02,False,False,남동구,남동구,남동구,False,True,False,False,False
남동SD타워,IN032014,3,2,인천광역시 남동구 은봉로 55,옥상층 주차장,옥상층 주차장,37.4112,126.6981,24시간 이용가능,IN,신세계아이앤씨,신세계아이앤씨,1899-7495,1,2026-06-15 12:27:00,2026-04-23 14:42:16,2026-04-23 15:01:35,,,7.0,단독,28,28200,H0,H003,N,,N,,Y,차지비 이관,N,2023,11,F,에바,IN032014_03,False,False,남동구,남동구,남동구,False,True,False,False,False
인천관교한신휴플러스,IN032015,1,2,인천광역시 미추홀구 경원대로 717,"101,05동 앞","101동, 105동 106동, 108동, 111동 112동, 118동",37.4469,126.6873,24시간 이용가능,IN,신세계아이앤씨,신세계아이앤씨,1899-7495,3,2026-06-15 12:27:00,2026-06-11 00:45:48,2026-06-11 09:21:16,2026-06-11 12:31:52,,7.0,단독,28,28177,H0,H001,N,,Y,입주자 전용,Y,차지비 이관,N,2023,1,F,에바,IN032015_01,False,False,미추홀구,미추홀구,미추홀구,False,True,True,False,False
인천관교한신휴플러스,IN032015,2,2,인천광역시 미추홀구 경원대로 717,"101,05동 앞","101동, 105동 106동, 108동, 111동 112동, 118동",37.4469,126.6873,24시간 이용가능,IN,신세계아이앤씨,신세계아이앤씨,1899-7495,1,2026-06-15 12:27:00,2026-06-11 00:45:42,2026-06-11 07:21:23,,,7.0,단독,28,28177,H0,H001,N,,Y,입주자 전용,Y,차지비 이관,N,2023,1,F,에바,IN032015_02,False,False,미추홀구,미추홀구,미추홀구,False,True,True,False,False
인천관교한신휴플러스,IN032015,3,2,인천광역시 미추홀구 경원대로 717,"101,05동 앞","101동, 105동 106동, 108동, 111동 112동, 118동",37.4469,126.6873,24시간 이용가능,IN,신세계아이앤씨,신세계아이앤씨,1899-7495,1,2026-06-15 12:27:00,2026-06-11 08:35:49,2026-06-11 08:41:16,,,7.0,단독,28,28177,H0,H001,N,,Y,입주자 전용,Y,차지비 이관,N,2023,1,F,에바,IN032015_03,False,False,미추홀구,미추홀구,미추홀구,False,True,True,False,False
인천관교한신휴플러스,IN032015,4,2,인천광역시 미추홀구 경원대로 717,"101,05동 앞","101동, 105동 106동, 108동, 111동 112동, 118동",37.4469,126.6873,24시간 이용가능,IN,신세계아이앤씨,신세계아이앤씨,1899-7495,1,2026-06-15 12:27:00,2026-06-10 23:58:25,2026-06-11 00:01:28,,,7.0,단독,28,28177,H0,H001,N,,Y,입주자 전용,Y,차지비 이관,N,2023,1,F,에바,IN032015_04,False,False,미추홀구,미추홀구,미추홀구,False,True,True,False,False
인천관교한신휴플러스,IN032015,5,2,인천광역시 미추홀구 경원대로 717,"101,05동 앞","101동, 105동 106동, 108동, 111동 112동, 118동",37.4469,126.6873,24시간 이용가능,IN,신세계아이앤씨,신세계아이앤씨,1899-7495,1,2026-06-15 12:27:00,2026-06-10 23:47:17,2026-06-11 05:41:15,,,7.0,단독,28,28177,H0,H001,N,,Y,입주자 전용,Y,차지비 이관,N,2023,1,F,에바,IN032015_05,False,False,미추홀구,미추홀구,미추홀구,False,True,True,False,False
인천관교한신휴플러스,IN032015,6,2,인천광역시 미추홀구 경원대로 717,"101,05동 앞","101동, 105동 106동, 108동, 111동 112동, 118동",37.4469,126.6873,24시간 이용가능,IN,신세계아이앤씨,신세계아이앤씨,1899-7495,1,2026-06-15 12:27:00,2026-05-30 00:03:54,2026-05-30 00:21:17,,,7.0,단독,28,28177,H0,H001,N,,Y,입주자 전용,Y,차지비 이관,N,2023,1,F,에바,IN032015_06,False,False,미추홀구,미추홀구,미추홀구,False,True,True,False,False
인천관교한신휴플러스,IN032015,7,2,인천광역시 미추홀구 경원대로 717,"101,05동 앞","101동, 105동 106동, 108동, 111동 112동, 118동",37.4469,126.6873,24시간 이용가능,IN,신세계아이앤씨,신세계아이앤씨,1899-7495,1,2026-06-15 12:27:00,2026-06-08 05:27:42,2026-06-08 07:01:30,,,7.0,단독,28,28177,H0,H001,N,,Y,입주자 전용,Y,차지비 이관,N,2023,1,F,에바,IN032015_07,False,False,미추홀구,미추홀구,미추홀구,False,True,True,False,False
인천관교한신휴플러스,IN032015,8,2,인천광역시 미추홀구 경원대로 717,"101,05동 앞","101동, 105동 106동, 108동, 111동 112동, 118동",37.4469,126.6873,24시간 이용가능,IN,신세계아이앤씨,신세계아이앤씨,1899-7495,1,2026-06-15 12:27:00,2026-06-04 04:47:59,2026-06-04 13:41:18,,,7.0,단독,28,28177,H0,H001,N,,Y,입주자 전용,Y,차지비 이관,N,2023,1,F,에바,IN032015_08,False,False,미추홀구,미추홀구,미추홀구,False,True,True,False,False
인천관교한신휴플러스,IN032015,9,2,인천광역시 미추홀구 경원대로 717,"101,05동 앞","101동, 105동 106동, 108동, 111동 112동, 118동",37.4469,126.6873,24시간 이용가능,IN,신세계아이앤씨,신세계아이앤씨,1899-7495,9,2026-06-15 12:27:00,2026-06-10 09:31:17,2026-06-11 12:21:16,,,7.0,단독,28,28177,H0,H001,N,,Y,입주자 전용,Y,차지비 이관,N,2023,1,F,에바,IN032015_09,False,False,미추홀구,미추홀구,미추홀구,False,True,True,False,False
인천관교한신휴플러스,IN032015,10,2,인천광역시 미추홀구 경원대로 717,"101,05동 앞","101동, 105동 106동, 108동, 111동 112동, 118동",37.4469,126.6873,24시간 이용가능,IN,신세계아이앤씨,신세계아이앤씨,1899-7495,1,2026-06-15 12:27:00,2026-06-10 23:21:49,2026-06-11 05:21:13,,,7.0,단독,28,28177,H0,H001,N,,Y,입주자 전용,Y,차지비 이관,N,2023,1,F,에바,IN032015_10,False,False,미추홀구,미추홀구,미추홀구,False,True,True,False,False
인천관교한신휴플러스,IN032015,11,2,인천광역시 미추홀구 경원대로 717,"101,05동 앞","101동, 105동 106동, 108동, 111동 112동, 118동",37.4469,126.6873,24시간 이용가능,IN,신세계아이앤씨,신세계아이앤씨,1899-7495,1,2026-06-15 12:27:00,2026-05-19 22:45:03,2026-05-20 05:01:42,,,7.0,단독,28,28177,H0,H001,N,,Y,입주자 전용,Y,차지비 이관,N,2023,1,F,에바,IN032015_11,False,False,미추홀구,미추홀구,미추홀구,False,True,True,False,False
인천관교한신휴플러스,IN032015,12,2,인천광역시 미추홀구 경원대로 717,"101,05동 앞","101동, 105동 106동, 108동, 111동 112동, 118동",37.4469,126.6873,24시간 이용가능,IN,신세계아이앤씨,신세계아이앤씨,1899-7495,1,2026-06-15 12:27:00,2026-06-08 05:23:20,2026-06-08 05:41:16,,,7.0,단독,28,28177,H0,H001,N,,Y,입주자 전용,Y,차지비 이관,N,2023,1,F,에바,IN032015_12,False,False,미추홀구,미추홀구,미추홀구,False,True,True,False,False
인천관교한신휴플러스,IN032015,13,2,인천광역시 미추홀구 경원대로 717,"101,05동 앞","101동, 105동 106동, 108동, 111동 112동, 118동",37.4469,126.6873,24시간 이용가능,IN,신세계아이앤씨,신세계아이앤씨,1899-7495,1,2026-06-15 12:27:00,2026-06-10 19:45:45,2026-06-11 00:21:17,,,7.0,단독,28,28177,H0,H001,N,,Y,입주자 전용,Y,차지비 이관,N,2023,1,F,에바,IN032015_13,False,False,미추홀구,미추홀구,미추홀구,False,True,True,False,False
인천관교한신휴플러스,IN032015,14,2,인천광역시 미추홀구 경원대로 717,"101,05동 앞","101동, 105동 106동, 108동, 111동 112동, 118동",37.4469,126.6873,24시간 이용가능,IN,신세계아이앤씨,신세계아이앤씨,1899-7495,1,2026-06-15 12:27:00,2026-06-03 19:22:26,2026-06-04 00:21:18,,,7.0,단독,28,28177,H0,H001,N,,Y,입주자 전용,Y,차지비 이관,N,2023,1,F,에바,IN032015_14,False,False,미추홀구,미추홀구,미추홀구,False,True,True,False,False
인천관교한신휴플러스,IN032015,15,2,인천광역시 미추홀구 경원대로 717,"101,05동 앞","101동, 105동 106동, 108동, 111동 112동, 118동",37.4469,126.6873,24시간 이용가능,IN,신세계아이앤씨,신세계아이앤씨,1899-7495,1,2026-06-15 12:27:00,2026-06-10 03:09:18,2026-06-10 08:21:16,,,7.0,단독,28,28177,H0,H001,N,,Y,입주자 전용,Y,차지비 이관,N,2023,1,F,에바,IN032015_15,False,False,미추홀구,미추홀구,미추홀구,False,True,True,False,False
인천관교한신휴플러스,IN032015,16,2,인천광역시 미추홀구 경원대로 717,"101,05동 앞","101동, 105동 106동, 108동, 111동 112동, 118동",37.4469,126.6873,24시간 이용가능,IN,신세계아이앤씨,신세계아이앤씨,1899-7495,1,2026-06-15 12:27:01,2026-06-10 21:50:20,2026-06-11 07:01:34,,,7.0,단독,28,28177,H0,H001,N,,Y,입주자 전용,Y,차지비 이관,N,2023,1,F,에바,IN032015_16,False,False,미추홀구,미추홀구,미추홀구,False,True,True,False,False
인천관교한신휴플러스,IN032015,17,2,인천광역시 미추홀구 경원대로 717,"101,05동 앞","101동, 105동 106동, 108동, 111동 112동, 118동",37.4469,126.6873,24시간 이용가능,IN,신세계아이앤씨,신세계아이앤씨,1899-7495,1,2026-06-15 12:27:01,2026-06-11 02:35:24,2026-06-11 02:41:15,,,7.0,단독,28,28177,H0,H001,N,,Y,입주자 전용,Y,차지비 이관,N,2023,1,F,에바,IN032015_17,False,False,미추홀구,미추홀구,미추홀구,False,True,True,False,False
인천관교한신휴플러스,IN032015,18,2,인천광역시 미추홀구 경원대로 717,"101,05동 앞","101동, 105동 106동, 108동, 111동 112동, 118동",37.4469,126.6873,24시간 이용가능,IN,신세계아이앤씨,신세계아이앤씨,1899-7495,9,2026-06-15 12:27:01,2026-06-10 23:14:47,2026-06-11 08:41:16,,,7.0,단독,28,28177,H0,H001,N,,Y,입주자 전용,Y,차지비 이관,N,2023,1,F,에바,IN032015_18,False,False,미추홀구,미추홀구,미추홀구,False,True,True,False,False
인천관교한신휴플러스,IN032015,19,2,인천광역시 미추홀구 경원대로 717,"101,05동 앞","101동, 105동 106동, 108동, 111동 112동, 118동",37.4469,126.6873,24시간 이용가능,IN,신세계아이앤씨,신세계아이앤씨,1899-7495,1,2026-06-15 12:27:01,2026-06-10 22:08:15,2026-06-11 06:41:16,,,7.0,단독,28,28177,H0,H001,N,,Y,입주자 전용,Y,차지비 이관,N,2023,1,F,에바,IN032015_19,False,False,미추홀구,미추홀구,미추홀구,False,True,True,False,False
인천관교한신휴플러스,IN032015,20,2,인천광역시 미추홀구 경원대로 717,"101,05동 앞","101동, 105동 106동, 108동, 111동 112동, 118동",37.4469,126.6873,24시간 이용가능,IN,신세계아이앤씨,신세계아이앤씨,1899-7495,1,2026-06-15 12:27:01,2026-06-07 18:33:00,2026-06-07 19:01:34,,,7.0,단독,28,28177,H0,H001,N,,Y,입주자 전용,Y,차지비 이관,N,2023,1,F,에바,IN032015_20,False,False,미추홀구,미추홀구,미추홀구,False,True,True,False,False
인천관교한신휴플러스,IN032015,21,2,인천광역시 미추홀구 경원대로 717,"101,05동 앞","101동, 105동 106동, 108동, 111동 112동, 118동",37.4469,126.6873,24시간 이용가능,IN,신세계아이앤씨,신세계아이앤씨,1899-7495,9,2026-06-15 12:27:01,2026-06-10 22:07:45,2026-06-11 09:01:28,,,7.0,단독,28,28177,H0,H001,N,,Y,입주자 전용,Y,차지비 이관,N,2023,1,F,에바,IN032015_21,False,False,미추홀구,미추홀구,미추홀구,False,True,True,False,False
남동제2공구상가,IN032016,1,2,인천광역시 남동구 논현고잔로109번길 106,남동제2공구상가 단지 2층 주차장,단지 2층 주차장,37.3949,126.7079,24시간 이용가능,IN,신세계아이앤씨,신세계아이앤씨,1899-7495,1,2026-06-15 12:27:01,2026-06-03 20:07:45,2026-06-03 20:41:16,,,7.0,단독,28,28200,G0,G004,N,,N,,Y,차지비 이관,N,2023,2,F,에바,IN032016_01,False,False,남동구,남동구,남동구,False,True,False,False,False
남동제2공구상가,IN032016,2,2,인천광역시 남동구 논현고잔로109번길 106,남동제2공구상가 단지 2층 주차장,단지 2층 주차장,37.3949,126.7079,24시간 이용가능,IN,신세계아이앤씨,신세계아이앤씨,1899-7495,1,2026-06-15 12:27:01,2026-06-07 13:52:23,2026-06-07 14:01:28,,,7.0,단독,28,28200,G0,G004,N,,N,,Y,차지비 이관,N,2023,2,F,에바,IN032016_02,False,False,남동구,남동구,남동구,False,True,False,False,False
남동제2공구상가,IN032016,3,2,인천광역시 남동구 논현고잔로109번길 106,남동제2공구상가 단지 2층 주차장,단지 2층 주차장,37.3949,126.7079,24시간 이용가능,IN,신세계아이앤씨,신세계아이앤씨,1899-7495,1,2026-06-15 12:27:01,2026-06-10 19:48:53,2026-06-10 19:41:17,,,7.0,단독,28,28200,G0,G004,N,,N,,Y,차지비 이관,N,2023,2,F,에바,IN032016_03,False,False,남동구,남동구,남동구,False,True,False,False,False
남동제2공구상가,IN032016,4,2,인천광역시 남동구 논현고잔로109번길 106,남동제2공구상가 단지 2층 주차장,단지 2층 주차장,37.3949,126.7079,24시간 이용가능,IN,신세계아이앤씨,신세계아이앤씨,1899-7495,1,2026-06-15 12:27:01,2026-06-10 19:52:15,2026-06-10 20:01:35,,,7.0,단독,28,28200,G0,G004,N,,N,,Y,차지비 이관,N,2023,2,F,에바,IN032016_04,False,False,남동구,남동구,남동구,False,True,False,False,False
롯데캐슬골드아파트,IN032017,1,2,인천광역시 남동구 호구포로 803,지하1층 주차장,지하1층 주차장,37.453,126.7167,24시간 이용가능,IN,신세계아이앤씨,신세계아이앤씨,1899-7495,1,2026-06-15 12:27:01,2026-06-06 14:01:59,2026-06-06 17:41:23,,,7.0,단독,28,28200,H0,H001,N,,Y,입주자 전용,Y,차지비 이관,N,2023,1,B,에바,IN032017_01,False,False,남동구,남동구,남동구,False,True,True,False,False
롯데캐슬골드아파트,IN032017,2,2,인천광역시 남동구 호구포로 803,지하1층 주차장,지하1층 주차장,37.453,126.7167,24시간 이용가능,IN,신세계아이앤씨,신세계아이앤씨,1899-7495,1,2026-06-15 12:27:01,2026-06-07 00:41:15,2026-06-07 10:01:39,,,7.0,단독,28,28200,H0,H001,N,,Y,입주자 전용,Y,차지비 이관,N,2023,1,B,에바,IN032017_02,False,False,남동구,남동구,남동구,False,True,True,False,False
롯데캐슬골드아파트,IN032017,3,2,인천광역시 남동구 호구포로 803,지하1층 주차장,지하1층 주차장,37.453,126.7167,24시간 이용가능,IN,신세계아이앤씨,신세계아이앤씨,1899-7495,1,2026-06-15 12:27:01,2026-06-11 03:23:21,2026-06-11 07:21:23,,,7.0,단독,28,28200,H0,H001,N,,Y,입주자 전용,Y,차지비 이관,N,2023,1,B,에바,IN032017_03,False,False,남동구,남동구,남동구,False,True,True,False,False
롯데캐슬골드아파트,IN032017,4,2,인천광역시 남동구 호구포로 803,지하1층 주차장,지하1층 주차장,37.453,126.7167,24시간 이용가능,IN,신세계아이앤씨,신세계아이앤씨,1899-7495,1,2026-06-15 12:27:01,2026-06-04 17:28:21,2026-06-04 23:41:16,,,7.0,단독,28,28200,H0,H001,N,,Y,입주자 전용,Y,차지비 이관,N,2023,1,B,에바,IN032017_04,False,False,남동구,남동구,남동구,False,True,True,False,False
롯데캐슬골드아파트,IN032017,5,2,인천광역시 남동구 호구포로 803,지하1층 주차장,지하1층 주차장,37.453,126.7167,24시간 이용가능,IN,신세계아이앤씨,신세계아이앤씨,1899-7495,1,2026-06-15 12:27:01,2026-06-09 14:45:42,2026-06-09 18:01:27,,,7.0,단독,28,28200,H0,H001,N,,Y,입주자 전용,Y,차지비 이관,N,2023,1,B,에바,IN032017_05,False,False,남동구,남동구,남동구,False,True,True,False,False
롯데캐슬골드아파트,IN032017,6,2,인천광역시 남동구 호구포로 803,지하1층 주차장,지하1층 주차장,37.453,126.7167,24시간 이용가능,IN,신세계아이앤씨,신세계아이앤씨,1899-7495,2,2026-06-15 12:27:01,2026-06-11 09:31:04,2026-06-11 17:21:27,,,7.0,단독,28,28200,H0,H001,N,,Y,입주자 전용,Y,차지비 이관,N,2023,1,B,에바,IN032017_06,False,False,남동구,남동구,남동구,False,True,True,False,False
롯데캐슬골드아파트,IN032017,7,2,인천광역시 남동구 호구포로 803,지하1층 주차장,지하1층 주차장,37.453,126.7167,24시간 이용가능,IN,신세계아이앤씨,신세계아이앤씨,1899-7495,9,2026-06-15 12:27:01,2026-06-09 09:46:57,2026-06-09 12:01:36,,,7.0,단독,28,28200,H0,H001,N,,Y,입주자 전용,Y,차지비 이관,N,2023,1,B,에바,IN032017_07,False,False,남동구,남동구,남동구,False,True,True,False,False
롯데캐슬골드아파트,IN032017,8,2,인천광역시 남동구 호구포로 803,지하1층 주차장,지하1층 주차장,37.453,126.7167,24시간 이용가능,IN,신세계아이앤씨,신세계아이앤씨,1899-7495,9,2026-06-15 12:27:01,2026-06-10 12:57:14,2026-06-10 18:41:14,,,7.0,단독,28,28200,H0,H001,N,,Y,입주자 전용,Y,차지비 이관,N,2023,1,B,에바,IN032017_08,False,False,남동구,남동구,남동구,False,True,True,False,False
롯데캐슬골드아파트,IN032017,9,2,인천광역시 남동구 호구포로 803,지하1층 주차장,지하1층 주차장,37.453,126.7167,24시간 이용가능,IN,신세계아이앤씨,신세계아이앤씨,1899-7495,9,2026-06-15 12:27:01,2026-06-11 04:54:35,2026-06-11 06:41:16,,,7.0,단독,28,28200,H0,H001,N,,Y,입주자 전용,Y,차지비 이관,N,2023,1,B,에바,IN032017_09,False,False,남동구,남동구,남동구,False,True,True,False,False
롯데캐슬골드아파트,IN032017,10,2,인천광역시 남동구 호구포로 803,지하1층 주차장,지하1층 주차장,37.453,126.7167,24시간 이용가능,IN,신세계아이앤씨,신세계아이앤씨,1899-7495,9,2026-06-15 12:27:01,2026-06-10 22:34:04,2026-06-11 07:41:16,,,7.0,단독,28,28200,H0,H001,N,,Y,입주자 전용,Y,차지비 이관,N,2023,1,B,에바,IN032017_10,False,False,남동구,남동구,남동구,False,True,True,False,False
롯데캐슬골드아파트,IN032017,11,2,인천광역시 남동구 호구포로 803,지하1층 주차장,지하1층 주차장,37.453,126.7167,24시간 이용가능,IN,신세계아이앤씨,신세계아이앤씨,1899-7495,2,2026-06-15 12:27:01,2026-06-11 10:42:53,2026-06-11 19:01:29,,,7.0,단독,28,28200,H0,H001,N,,Y,입주자 전용,Y,차지비 이관,N,2023,1,B,에바,IN032017_11,False,False,남동구,남동구,남동구,False,True,True,False,False
롯데캐슬골드아파트,IN032017,12,2,인천광역시 남동구 호구포로 803,지하1층 주차장,지하1층 주차장,37.453,126.7167,24시간 이용가능,IN,신세계아이앤씨,신세계아이앤씨,1899-7495,9,2026-06-15 12:27:02,2026-06-11 04:29:30,2026-06-11 10:01:40,,,7.0,단독,28,28200,H0,H001,N,,Y,입주자 전용,Y,차지비 이관,N,2023,1,B,에바,IN032017_12,False,False,남동구,남동구,남동구,False,True,True,False,False
롯데캐슬골드아파트,IN032017,13,2,인천광역시 남동구 호구포로 803,지하1층 주차장,지하1층 주차장,37.453,126.7167,24시간 이용가능,IN,신세계아이앤씨,신세계아이앤씨,1899-7495,9,2026-06-15 12:27:02,2026-06-09 04:30:35,2026-06-09 10:01:41,,,7.0,단독,28,28200,H0,H001,N,,Y,입주자 전용,Y,차지비 이관,N,2023,1,B,에바,IN032017_13,False,False,남동구,남동구,남동구,False,True,True,False,False
롯데캐슬골드아파트,IN032017,14,2,인천광역시 남동구 호구포로 803,지하1층 주차장,지하1층 주차장,37.453,126.7167,24시간 이용가능,IN,신세계아이앤씨,신세계아이앤씨,1899-7495,9,2026-06-15 12:27:02,2026-06-09 06:06:53,2026-06-09 06:21:16,,,7.0,단독,28,28200,H0,H001,N,,Y,입주자 전용,Y,차지비 이관,N,2023,1,B,에바,IN032017_14,False,False,남동구,남동구,남동구,False,True,True,False,False
롯데캐슬골드아파트,IN032017,15,2,인천광역시 남동구 호구포로 803,지하1층 주차장,지하1층 주차장,37.453,126.7167,24시간 이용가능,IN,신세계아이앤씨,신세계아이앤씨,1899-7495,9,2026-06-15 12:27:02,2026-06-10 23:08:50,2026-06-11 05:21:13,,,7.0,단독,28,28200,H0,H001,N,,Y,입주자 전용,Y,차지비 이관,N,2023,1,B,에바,IN032017_15,False,False,남동구,남동구,남동구,False,True,True,False,False
롯데캐슬골드아파트,IN032017,16,2,인천광역시 남동구 호구포로 803,지하1층 주차장,지하1층 주차장,37.453,126.7167,24시간 이용가능,IN,신세계아이앤씨,신세계아이앤씨,1899-7495,9,2026-06-15 12:27:02,2026-06-09 19:40:06,2026-06-10 07:41:16,,,7.0,단독,28,28200,H0,H001,N,,Y,입주자 전용,Y,차지비 이관,N,2023,1,B,에바,IN032017_16,False,False,남동구,남동구,남동구,False,True,True,False,False
롯데캐슬골드아파트,IN032017,17,2,인천광역시 남동구 호구포로 803,지하1층 주차장,지하1층 주차장,37.453,126.7167,24시간 이용가능,IN,신세계아이앤씨,신세계아이앤씨,1899-7495,9,2026-06-15 12:27:02,2026-06-11 09:50:45,2026-06-11 09:41:14,,,7.0,단독,28,28200,H0,H001,N,,Y,입주자 전용,Y,차지비 이관,N,2023,1,B,에바,IN032017_17,False,False,남동구,남동구,남동구,False,True,True,False,False
롯데캐슬골드아파트,IN032017,18,2,인천광역시 남동구 호구포로 803,지하1층 주차장,지하1층 주차장,37.453,126.7167,24시간 이용가능,IN,신세계아이앤씨,신세계아이앤씨,1899-7495,9,2026-06-15 12:27:02,2026-06-10 23:31:04,2026-06-11 08:01:30,,,7.0,단독,28,28200,H0,H001,N,,Y,입주자 전용,Y,차지비 이관,N,2023,1,B,에바,IN032017_18,False,False,남동구,남동구,남동구,False,True,True,False,False
롯데캐슬골드아파트,IN032017,19,2,인천광역시 남동구 호구포로 803,지하1층 주차장,지하1층 주차장,37.453,126.7167,24시간 이용가능,IN,신세계아이앤씨,신세계아이앤씨,1899-7495,9,2026-06-15 12:27:02,2026-04-05 14:09:15,2026-04-05 14:21:18,,,7.0,단독,28,28200,H0,H001,N,,Y,입주자 전용,Y,차지비 이관,N,2023,1,B,에바,IN032017_19,False,False,남동구,남동구,남동구,False,True,True,False,False
롯데캐슬골드아파트,IN032017,20,2,인천광역시 남동구 호구포로 803,지하1층 주차장,지하1층 주차장,37.453,126.7167,24시간 이용가능,IN,신세계아이앤씨,신세계아이앤씨,1899-7495,9,2026-06-15 12:27:02,2026-06-09 10:55:54,2026-06-09 11:01:31,,,7.0,단독,28,28200,H0,H001,N,,Y,입주자 전용,Y,차지비 이관,N,2023,1,B,에바,IN032017_20,False,False,남동구,남동구,남동구,False,True,True,False,False
롯데캐슬골드아파트,IN032017,21,2,인천광역시 남동구 호구포로 803,지하1층 주차장,지하1층 주차장,37.453,126.7167,24시간 이용가능,IN,신세계아이앤씨,신세계아이앤씨,1899-7495,9,2026-06-15 12:27:02,2026-06-08 18:03:46,2026-06-08 20:41:16,,,7.0,단독,28,28200,H0,H001,N,,Y,입주자 전용,Y,차지비 이관,N,2023,1,B,에바,IN032017_21,False,False,남동구,남동구,남동구,False,True,True,False,False
롯데캐슬골드아파트,IN032017,22,2,인천광역시 남동구 호구포로 803,지하1층 주차장,지하1층 주차장,37.453,126.7167,24시간 이용가능,IN,신세계아이앤씨,신세계아이앤씨,1899-7495,9,2026-06-15 12:27:02,2026-06-11 02:54:35,2026-06-11 09:01:29,,,7.0,단독,28,28200,H0,H001,N,,Y,입주자 전용,Y,차지비 이관,N,2023,1,B,에바,IN032017_22,False,False,남동구,남동구,남동구,False,True,True,False,False
롯데캐슬골드아파트,IN032017,23,2,인천광역시 남동구 호구포로 803,지하1층 주차장,지하1층 주차장,37.453,126.7167,24시간 이용가능,IN,신세계아이앤씨,신세계아이앤씨,1899-7495,9,2026-06-15 12:27:02,2026-04-05 18:49:00,2026-04-04 12:41:21,,,7.0,단독,28,28200,H0,H001,N,,Y,입주자 전용,Y,차지비 이관,N,2023,1,B,에바,IN032017_23,False,False,남동구,남동구,남동구,False,True,True,False,False
롯데캐슬골드아파트,IN032017,24,2,인천광역시 남동구 호구포로 803,지하1층 주차장,지하1층 주차장,37.453,126.7167,24시간 이용가능,IN,신세계아이앤씨,신세계아이앤씨,1899-7495,9,2026-06-15 12:27:02,2026-06-11 05:21:52,2026-06-11 06:41:16,,,7.0,단독,28,28200,H0,H001,N,,Y,입주자 전용,Y,차지비 이관,N,2023,1,B,에바,IN032017_24,False,False,남동구,남동구,남동구,False,True,True,False,False
롯데캐슬골드아파트,IN032017,25,2,인천광역시 남동구 호구포로 803,지하1층 주차장,지하1층 주차장,37.453,126.7167,24시간 이용가능,IN,신세계아이앤씨,신세계아이앤씨,1899-7495,9,2026-06-15 12:27:02,2026-06-10 23:14:32,2026-06-11 08:41:16,,,7.0,단독,28,28200,H0,H001,N,,Y,입주자 전용,Y,차지비 이관,N,2023,1,B,에바,IN032017_25,False,False,남동구,남동구,남동구,False,True,True,False,False
롯데캐슬골드아파트,IN032017,26,2,인천광역시 남동구 호구포로 803,지하1층 주차장,지하1층 주차장,37.453,126.7167,24시간 이용가능,IN,신세계아이앤씨,신세계아이앤씨,1899-7495,9,2026-06-15 12:27:02,2026-06-10 08:56:08,2026-06-10 09:21:42,,,7.0,단독,28,28200,H0,H001,N,,Y,입주자 전용,Y,차지비 이관,N,2023,1,B,에바,IN032017_26,False,False,남동구,남동구,남동구,False,True,True,False,False
롯데캐슬골드아파트,IN032017,27,2,인천광역시 남동구 호구포로 803,지하1층 주차장,지하1층 주차장,37.453,126.7167,24시간 이용가능,IN,신세계아이앤씨,신세계아이앤씨,1899-7495,9,2026-06-15 12:27:02,2026-06-11 00:11:21,2026-06-11 07:21:23,,,7.0,단독,28,28200,H0,H001,N,,Y,입주자 전용,Y,차지비 이관,N,2023,1,B,에바,IN032017_27,False,False,남동구,남동구,남동구,False,True,True,False,False
롯데캐슬골드아파트,IN032017,28,2,인천광역시 남동구 호구포로 803,지하1층 주차장,지하1층 주차장,37.453,126.7167,24시간 이용가능,IN,신세계아이앤씨,신세계아이앤씨,1899-7495,9,2026-06-15 12:27:02,2026-06-11 00:03:01,2026-06-11 10:01:40,,,7.0,단독,28,28200,H0,H001,N,,Y,입주자 전용,Y,차지비 이관,N,2023,1,B,에바,IN032017_28,False,False,남동구,남동구,남동구,False,True,True,False,False
롯데캐슬골드아파트,IN032017,29,2,인천광역시 남동구 호구포로 803,지하1층 주차장,지하1층 주차장,37.453,126.7167,24시간 이용가능,IN,신세계아이앤씨,신세계아이앤씨,1899-7495,9,2026-06-15 12:27:02,2026-06-11 03:16:06,2026-06-11 09:01:29,,,7.0,단독,28,28200,H0,H001,N,,Y,입주자 전용,Y,차지비 이관,N,2023,1,B,에바,IN032017_29,False,False,남동구,남동구,남동구,False,True,True,False,False
롯데캐슬골드아파트,IN032017,30,2,인천광역시 남동구 호구포로 803,지하1층 주차장,지하1층 주차장,37.453,126.7167,24시간 이용가능,IN,신세계아이앤씨,신세계아이앤씨,1899-7495,9,2026-06-15 12:27:02,2026-05-29 19:53:28,2026-05-29 20:41:19,,,7.0,단독,28,28200,H0,H001,N,,Y,입주자 전용,Y,차지비 이관,N,2023,1,B,에바,IN032017_30,False,False,남동구,남동구,남동구,False,True,True,False,False
롯데캐슬골드아파트,IN032017,31,2,인천광역시 남동구 호구포로 803,지하1층 주차장,지하1층 주차장,37.453,126.7167,24시간 이용가능,IN,신세계아이앤씨,신세계아이앤씨,1899-7495,9,2026-06-15 12:27:02,2026-05-23 14:10:38,2026-05-23 22:21:33,,,7.0,단독,28,28200,H0,H001,N,,Y,입주자 전용,Y,차지비 이관,N,2023,1,B,에바,IN032017_31,False,False,남동구,남동구,남동구,False,True,True,False,False
롯데캐슬골드아파트,IN032017,32,2,인천광역시 남동구 호구포로 803,지하1층 주차장,지하1층 주차장,37.453,126.7167,24시간 이용가능,IN,신세계아이앤씨,신세계아이앤씨,1899-7495,9,2026-06-15 12:27:02,2026-06-09 00:54:04,2026-06-09 13:41:38,,,7.0,단독,28,28200,H0,H001,N,,Y,입주자 전용,Y,차지비 이관,N,2023,1,B,에바,IN032017_32,False,False,남동구,남동구,남동구,False,True,True,False,False
롯데캐슬골드아파트,IN032017,33,2,인천광역시 남동구 호구포로 803,지하1층 주차장,지하1층 주차장,37.453,126.7167,24시간 이용가능,IN,신세계아이앤씨,신세계아이앤씨,1899-7495,9,2026-06-15 12:27:02,2026-06-11 03:09:27,2026-06-11 05:41:15,,,7.0,단독,28,28200,H0,H001,N,,Y,입주자 전용,Y,차지비 이관,N,2023,1,B,에바,IN032017_33,False,False,남동구,남동구,남동구,False,True,True,False,False
롯데캐슬골드아파트,IN032017,34,2,인천광역시 남동구 호구포로 803,지하1층 주차장,지하1층 주차장,37.453,126.7167,24시간 이용가능,IN,신세계아이앤씨,신세계아이앤씨,1899-7495,9,2026-06-15 12:27:03,2026-06-06 21:54:33,2026-06-08 17:01:43,,,7.0,단독,28,28200,H0,H001,N,,Y,입주자 전용,Y,차지비 이관,N,2023,1,B,에바,IN032017_34,False,False,남동구,남동구,남동구,False,True,True,False,False
롯데캐슬골드아파트,IN032017,35,2,인천광역시 남동구 호구포로 803,지하1층 주차장,지하1층 주차장,37.453,126.7167,24시간 이용가능,IN,신세계아이앤씨,신세계아이앤씨,1899-7495,9,2026-06-15 12:27:03,2026-06-10 23:58:29,2026-06-11 09:01:29,,,7.0,단독,28,28200,H0,H001,N,,Y,입주자 전용,Y,차지비 이관,N,2023,1,B,에바,IN032017_35,False,False,남동구,남동구,남동구,False,True,True,False,False
롯데캐슬골드아파트,IN032017,36,2,인천광역시 남동구 호구포로 803,지하1층 주차장,지하1층 주차장,37.453,126.7167,24시간 이용가능,IN,신세계아이앤씨,신세계아이앤씨,1899-7495,9,2026-06-15 12:27:03,2026-06-09 13:21:01,2026-06-09 13:41:38,,,7.0,단독,28,28200,H0,H001,N,,Y,입주자 전용,Y,차지비 이관,N,2023,1,B,에바,IN032017_36,False,False,남동구,남동구,남동구,False,True,True,False,False
롯데캐슬골드아파트,IN032017,37,2,인천광역시 남동구 호구포로 803,지하1층 주차장,지하1층 주차장,37.453,126.7167,24시간 이용가능,IN,신세계아이앤씨,신세계아이앤씨,1899-7495,9,2026-06-15 12:27:03,2026-06-10 23:16:57,2026-06-11 08:01:31,,,7.0,단독,28,28200,H0,H001,N,,Y,입주자 전용,Y,차지비 이관,N,2023,1,B,에바,IN032017_37,False,False,남동구,남동구,남동구,False,True,True,False,False
롯데캐슬골드아파트,IN032017,38,2,인천광역시 남동구 호구포로 803,지하1층 주차장,지하1층 주차장,37.453,126.7167,24시간 이용가능,IN,신세계아이앤씨,신세계아이앤씨,1899-7495,9,2026-06-15 12:27:03,2026-06-11 07:37:22,2026-06-11 12:21:17,,,7.0,단독,28,28200,H0,H001,N,,Y,입주자 전용,Y,차지비 이관,N,2023,1,B,에바,IN032017_38,False,False,남동구,남동구,남동구,False,True,True,False,False
롯데캐슬골드아파트,IN032017,39,2,인천광역시 남동구 호구포로 803,지하1층 주차장,지하1층 주차장,37.453,126.7167,24시간 이용가능,IN,신세계아이앤씨,신세계아이앤씨,1899-7495,9,2026-06-15 12:27:03,2026-06-09 03:43:05,2026-06-09 06:41:13,,,7.0,단독,28,28200,H0,H001,N,,Y,입주자 전용,Y,차지비 이관,N,2023,1,B,에바,IN032017_39,False,False,남동구,남동구,남동구,False,True,True,False,False
롯데캐슬골드아파트,IN032017,40,2,인천광역시 남동구 호구포로 803,지하1층 주차장,지하1층 주차장,37.453,126.7167,24시간 이용가능,IN,신세계아이앤씨,신세계아이앤씨,1899-7495,3,2026-06-15 12:27:03,2026-06-10 19:04:09,2026-06-10 19:01:31,2026-06-10 19:21:36,,7.0,단독,28,28200,H0,H001,N,,Y,입주자 전용,Y,차지비 이관,N,2023,1,B,에바,IN032017_40,False,False,남동구,남동구,남동구,False,True,True,False,False
롯데캐슬골드아파트,IN032017,41,2,인천광역시 남동구 호구포로 803,지하1층 주차장,지하1층 주차장,37.453,126.7167,24시간 이용가능,IN,신세계아이앤씨,신세계아이앤씨,1899-7495,9,2026-06-15 12:27:03,2026-06-08 23:46:42,2026-06-09 06:41:13,,,7.0,단독,28,28200,H0,H001,N,,Y,입주자 전용,Y,차지비 이관,N,2023,1,B,에바,IN032017_41,False,False,남동구,남동구,남동구,False,True,True,False,False
롯데캐슬골드아파트,IN032017,42,2,인천광역시 남동구 호구포로 803,지하1층 주차장,지하1층 주차장,37.453,126.7167,24시간 이용가능,IN,신세계아이앤씨,신세계아이앤씨,1899-7495,9,2026-06-15 12:27:03,2025-12-15 21:20:50,2025-12-15 21:41:16,,,7.0,단독,28,28200,H0,H001,N,,Y,입주자 전용,Y,차지비 이관,N,2023,1,B,에바,IN032017_42,False,False,남동구,남동구,남동구,False,True,True,False,False
롯데캐슬골드아파트,IN032017,43,2,인천광역시 남동구 호구포로 803,지하1층 주차장,지하1층 주차장,37.453,126.7167,24시간 이용가능,IN,신세계아이앤씨,신세계아이앤씨,1899-7495,9,2026-06-15 12:27:03,2026-06-10 19:04:17,2026-06-11 06:41:16,,,7.0,단독,28,28200,H0,H001,N,,Y,입주자 전용,Y,차지비 이관,N,2023,1,B,에바,IN032017_43,False,False,남동구,남동구,남동구,False,True,True,False,False
롯데캐슬골드아파트,IN032017,44,2,인천광역시 남동구 호구포로 803,지하1층 주차장,지하1층 주차장,37.453,126.7167,24시간 이용가능,IN,신세계아이앤씨,신세계아이앤씨,1899-7495,2,2026-06-15 12:27:03,2026-06-11 15:49:49,2026-06-11 16:01:30,,,7.0,단독,28,28200,H0,H001,N,,Y,입주자 전용,Y,차지비 이관,N,2023,1,B,에바,IN032017_44,False,False,남동구,남동구,남동구,False,True,True,False,False
롯데캐슬골드아파트,IN032017,45,2,인천광역시 남동구 호구포로 803,지하1층 주차장,지하1층 주차장,37.453,126.7167,24시간 이용가능,IN,신세계아이앤씨,신세계아이앤씨,1899-7495,9,2026-06-15 12:27:04,2026-06-10 23:59:38,2026-06-11 07:21:23,,,7.0,단독,28,28200,H0,H001,N,,Y,입주자 전용,Y,차지비 이관,N,2023,1,B,에바,IN032017_45,False,False,남동구,남동구,남동구,False,True,True,False,False
롯데캐슬골드아파트,IN032017,46,2,인천광역시 남동구 호구포로 803,지하1층 주차장,지하1층 주차장,37.453,126.7167,24시간 이용가능,IN,신세계아이앤씨,신세계아이앤씨,1899-7495,9,2026-06-15 12:27:04,2026-06-06 00:30:43,2026-06-06 09:21:16,,,7.0,단독,28,28200,H0,H001,N,,Y,입주자 전용,Y,차지비 이관,N,2023,1,B,에바,IN032017_46,False,False,남동구,남동구,남동구,False,True,True,False,False
롯데캐슬골드아파트,IN032017,47,2,인천광역시 남동구 호구포로 803,지하1층 주차장,지하1층 주차장,37.453,126.7167,24시간 이용가능,IN,신세계아이앤씨,신세계아이앤씨,1899-7495,9,2026-06-15 12:27:04,2026-06-02 11:12:19,2026-06-02 11:01:35,,,7.0,단독,28,28200,H0,H001,N,,Y,입주자 전용,Y,차지비 이관,N,2023,1,B,에바,IN032017_47,False,False,남동구,남동구,남동구,False,True,True,False,False
롯데캐슬골드아파트,IN032017,48,2,인천광역시 남동구 호구포로 803,지하1층 주차장,지하1층 주차장,37.453,126.7167,24시간 이용가능,IN,신세계아이앤씨,신세계아이앤씨,1899-7495,9,2026-06-15 12:27:04,2026-05-27 09:30:00,2026-05-27 10:21:25,,,7.0,단독,28,28200,H0,H001,N,,Y,입주자 전용,Y,차지비 이관,N,2023,1,B,에바,IN032017_48,False,False,남동구,남동구,남동구,False,True,True,False,False
롯데캐슬골드아파트,IN032017,49,2,인천광역시 남동구 호구포로 803,지하1층 주차장,지하1층 주차장,37.453,126.7167,24시간 이용가능,IN,신세계아이앤씨,신세계아이앤씨,1899-7495,1,2026-06-15 12:27:04,2026-06-01 20:17:29,2026-06-02 05:41:24,,,7.0,단독,28,28200,H0,H001,N,,Y,입주자 전용,Y,차지비 이관,N,2023,1,B,에바,IN032017_49,False,False,남동구,남동구,남동구,False,True,True,False,False
롯데캐슬골드아파트,IN032017,50,2,인천광역시 남동구 호구포로 803,지하1층 주차장,지하1층 주차장,37.453,126.7167,24시간 이용가능,IN,신세계아이앤씨,신세계아이앤씨,1899-7495,1,2026-06-15 12:27:04,2026-05-22 00:46:12,2026-05-22 06:01:33,,,7.0,단독,28,28200,H0,H001,N,,Y,입주자 전용,Y,차지비 이관,N,2023,1,B,에바,IN032017_50,False,False,남동구,남동구,남동구,False,True,True,False,False
롯데캐슬골드아파트,IN032017,51,2,인천광역시 남동구 호구포로 803,지하1층 주차장,지하1층 주차장,37.453,126.7167,24시간 이용가능,IN,신세계아이앤씨,신세계아이앤씨,1899-7495,1,2026-06-15 12:27:04,2026-06-07 19:05:18,2026-06-07 21:21:19,,,7.0,단독,28,28200,H0,H001,N,,Y,입주자 전용,Y,차지비 이관,N,2023,1,B,에바,IN032017_51,False,False,남동구,남동구,남동구,False,True,True,False,False
롯데캐슬골드아파트,IN032017,52,2,인천광역시 남동구 호구포로 803,지하1층 주차장,지하1층 주차장,37.453,126.7167,24시간 이용가능,IN,신세계아이앤씨,신세계아이앤씨,1899-7495,1,2026-06-15 12:27:04,2026-06-10 22:45:21,2026-06-11 08:21:17,,,7.0,단독,28,28200,H0,H001,N,,Y,입주자 전용,Y,차지비 이관,N,2023,1,B,에바,IN032017_52,False,False,남동구,남동구,남동구,False,True,True,False,False
롯데캐슬골드아파트,IN032017,53,2,인천광역시 남동구 호구포로 803,지하1층 주차장,지하1층 주차장,37.453,126.7167,24시간 이용가능,IN,신세계아이앤씨,신세계아이앤씨,1899-7495,1,2026-06-15 12:27:04,2026-06-11 04:51:08,2026-06-11 08:01:31,,,7.0,단독,28,28200,H0,H001,N,,Y,입주자 전용,Y,차지비 이관,N,2023,1,B,에바,IN032017_53,False,False,남동구,남동구,남동구,False,True,True,False,False
롯데캐슬골드아파트,IN032017,54,2,인천광역시 남동구 호구포로 803,지하1층 주차장,지하1층 주차장,37.453,126.7167,24시간 이용가능,IN,신세계아이앤씨,신세계아이앤씨,1899-7495,1,2026-06-15 12:27:04,2026-06-07 01:54:59,2026-06-07 09:41:13,,,7.0,단독,28,28200,H0,H001,N,,Y,입주자 전용,Y,차지비 이관,N,2023,1,B,에바,IN032017_54,False,False,남동구,남동구,남동구,False,True,True,False,False
롯데캐슬골드아파트,IN032017,55,2,인천광역시 남동구 호구포로 803,지하1층 주차장,지하1층 주차장,37.453,126.7167,24시간 이용가능,IN,신세계아이앤씨,신세계아이앤씨,1899-7495,1,2026-06-15 12:27:04,2026-06-11 07:36:14,2026-06-11 07:21:23,,,7.0,단독,28,28200,H0,H001,N,,Y,입주자 전용,Y,차지비 이관,N,2023,1,B,에바,IN032017_55,False,False,남동구,남동구,남동구,False,True,True,False,False
롯데캐슬골드아파트,IN032017,56,2,인천광역시 남동구 호구포로 803,지하1층 주차장,지하1층 주차장,37.453,126.7167,24시간 이용가능,IN,신세계아이앤씨,신세계아이앤씨,1899-7495,2,2026-06-15 12:27:04,2026-06-11 07:14:01,2026-06-11 16:21:17,,,7.0,단독,28,28200,H0,H001,N,,Y,입주자 전용,Y,차지비 이관,N,2023,1,B,에바,IN032017_56,False,False,남동구,남동구,남동구,False,True,True,False,False
롯데캐슬골드아파트,IN032017,57,2,인천광역시 남동구 호구포로 803,지하1층 주차장,지하1층 주차장,37.453,126.7167,24시간 이용가능,IN,신세계아이앤씨,신세계아이앤씨,1899-7495,9,2026-06-15 12:27:04,2026-06-11 01:40:33,2026-06-11 09:01:29,,,7.0,단독,28,28200,H0,H001,N,,Y,입주자 전용,Y,차지비 이관,N,2023,1,B,에바,IN032017_57,False,False,남동구,남동구,남동구,False,True,True,False,False
롯데캐슬골드아파트,IN032017,58,2,인천광역시 남동구 호구포로 803,지하1층 주차장,지하1층 주차장,37.453,126.7167,24시간 이용가능,IN,신세계아이앤씨,신세계아이앤씨,1899-7495,9,2026-06-15 12:27:04,2026-06-10 22:32:31,2026-06-11 14:01:37,,,7.0,단독,28,28200,H0,H001,N,,Y,입주자 전용,Y,차지비 이관,N,2023,1,B,에바,IN032017_58,False,False,남동구,남동구,남동구,False,True,True,False,False
롯데캐슬골드아파트,IN032017,59,2,인천광역시 남동구 호구포로 803,지하1층 주차장,지하1층 주차장,37.453,126.7167,24시간 이용가능,IN,신세계아이앤씨,신세계아이앤씨,1899-7495,1,2026-06-15 12:27:04,2026-06-11 08:18:50,2026-06-11 08:21:17,,,7.0,단독,28,28200,H0,H001,N,,Y,입주자 전용,Y,차지비 이관,N,2023,1,B,에바,IN032017_59,False,False,남동구,남동구,남동구,False,True,True,False,False
롯데캐슬골드아파트,IN032017,60,2,인천광역시 남동구 호구포로 803,지하1층 주차장,지하1층 주차장,37.453,126.7167,24시간 이용가능,IN,신세계아이앤씨,신세계아이앤씨,1899-7495,1,2026-06-15 12:27:04,2026-06-10 13:11:03,2026-06-11 06:41:16,,,7.0,단독,28,28200,H0,H001,N,,Y,입주자 전용,Y,차지비 이관,N,2023,1,B,에바,IN032017_60,False,False,남동구,남동구,남동구,False,True,True,False,False
롯데캐슬골드아파트,IN032017,61,2,인천광역시 남동구 호구포로 803,지하1층 주차장,지하1층 주차장,37.453,126.7167,24시간 이용가능,IN,신세계아이앤씨,신세계아이앤씨,1899-7495,1,2026-06-15 12:27:04,2026-06-11 04:15:21,2026-06-11 06:41:16,,,7.0,단독,28,28200,H0,H001,N,,Y,입주자 전용,Y,차지비 이관,N,2023,1,B,에바,IN032017_61,False,False,남동구,남동구,남동구,False,True,True,False,False
롯데캐슬골드아파트,IN032017,62,2,인천광역시 남동구 호구포로 803,지하1층 주차장,지하1층 주차장,37.453,126.7167,24시간 이용가능,IN,신세계아이앤씨,신세계아이앤씨,1899-7495,9,2026-06-15 12:27:04,2026-06-11 05:08:13,2026-06-11 12:01:32,,,7.0,단독,28,28200,H0,H001,N,,Y,입주자 전용,Y,차지비 이관,N,2023,1,B,에바,IN032017_62,False,False,남동구,남동구,남동구,False,True,True,False,False
롯데캐슬골드아파트,IN032017,63,2,인천광역시 남동구 호구포로 803,지하1층 주차장,지하1층 주차장,37.453,126.7167,24시간 이용가능,IN,신세계아이앤씨,신세계아이앤씨,1899-7495,1,2026-06-15 12:27:04,2026-06-10 22:21:39,2026-06-11 05:21:14,,,7.0,단독,28,28200,H0,H001,N,,Y,입주자 전용,Y,차지비 이관,N,2023,1,B,에바,IN032017_63,False,False,남동구,남동구,남동구,False,True,True,False,False
롯데캐슬골드아파트,IN032017,64,2,인천광역시 남동구 호구포로 803,지하1층 주차장,지하1층 주차장,37.453,126.7167,24시간 이용가능,IN,신세계아이앤씨,신세계아이앤씨,1899-7495,2,2026-06-15 12:27:05,2026-06-11 13:12:17,2026-06-11 20:01:48,,,7.0,단독,28,28200,H0,H001,N,,Y,입주자 전용,Y,차지비 이관,N,2023,1,B,에바,IN032017_64,False,False,남동구,남동구,남동구,False,True,True,False,False
롯데캐슬골드아파트,IN032017,65,2,인천광역시 남동구 호구포로 803,지하1층 주차장,지하1층 주차장,37.453,126.7167,24시간 이용가능,IN,신세계아이앤씨,신세계아이앤씨,1899-7495,1,2026-06-15 12:27:05,2026-06-08 06:21:15,2026-06-08 23:21:24,,,7.0,단독,28,28200,H0,H001,N,,Y,입주자 전용,Y,차지비 이관,N,2023,1,B,에바,IN032017_65,False,False,남동구,남동구,남동구,False,True,True,False,False
롯데캐슬골드아파트,IN032017,66,2,인천광역시 남동구 호구포로 803,지하1층 주차장,지하1층 주차장,37.453,126.7167,24시간 이용가능,IN,신세계아이앤씨,신세계아이앤씨,1899-7495,1,2026-06-15 12:27:05,2026-06-09 22:14:04,2026-06-10 05:41:15,,,7.0,단독,28,28200,H0,H001,N,,Y,입주자 전용,Y,차지비 이관,N,2023,1,B,에바,IN032017_66,False,False,남동구,남동구,남동구,False,True,True,False,False
롯데캐슬골드아파트,IN032017,67,2,인천광역시 남동구 호구포로 803,지하1층 주차장,지하1층 주차장,37.453,126.7167,24시간 이용가능,IN,신세계아이앤씨,신세계아이앤씨,1899-7495,1,2026-06-15 12:27:05,2026-06-10 04:02:28,2026-06-10 04:41:17,,,7.0,단독,28,28200,H0,H001,N,,Y,입주자 전용,Y,차지비 이관,N,2023,1,B,에바,IN032017_67,False,False,남동구,남동구,남동구,False,True,True,False,False
롯데캐슬골드아파트,IN032017,68,2,인천광역시 남동구 호구포로 803,지하1층 주차장,지하1층 주차장,37.453,126.7167,24시간 이용가능,IN,신세계아이앤씨,신세계아이앤씨,1899-7495,1,2026-06-15 12:27:05,2026-06-11 03:16:21,2026-06-11 08:21:17,,,7.0,단독,28,28200,H0,H001,N,,Y,입주자 전용,Y,차지비 이관,N,2023,1,B,에바,IN032017_68,False,False,남동구,남동구,남동구,False,True,True,False,False
롯데캐슬골드아파트,IN032017,69,2,인천광역시 남동구 호구포로 803,지하1층 주차장,지하1층 주차장,37.453,126.7167,24시간 이용가능,IN,신세계아이앤씨,신세계아이앤씨,1899-7495,1,2026-06-15 12:27:05,2026-06-10 23:07:06,2026-06-11 08:01:31,,,7.0,단독,28,28200,H0,H001,N,,Y,입주자 전용,Y,차지비 이관,N,2023,1,B,에바,IN032017_69,False,False,남동구,남동구,남동구,False,True,True,False,False
롯데캐슬골드아파트,IN032017,70,2,인천광역시 남동구 호구포로 803,지하1층 주차장,지하1층 주차장,37.453,126.7167,24시간 이용가능,IN,신세계아이앤씨,신세계아이앤씨,1899-7495,1,2026-06-15 12:27:05,2026-06-09 05:54:11,2026-06-09 06:01:13,,,7.0,단독,28,28200,H0,H001,N,,Y,입주자 전용,Y,차지비 이관,N,2023,1,B,에바,IN032017_70,False,False,남동구,남동구,남동구,False,True,True,False,False
롯데캐슬골드아파트,IN032017,71,2,인천광역시 남동구 호구포로 803,지하1층 주차장,지하1층 주차장,37.453,126.7167,24시간 이용가능,IN,신세계아이앤씨,신세계아이앤씨,1899-7495,1,2026-06-15 12:27:05,2026-06-11 04:41:15,2026-06-11 12:21:17,,,7.0,단독,28,28200,H0,H001,N,,Y,입주자 전용,Y,차지비 이관,N,2023,1,B,에바,IN032017_71,False,False,남동구,남동구,남동구,False,True,True,False,False
롯데캐슬골드아파트,IN032017,72,2,인천광역시 남동구 호구포로 803,지하1층 주차장,지하1층 주차장,37.453,126.7167,24시간 이용가능,IN,신세계아이앤씨,신세계아이앤씨,1899-7495,1,2026-06-15 12:27:05,2026-06-11 04:44:35,2026-06-11 05:21:14,,,7.0,단독,28,28200,H0,H001,N,,Y,입주자 전용,Y,차지비 이관,N,2023,1,B,에바,IN032017_72,False,False,남동구,남동구,남동구,False,True,True,False,False
롯데캐슬골드아파트,IN032017,73,2,인천광역시 남동구 호구포로 803,지하1층 주차장,지하1층 주차장,37.453,126.7167,24시간 이용가능,IN,신세계아이앤씨,신세계아이앤씨,1899-7495,1,2026-06-15 12:27:05,2026-06-08 15:02:39,2026-06-08 16:01:41,,,7.0,단독,28,28200,H0,H001,N,,Y,입주자 전용,Y,차지비 이관,N,2023,1,B,에바,IN032017_73,False,False,남동구,남동구,남동구,False,True,True,False,False
롯데캐슬골드아파트,IN032017,74,2,인천광역시 남동구 호구포로 803,지하1층 주차장,지하1층 주차장,37.453,126.7167,24시간 이용가능,IN,신세계아이앤씨,신세계아이앤씨,1899-7495,9,2026-06-15 12:27:05,2026-06-11 05:35:22,2026-06-11 09:41:15,,,7.0,단독,28,28200,H0,H001,N,,Y,입주자 전용,Y,차지비 이관,N,2023,1,B,에바,IN032017_74,False,False,남동구,남동구,남동구,False,True,True,False,False
롯데캐슬골드아파트,IN032017,75,2,인천광역시 남동구 호구포로 803,지하1층 주차장,지하1층 주차장,37.453,126.7167,24시간 이용가능,IN,신세계아이앤씨,신세계아이앤씨,1899-7495,1,2026-06-15 12:27:05,2026-06-01 01:32:01,2026-06-01 04:41:15,,,7.0,단독,28,28200,H0,H001,N,,Y,입주자 전용,Y,차지비 이관,N,2023,1,B,에바,IN032017_75,False,False,남동구,남동구,남동구,False,True,True,False,False
롯데캐슬골드아파트,IN032017,76,2,인천광역시 남동구 호구포로 803,지하1층 주차장,지하1층 주차장,37.453,126.7167,24시간 이용가능,IN,신세계아이앤씨,신세계아이앤씨,1899-7495,1,2026-06-15 12:27:05,2026-06-11 13:37:35,2026-06-11 13:41:16,,,7.0,단독,28,28200,H0,H001,N,,Y,입주자 전용,Y,차지비 이관,N,2023,1,B,에바,IN032017_76,False,False,남동구,남동구,남동구,False,True,True,False,False
롯데캐슬골드아파트,IN032017,77,2,인천광역시 남동구 호구포로 803,지하1층 주차장,지하1층 주차장,37.453,126.7167,24시간 이용가능,IN,신세계아이앤씨,신세계아이앤씨,1899-7495,1,2026-06-15 12:27:05,2026-06-07 04:25:32,2026-06-07 10:21:17,,,7.0,단독,28,28200,H0,H001,N,,Y,입주자 전용,Y,차지비 이관,N,2023,1,B,에바,IN032017_77,False,False,남동구,남동구,남동구,False,True,True,False,False
롯데캐슬골드아파트,IN032017,78,2,인천광역시 남동구 호구포로 803,지하1층 주차장,지하1층 주차장,37.453,126.7167,24시간 이용가능,IN,신세계아이앤씨,신세계아이앤씨,1899-7495,9,2026-06-15 12:27:05,2026-06-11 09:32:52,2026-06-11 09:41:15,,,7.0,단독,28,28200,H0,H001,N,,Y,입주자 전용,Y,차지비 이관,N,2023,1,B,에바,IN032017_78,False,False,남동구,남동구,남동구,False,True,True,False,False
롯데캐슬골드아파트,IN032017,79,2,인천광역시 남동구 호구포로 803,지하1층 주차장,지하1층 주차장,37.453,126.7167,24시간 이용가능,IN,신세계아이앤씨,신세계아이앤씨,1899-7495,3,2026-06-15 12:27:05,2026-06-11 04:59:36,2026-06-10 07:41:17,2026-06-10 20:42:31,,7.0,단독,28,28200,H0,H001,N,,Y,입주자 전용,Y,차지비 이관,N,2023,1,B,에바,IN032017_79,False,False,남동구,남동구,남동구,False,True,True,False,False
롯데캐슬골드아파트,IN032017,80,2,인천광역시 남동구 호구포로 803,지하1층 주차장,지하1층 주차장,37.453,126.7167,24시간 이용가능,IN,신세계아이앤씨,신세계아이앤씨,1899-7495,1,2026-06-15 12:27:06,2026-06-04 19:30:54,2026-06-05 09:41:18,,,7.0,단독,28,28200,H0,H001,N,,Y,입주자 전용,Y,차지비 이관,N,2023,1,B,에바,IN032017_80,False,False,남동구,남동구,남동구,False,True,True,False,False
롯데캐슬골드아파트,IN032017,81,2,인천광역시 남동구 호구포로 803,지하1층 주차장,지하1층 주차장,37.453,126.7167,24시간 이용가능,IN,신세계아이앤씨,신세계아이앤씨,1899-7495,1,2026-06-15 12:27:06,2026-06-09 16:01:25,2026-06-09 16:02:07,,,7.0,단독,28,28200,H0,H001,N,,Y,입주자 전용,Y,차지비 이관,N,2023,1,B,에바,IN032017_81,False,False,남동구,남동구,남동구,False,True,True,False,False
신성쇼핑타워,IN032018,1,2,인천광역시 미추홀구 주안중로 25,정문 지상주차장,정문 지상주차장,37.4605,126.6823,24시간 이용가능,IN,신세계아이앤씨,신세계아이앤씨,1899-7495,9,2026-06-15 12:27:06,2026-06-06 12:03:07,2026-06-06 12:21:17,,,7.0,단독,28,28177,E0,E001,N,,N,,Y,차지비 이관,N,2023,1,F,시그넷,IN032018_01,False,False,미추홀구,미추홀구,미추홀구,False,True,False,False,False
신성쇼핑타워,IN032018,2,2,인천광역시 미추홀구 주안중로 25,정문 지상주차장,정문 지상주차장,37.4605,126.6823,24시간 이용가능,IN,신세계아이앤씨,신세계아이앤씨,1899-7495,2,2026-06-23 19:21:17,2026-06-23 19:14:15,2026-06-23 19:21:17,,,7.0,단독,28,28177,E0,E001,N,,N,,Y,차지비 이관,N,2023,1,F,시그넷,IN032018_02,False,False,미추홀구,미추홀구,미추홀구,False,True,False,False,False
신성쇼핑타워,IN032018,3,2,인천광역시 미추홀구 주안중로 25,정문 지상주차장,정문 지상주차장,37.4605,126.6823,24시간 이용가능,IN,신세계아이앤씨,신세계아이앤씨,1899-7495,9,2026-06-15 12:27:06,2026-06-09 18:28:19,2026-06-09 18:41:14,,,7.0,단독,28,28177,E0,E001,N,,N,,Y,차지비 이관,N,2023,1,F,시그넷,IN032018_03,False,False,미추홀구,미추홀구,미추홀구,False,True,False,False,False
신성쇼핑타워,IN032018,4,2,인천광역시 미추홀구 주안중로 25,정문 지상주차장,정문 지상주차장,37.4605,126.6823,24시간 이용가능,IN,신세계아이앤씨,신세계아이앤씨,1899-7495,9,2026-06-15 12:27:06,2026-06-02 17:24:59,2026-06-02 17:41:22,,,7.0,단독,28,28177,E0,E001,N,,N,,Y,차지비 이관,N,2023,1,F,시그넷,IN032018_04,False,False,미추홀구,미추홀구,미추홀구,False,True,False,False,False
신성쇼핑타워,IN032018,5,2,인천광역시 미추홀구 주안중로 25,정문 지상주차장,정문 지상주차장,37.4605,126.6823,24시간 이용가능,IN,신세계아이앤씨,신세계아이앤씨,1899-7495,9,2026-06-15 12:27:06,2026-06-08 15:18:15,2026-06-08 15:41:16,,,7.0,단독,28,28177,E0,E001,N,,N,,Y,차지비 이관,N,2023,1,F,시그넷,IN032018_05,False,False,미추홀구,미추홀구,미추홀구,False,True,False,False,False
신성쇼핑타워,IN032018,6,2,인천광역시 미추홀구 주안중로 25,정문 지상주차장,정문 지상주차장,37.4605,126.6823,24시간 이용가능,IN,신세계아이앤씨,신세계아이앤씨,1899-7495,9,2026-06-15 12:27:06,2026-05-28 16:08:19,2026-05-28 16:21:33,,,7.0,단독,28,28177,E0,E001,N,,N,,Y,차지비 이관,N,2023,1,F,시그넷,IN032018_06,False,False,미추홀구,미추홀구,미추홀구,False,True,False,False,False
이마트T송림점,IN032019,1,2,인천광역시 제물포구 봉수대로 82,옥상주차장,옥상주차장,37.4829,126.6605,10:00~22:00,IN,신세계아이앤씨,신세계아이앤씨,1899-7495,1,2026-06-15 12:27:06,2026-05-30 13:49:02,2026-05-30 13:41:23,,,7.0,단독,28,28125,E0,E001,N,,N,,Y,차지비 이관,N,2024,2,F,에바,IN032019_01,False,False,제물포구,제물포구,제물포구,False,True,False,False,False
이마트T송림점,IN032019,2,2,인천광역시 제물포구 봉수대로 82,옥상주차장,옥상주차장,37.4829,126.6605,10:00~22:00,IN,신세계아이앤씨,신세계아이앤씨,1899-7495,1,2026-06-15 12:27:06,2026-06-06 19:16:03,2026-06-06 19:21:40,,,7.0,단독,28,28125,E0,E001,N,,N,,Y,차지비 이관,N,2024,2,F,에바,IN032019_02,False,False,제물포구,제물포구,제물포구,False,True,False,False,False
이마트T송림점,IN032019,3,2,인천광역시 제물포구 봉수대로 82,옥상주차장,옥상주차장,37.4829,126.6605,10:00~22:00,IN,신세계아이앤씨,신세계아이앤씨,1899-7495,1,2026-06-15 12:27:06,2026-05-17 17:05:41,2026-05-17 17:21:20,,,7.0,단독,28,28125,E0,E001,N,,N,,Y,차지비 이관,N,2024,2,F,에바,IN032019_03,False,False,제물포구,제물포구,제물포구,False,True,False,False,False
이마트T송림점,IN032019,4,2,인천광역시 제물포구 봉수대로 82,옥상주차장,옥상주차장,37.4829,126.6605,10:00~22:00,IN,신세계아이앤씨,신세계아이앤씨,1899-7495,1,2026-06-15 12:27:06,2026-05-17 15:49:55,2026-05-17 16:01:49,,,7.0,단독,28,28125,E0,E001,N,,N,,Y,차지비 이관,N,2024,2,F,에바,IN032019_04,False,False,제물포구,제물포구,제물포구,False,True,False,False,False
이마트T송림점,IN032019,5,2,인천광역시 제물포구 봉수대로 82,옥상주차장,옥상주차장,37.4829,126.6605,10:00~22:00,IN,신세계아이앤씨,신세계아이앤씨,1899-7495,1,2026-06-15 12:27:06,2026-06-10 14:07:51,2026-06-10 14:21:36,,,7.0,단독,28,28125,E0,E001,N,,N,,Y,차지비 이관,N,2024,2,F,에바,IN032019_05,False,False,제물포구,제물포구,제물포구,False,True,False,False,False
이마트T송림점,IN032019,6,2,인천광역시 제물포구 봉수대로 82,옥상주차장,옥상주차장,37.4829,126.6605,10:00~22:00,IN,신세계아이앤씨,신세계아이앤씨,1899-7495,1,2026-06-15 12:27:06,2026-06-06 18:37:17,2026-06-06 18:41:23,,,7.0,단독,28,28125,E0,E001,N,,N,,Y,차지비 이관,N,2024,2,F,에바,IN032019_06,False,False,제물포구,제물포구,제물포구,False,True,False,False,False
이마트T송림점,IN032019,7,2,인천광역시 제물포구 봉수대로 82,옥상주차장,옥상주차장,37.4829,126.6605,10:00~22:00,IN,신세계아이앤씨,신세계아이앤씨,1899-7495,9,2026-06-15 12:27:06,2026-05-25 18:51:47,2026-05-25 23:41:19,,,7.0,단독,28,28125,E0,E001,N,,N,,Y,차지비 이관,N,2024,2,F,에바,IN032019_07,False,False,제물포구,제물포구,제물포구,False,True,False,False,False
이마트T송림점,IN032019,8,2,인천광역시 제물포구 봉수대로 82,옥상주차장,옥상주차장,37.4829,126.6605,10:00~22:00,IN,신세계아이앤씨,신세계아이앤씨,1899-7495,9,2026-06-15 12:27:06,2026-05-19 16:54:59,2026-05-19 17:01:32,,,7.0,단독,28,28125,E0,E001,N,,N,,Y,차지비 이관,N,2024,2,F,에바,IN032019_08,False,False,제물포구,제물포구,제물포구,False,True,False,False,False
이마트T송림점,IN032019,9,2,인천광역시 제물포구 봉수대로 82,옥상주차장,옥상주차장,37.4829,126.6605,10:00~22:00,IN,신세계아이앤씨,신세계아이앤씨,1899-7495,1,2026-06-15 12:27:06,2026-06-10 21:36:35,2026-06-10 21:41:16,,,7.0,단독,28,28125,E0,E001,N,,N,,Y,차지비 이관,N,2024,2,F,에바,IN032019_09,False,False,제물포구,제물포구,제물포구,False,True,False,False,False
강화여객자동차터미널,IN032020,1,2,인천광역시 강화군 강화읍 중앙로 43,"지상주차장, B1 주차장 상가입구","지상주차장, B1 주차장 상가입구",37.7398,126.4902,24시간 이용가능,IN,신세계아이앤씨,신세계아이앤씨,1899-7495,1,2026-06-15 12:27:06,2026-06-03 07:51:14,2026-06-03 08:01:36,,,7.0,단독,28,28710,G0,G004,N,,N,,Y,차지비 이관,N,2024,1,F,에바,IN032020_01,False,False,강화군,강화군,강화군,False,True,False,False,False
강화여객자동차터미널,IN032020,2,2,인천광역시 강화군 강화읍 중앙로 43,"지상주차장, B1 주차장 상가입구","지상주차장, B1 주차장 상가입구",37.7398,126.4902,24시간 이용가능,IN,신세계아이앤씨,신세계아이앤씨,1899-7495,1,2026-06-15 12:27:06,2026-05-31 09:37:34,2026-05-31 10:01:12,,,7.0,단독,28,28710,G0,G004,N,,N,,Y,차지비 이관,N,2024,1,F,에바,IN032020_02,False,False,강화군,강화군,강화군,False,True,False,False,False
강화여객자동차터미널,IN032020,3,2,인천광역시 강화군 강화읍 중앙로 43,"지상주차장, B1 주차장 상가입구","지상주차장, B1 주차장 상가입구",37.7398,126.4902,24시간 이용가능,IN,신세계아이앤씨,신세계아이앤씨,1899-7495,1,2026-06-15 12:27:06,2026-05-28 23:09:46,2026-05-29 05:01:44,,,7.0,단독,28,28710,G0,G004,N,,N,,Y,차지비 이관,N,2024,1,F,에바,IN032020_03,False,False,강화군,강화군,강화군,False,True,False,False,False
강화여객자동차터미널,IN032020,4,2,인천광역시 강화군 강화읍 중앙로 43,"지상주차장, B1 주차장 상가입구","지상주차장, B1 주차장 상가입구",37.7398,126.4902,24시간 이용가능,IN,신세계아이앤씨,신세계아이앤씨,1899-7495,1,2026-06-15 12:27:06,2026-06-07 02:39:20,2026-06-07 06:41:14,,,7.0,단독,28,28710,G0,G004,N,,N,,Y,차지비 이관,N,2024,1,F,에바,IN032020_04,False,False,강화군,강화군,강화군,False,True,False,False,False
청라한양수자인아파트,IN032021,1,2,인천광역시 서해구 비즈니스로 41,"553,554동 지하2층","553,554동 지하2층",37.5267,126.6211,24시간 이용가능,IN,신세계아이앤씨,신세계아이앤씨,1899-7495,9,2026-06-15 12:27:06,2026-06-10 23:30:01,2026-06-11 06:01:13,,,7.0,단독,28,28275,H0,H001,N,,Y,거주자외 출입제한,Y,차지비 이관,N,2024,2,B,에바,IN032021_01,False,False,서해구,서해구,서해구,False,True,True,False,False
청라한양수자인아파트,IN032021,2,2,인천광역시 서해구 비즈니스로 41,"553,554동 지하2층","553,554동 지하2층",37.5267,126.6211,24시간 이용가능,IN,신세계아이앤씨,신세계아이앤씨,1899-7495,9,2026-06-15 12:27:07,2026-06-06 11:35:07,2026-06-06 11:41:16,,,7.0,단독,28,28275,H0,H001,N,,Y,거주자외 출입제한,Y,차지비 이관,N,2024,2,B,에바,IN032021_02,False,False,서해구,서해구,서해구,False,True,True,False,False
청라한양수자인아파트,IN032021,3,2,인천광역시 서해구 비즈니스로 41,"553,554동 지하2층","553,554동 지하2층",37.5267,126.6211,24시간 이용가능,IN,신세계아이앤씨,신세계아이앤씨,1899-7495,9,2026-06-15 12:27:07,2026-06-09 23:32:50,2026-06-10 17:41:16,,,7.0,단독,28,28275,H0,H001,N,,Y,거주자외 출입제한,Y,차지비 이관,N,2024,2,B,에바,IN032021_03,False,False,서해구,서해구,서해구,False,True,True,False,False
청라한양수자인아파트,IN032021,4,2,인천광역시 서해구 비즈니스로 41,"553,554동 지하2층","553,554동 지하2층",37.5267,126.6211,24시간 이용가능,IN,신세계아이앤씨,신세계아이앤씨,1899-7495,9,2026-06-15 12:27:07,2026-06-10 09:02:09,2026-06-10 10:41:16,,,7.0,단독,28,28275,H0,H001,N,,Y,거주자외 출입제한,Y,차지비 이관,N,2024,2,B,에바,IN032021_04,False,False,서해구,서해구,서해구,False,True,True,False,False
청라한양수자인아파트,IN032021,5,2,인천광역시 서해구 비즈니스로 41,"553,554동 지하2층","553,554동 지하2층",37.5267,126.6211,24시간 이용가능,IN,신세계아이앤씨,신세계아이앤씨,1899-7495,1,2026-06-15 12:27:07,2026-06-02 15:43:43,2026-06-03 11:41:15,,,7.0,단독,28,28275,H0,H001,N,,Y,거주자외 출입제한,Y,차지비 이관,N,2024,2,B,에바,IN032021_05,False,False,서해구,서해구,서해구,False,True,True,False,False
청라한양수자인아파트,IN032021,6,2,인천광역시 서해구 비즈니스로 41,"553,554동 지하2층","553,554동 지하2층",37.5267,126.6211,24시간 이용가능,IN,신세계아이앤씨,신세계아이앤씨,1899-7495,1,2026-06-15 12:27:07,2026-06-10 05:22:52,2026-06-10 08:41:16,,,7.0,단독,28,28275,H0,H001,N,,Y,거주자외 출입제한,Y,차지비 이관,N,2024,2,B,에바,IN032021_06,False,False,서해구,서해구,서해구,False,True,True,False,False
청라한양수자인아파트,IN032021,7,2,인천광역시 서해구 비즈니스로 41,"553,554동 지하2층","553,554동 지하2층",37.5267,126.6211,24시간 이용가능,IN,신세계아이앤씨,신세계아이앤씨,1899-7495,9,2026-06-15 12:27:07,2026-06-11 08:45:10,2026-06-11 10:01:40,,,7.0,단독,28,28275,H0,H001,N,,Y,거주자외 출입제한,Y,차지비 이관,N,2024,2,B,에바,IN032021_07,False,False,서해구,서해구,서해구,False,True,True,False,False
청라한양수자인아파트,IN032021,8,2,인천광역시 서해구 비즈니스로 41,"553,554동 지하2층","553,554동 지하2층",37.5267,126.6211,24시간 이용가능,IN,신세계아이앤씨,신세계아이앤씨,1899-7495,1,2026-06-15 12:27:07,2026-06-11 06:27:07,2026-06-11 08:01:31,,,7.0,단독,28,28275,H0,H001,N,,Y,거주자외 출입제한,Y,차지비 이관,N,2024,2,B,에바,IN032021_08,False,False,서해구,서해구,서해구,False,True,True,False,False
청라한양수자인아파트,IN032021,9,2,인천광역시 서해구 비즈니스로 41,"553,554동 지하2층","553,554동 지하2층",37.5267,126.6211,24시간 이용가능,IN,신세계아이앤씨,신세계아이앤씨,1899-7495,9,2026-06-15 12:27:07,2026-06-11 00:07:26,2026-06-11 15:01:32,,,7.0,단독,28,28275,H0,H001,N,,Y,거주자외 출입제한,Y,차지비 이관,N,2024,2,B,에바,IN032021_09,False,False,서해구,서해구,서해구,False,True,True,False,False
청라한양수자인아파트,IN032021,10,2,인천광역시 서해구 비즈니스로 41,"553,554동 지하2층","553,554동 지하2층",37.5267,126.6211,24시간 이용가능,IN,신세계아이앤씨,신세계아이앤씨,1899-7495,1,2026-06-15 12:27:07,2026-06-10 18:12:35,2026-06-11 04:41:14,,,7.0,단독,28,28275,H0,H001,N,,Y,거주자외 출입제한,Y,차지비 이관,N,2024,2,B,에바,IN032021_10,False,False,서해구,서해구,서해구,False,True,True,False,False
청라한양수자인아파트,IN032021,11,2,인천광역시 서해구 비즈니스로 41,"553,554동 지하2층","553,554동 지하2층",37.5267,126.6211,24시간 이용가능,IN,신세계아이앤씨,신세계아이앤씨,1899-7495,3,2026-06-15 12:27:07,2026-06-11 06:16:17,2026-06-11 15:41:16,2026-06-11 17:22:41,,7.0,단독,28,28275,H0,H001,N,,Y,거주자외 출입제한,Y,차지비 이관,N,2024,2,B,에바,IN032021_11,False,False,서해구,서해구,서해구,False,True,True,False,False
청라한양수자인아파트,IN032021,12,2,인천광역시 서해구 비즈니스로 41,"553,554동 지하2층","553,554동 지하2층",37.5267,126.6211,24시간 이용가능,IN,신세계아이앤씨,신세계아이앤씨,1899-7495,1,2026-06-15 12:27:07,2026-06-11 02:57:09,2026-06-11 08:21:17,,,7.0,단독,28,28275,H0,H001,N,,Y,거주자외 출입제한,Y,차지비 이관,N,2024,2,B,에바,IN032021_12,False,False,서해구,서해구,서해구,False,True,True,False,False
대안파크타운A동,IN032022,1,2,인천광역시 부평구 부평북로 69,대안파크타운A동 지상주차장,지상주차장,37.5226,126.7007,24시간 이용가능,IN,신세계아이앤씨,신세계아이앤씨,1899-7495,1,2026-06-15 12:27:07,2026-05-29 05:30:02,2026-05-29 21:41:19,,,7.0,단독,28,28237,G0,G005,N,,N,,Y,차지비 이관,N,2024,1,F,에바,IN032022_01,False,False,부평구,부평구,부평구,False,True,False,False,False
대안파크타운A동,IN032022,2,2,인천광역시 부평구 부평북로 69,대안파크타운A동 지상주차장,지상주차장,37.5226,126.7007,24시간 이용가능,IN,신세계아이앤씨,신세계아이앤씨,1899-7495,1,2026-06-15 12:27:07,2026-06-04 16:35:50,2026-06-05 09:21:41,,,7.0,단독,28,28237,G0,G005,N,,N,,Y,차지비 이관,N,2024,1,F,에바,IN032022_02,False,False,부평구,부평구,부평구,False,True,False,False,False
대안파크타운C동,IN032024,1,2,인천광역시 부평구 부평북로 57,지상주차장,지상주차장,37.5226,126.6995,24시간 이용가능,IN,신세계아이앤씨,신세계아이앤씨,1899-7495,1,2026-06-15 12:27:07,2026-05-23 15:07:04,2026-05-24 07:21:25,,,7.0,단독,28,28237,G0,G005,N,,N,,Y,차지비 이관,N,2023,1,F,시그넷,IN032024_01,False,False,부평구,부평구,부평구,False,True,False,False,False
대안파크타운C동,IN032024,2,2,인천광역시 부평구 부평북로 57,지상주차장,지상주차장,37.5226,126.6995,24시간 이용가능,IN,신세계아이앤씨,신세계아이앤씨,1899-7495,1,2026-06-15 12:27:07,2026-06-04 20:36:25,2026-06-05 07:01:36,,,7.0,단독,28,28237,G0,G005,N,,N,,Y,차지비 이관,N,2023,1,F,시그넷,IN032024_02,False,False,부평구,부평구,부평구,False,True,False,False,False
대안파크타운C동,IN032024,3,2,인천광역시 부평구 부평북로 57,지상주차장,지상주차장,37.5226,126.6995,24시간 이용가능,IN,신세계아이앤씨,신세계아이앤씨,1899-7495,1,2026-06-15 12:27:07,2026-06-10 20:36:09,2026-06-11 07:21:24,,,7.0,단독,28,28237,G0,G005,N,,N,,Y,차지비 이관,N,2023,1,F,시그넷,IN032024_03,False,False,부평구,부평구,부평구,False,True,False,False,False
대안파크타운C동,IN032024,4,2,인천광역시 부평구 부평북로 57,지상주차장,지상주차장,37.5226,126.6995,24시간 이용가능,IN,신세계아이앤씨,신세계아이앤씨,1899-7495,1,2026-06-15 12:27:07,2026-06-03 18:47:52,2026-06-04 07:21:24,,,7.0,단독,28,28237,G0,G005,N,,N,,Y,차지비 이관,N,2023,1,F,시그넷,IN032024_04,False,False,부평구,부평구,부평구,False,True,False,False,False
대안파크타운C동,IN032024,5,2,인천광역시 부평구 부평북로 57,지상주차장,지상주차장,37.5226,126.6995,24시간 이용가능,IN,신세계아이앤씨,신세계아이앤씨,1899-7495,1,2026-06-15 12:27:07,2026-06-09 23:11:55,2026-06-10 07:21:27,,,7.0,단독,28,28237,G0,G005,N,,N,,Y,차지비 이관,N,2023,1,F,시그넷,IN032024_05,False,False,부평구,부평구,부평구,False,True,False,False,False
와이지원부평공장,IN032025,1,2,인천광역시 부평구 부평북로178번길 26,옥상주차장,옥상주차장,37.5212,126.7124,24시간 이용가능,IN,신세계아이앤씨,신세계아이앤씨,1899-7495,1,2026-06-15 12:27:07,2026-04-17 13:13:07,2026-04-17 17:01:30,,,7.0,단독,28,28237,G0,G004,N,,N,,Y,차지비 이관,N,2024,2,F,에바,IN032025_01,False,False,부평구,부평구,부평구,False,True,False,False,False
와이지원부평공장,IN032025,2,2,인천광역시 부평구 부평북로178번길 26,옥상주차장,옥상주차장,37.5212,126.7124,24시간 이용가능,IN,신세계아이앤씨,신세계아이앤씨,1899-7495,1,2026-06-15 12:27:07,2026-05-02 14:43:19,2026-05-02 17:21:35,,,7.0,단독,28,28237,G0,G004,N,,N,,Y,차지비 이관,N,2024,2,F,에바,IN032025_02,False,False,부평구,부평구,부평구,False,True,False,False,False
와이지원서운공장,IN032026,1,2,인천광역시 계양구 서운산단로1길 11,"경비실, 컨테이너박스 옆 지상주차장","경비실, 컨테이너박스 옆 지상주차장",37.5318,126.7549,24시간 이용가능,IN,신세계아이앤씨,신세계아이앤씨,1899-7495,1,2026-06-15 12:27:07,2026-05-06 14:37:31,2026-04-29 17:21:26,,,7.0,단독,28,28245,G0,G004,Y,,N,,Y,차지비 이관,N,2024,1,F,에바,IN032026_01,False,False,계양구,계양구,계양구,False,True,False,False,False
와이지원서운공장,IN032026,2,2,인천광역시 계양구 서운산단로1길 11,"경비실, 컨테이너박스 옆 지상주차장","경비실, 컨테이너박스 옆 지상주차장",37.5318,126.7549,24시간 이용가능,IN,신세계아이앤씨,신세계아이앤씨,1899-7495,2,2026-06-15 12:27:07,2026-06-11 10:00:03,2026-06-11 18:21:41,,,7.0,단독,28,28245,G0,G004,Y,,N,,Y,차지비 이관,N,2024,1,F,에바,IN032026_02,False,False,계양구,계양구,계양구,False,True,False,False,False
와이지원서운공장,IN032026,3,2,인천광역시 계양구 서운산단로1길 11,"경비실, 컨테이너박스 옆 지상주차장","경비실, 컨테이너박스 옆 지상주차장",37.5318,126.7549,24시간 이용가능,IN,신세계아이앤씨,신세계아이앤씨,1899-7495,1,2026-06-15 12:27:08,2026-06-10 13:29:41,2026-06-10 17:21:22,,,7.0,단독,28,28245,G0,G004,Y,,N,,Y,차지비 이관,N,2024,1,F,에바,IN032026_03,False,False,계양구,계양구,계양구,False,True,False,False,False
와이지원서운공장,IN032026,4,2,인천광역시 계양구 서운산단로1길 11,"경비실, 컨테이너박스 옆 지상주차장","경비실, 컨테이너박스 옆 지상주차장",37.5318,126.7549,24시간 이용가능,IN,신세계아이앤씨,신세계아이앤씨,1899-7495,1,2026-06-15 12:27:08,2026-06-09 18:06:29,2026-06-02 12:01:31,,,7.0,단독,28,28245,G0,G004,Y,,N,,Y,차지비 이관,N,2024,1,F,에바,IN032026_04,False,False,계양구,계양구,계양구,False,True,False,False,False
와이지원인천공장,IN032027,1,2,인천광역시 부평구 세월천로 211,지상주차장 차단기 옆,지상주차장 차단기 옆,37.5192,126.6903,24시간 이용가능,IN,신세계아이앤씨,신세계아이앤씨,1899-7495,1,2026-06-15 12:27:08,2026-04-15 11:52:10,2026-03-24 13:21:17,,,7.0,단독,28,28237,G0,G004,N,,N,,Y,차지비 이관,N,2024,1,F,에바,IN032027_01,False,False,부평구,부평구,부평구,False,True,False,False,False
와이지원청천동공장,IN032028,1,2,인천광역시 부평구 부평북로 32,정문 좌측 지상주차장,정문 좌측 지상주차장,37.5222,126.6964,24시간 이용가능,IN,신세계아이앤씨,신세계아이앤씨,1899-7495,1,2026-06-15 12:27:08,2026-04-15 11:36:26,2025-07-31 08:01:39,,,7.0,단독,28,28237,G0,G004,N,,N,,Y,차지비 이관,N,2024,1,F,에바,IN032028_01,False,False,부평구,부평구,부평구,False,True,False,False,False
와이지원항공화물창고,IN032029,1,2,인천광역시 영종구 공항동로296번길 69,지상 정문 옆,지상 정문 옆,37.4791,126.4775,24시간 이용가능,IN,신세계아이앤씨,신세계아이앤씨,1899-7495,1,2026-06-15 12:27:08,2026-06-05 12:20:53,2026-06-05 12:41:15,,,7.0,단독,28,28155,G0,G004,N,,N,,Y,차지비 이관,N,2024,1,F,에바,IN032029_01,False,False,영종구,영종구,영종구,False,True,False,False,False
남동스마트NIC복합물류센터,IN032030,1,2,인천광역시 남동구 논현고잔로 87,주차장,주차장,37.3903,126.7116,24시간 이용가능,IN,신세계아이앤씨,신세계아이앤씨,1899-7495,1,2026-06-15 12:27:08,2026-06-08 10:02:31,2026-06-08 17:41:19,,,7.0,단독,28,28200,G0,G004,Y,,N,,Y,차지비 이관,N,2024,1,F,에바,IN032030_01,False,False,남동구,남동구,남동구,False,True,False,False,False
남동스마트NIC복합물류센터,IN032030,2,2,인천광역시 남동구 논현고잔로 87,주차장,주차장,37.3903,126.7116,24시간 이용가능,IN,신세계아이앤씨,신세계아이앤씨,1899-7495,1,2026-06-15 12:27:08,2026-06-10 22:05:12,2026-06-10 22:21:18,,,7.0,단독,28,28200,G0,G004,Y,,N,,Y,차지비 이관,N,2024,1,F,에바,IN032030_02,False,False,남동구,남동구,남동구,False,True,False,False,False
남동스마트NIC복합물류센터,IN032030,3,2,인천광역시 남동구 논현고잔로 87,주차장,주차장,37.3903,126.7116,24시간 이용가능,IN,신세계아이앤씨,신세계아이앤씨,1899-7495,1,2026-06-15 12:27:08,2026-06-11 12:21:25,2026-06-11 12:41:16,,,7.0,단독,28,28200,G0,G004,Y,,N,,Y,차지비 이관,N,2024,1,F,에바,IN032030_03,False,False,남동구,남동구,남동구,False,True,False,False,False
남동스마트NIC복합물류센터,IN032030,4,2,인천광역시 남동구 논현고잔로 87,주차장,주차장,37.3903,126.7116,24시간 이용가능,IN,신세계아이앤씨,신세계아이앤씨,1899-7495,1,2026-06-15 12:27:08,2026-06-11 11:44:10,2026-06-11 12:01:33,,,7.0,단독,28,28200,G0,G004,Y,,N,,Y,차지비 이관,N,2024,1,F,에바,IN032030_04,False,False,남동구,남동구,남동구,False,True,False,False,False
LH청아안아파트,IN032031,1,2,인천광역시 남동구 서창남순환로 110,LH청아안아파트,LH청아안아파트,37.4308,126.746,24시간 이용가능,IN,신세계아이앤씨,신세계아이앤씨,1899-7495,1,2026-06-15 12:27:08,2026-06-11 04:33:42,2026-06-11 08:21:17,,,7.0,단독,28,28200,H0,H001,N,,N,,Y,차지비 이관,N,2024,1,B,에바,IN032031_01,False,False,남동구,남동구,남동구,False,True,False,False,False
LH청아안아파트,IN032031,2,2,인천광역시 남동구 서창남순환로 110,LH청아안아파트,LH청아안아파트,37.4308,126.746,24시간 이용가능,IN,신세계아이앤씨,신세계아이앤씨,1899-7495,1,2026-06-15 12:27:08,2026-06-09 18:35:05,2026-06-09 20:41:16,,,7.0,단독,28,28200,H0,H001,N,,N,,Y,차지비 이관,N,2024,1,B,에바,IN032031_02,False,False,남동구,남동구,남동구,False,True,False,False,False
LH청아안아파트,IN032031,3,2,인천광역시 남동구 서창남순환로 110,LH청아안아파트,LH청아안아파트,37.4308,126.746,24시간 이용가능,IN,신세계아이앤씨,신세계아이앤씨,1899-7495,5,2026-06-15 12:27:08,2026-06-07 20:17:32,2026-06-07 20:21:20,,,7.0,단독,28,28200,H0,H001,N,,N,,Y,차지비 이관,N,2024,1,B,에바,IN032031_03,False,False,남동구,남동구,남동구,False,True,False,False,False
LH청아안아파트,IN032031,4,2,인천광역시 남동구 서창남순환로 110,LH청아안아파트,LH청아안아파트,37.4308,126.746,24시간 이용가능,IN,신세계아이앤씨,신세계아이앤씨,1899-7495,1,2026-06-15 12:27:08,2026-06-11 05:10:43,2026-06-11 06:01:13,,,7.0,단독,28,28200,H0,H001,N,,N,,Y,차지비 이관,N,2024,1,B,에바,IN032031_04,False,False,남동구,남동구,남동구,False,True,False,False,False
LH청아안아파트,IN032031,5,2,인천광역시 남동구 서창남순환로 110,LH청아안아파트,LH청아안아파트,37.4308,126.746,24시간 이용가능,IN,신세계아이앤씨,신세계아이앤씨,1899-7495,1,2026-06-15 12:27:08,2026-06-11 02:57:40,2026-06-11 03:41:18,,,7.0,단독,28,28200,H0,H001,N,,N,,Y,차지비 이관,N,2024,1,B,에바,IN032031_05,False,False,남동구,남동구,남동구,False,True,False,False,False
LH청아안아파트,IN032031,6,2,인천광역시 남동구 서창남순환로 110,LH청아안아파트,LH청아안아파트,37.4308,126.746,24시간 이용가능,IN,신세계아이앤씨,신세계아이앤씨,1899-7495,5,2026-06-15 12:27:08,2026-06-09 21:05:09,2026-06-09 21:21:18,,,7.0,단독,28,28200,H0,H001,N,,N,,Y,차지비 이관,N,2024,1,B,에바,IN032031_06,False,False,남동구,남동구,남동구,False,True,False,False,False
LH청아안아파트,IN032031,7,2,인천광역시 남동구 서창남순환로 110,LH청아안아파트,LH청아안아파트,37.4308,126.746,24시간 이용가능,IN,신세계아이앤씨,신세계아이앤씨,1899-7495,1,2026-06-15 12:27:08,2026-06-11 04:00:13,2026-06-11 07:01:35,,,7.0,단독,28,28200,H0,H001,N,,N,,Y,차지비 이관,N,2024,1,B,에바,IN032031_07,False,False,남동구,남동구,남동구,False,True,False,False,False
LH청아안아파트,IN032031,8,2,인천광역시 남동구 서창남순환로 110,LH청아안아파트,LH청아안아파트,37.4308,126.746,24시간 이용가능,IN,신세계아이앤씨,신세계아이앤씨,1899-7495,5,2026-06-15 12:27:08,2026-06-10 17:14:55,2026-06-10 17:21:22,,,7.0,단독,28,28200,H0,H001,N,,N,,Y,차지비 이관,N,2024,1,B,에바,IN032031_08,False,False,남동구,남동구,남동구,False,True,False,False,False
LH청아안아파트,IN032031,9,2,인천광역시 남동구 서창남순환로 110,LH청아안아파트,LH청아안아파트,37.4308,126.746,24시간 이용가능,IN,신세계아이앤씨,신세계아이앤씨,1899-7495,1,2026-06-15 12:27:08,2026-06-11 01:40:15,2026-06-11 06:41:16,,,7.0,단독,28,28200,H0,H001,N,,N,,Y,차지비 이관,N,2024,1,B,에바,IN032031_09,False,False,남동구,남동구,남동구,False,True,False,False,False
LH청아안아파트,IN032031,10,2,인천광역시 남동구 서창남순환로 110,LH청아안아파트,LH청아안아파트,37.4308,126.746,24시간 이용가능,IN,신세계아이앤씨,신세계아이앤씨,1899-7495,1,2026-06-15 12:27:08,2026-06-10 16:55:56,2026-06-10 20:01:36,,,7.0,단독,28,28200,H0,H001,N,,N,,Y,차지비 이관,N,2024,1,B,에바,IN032031_10,False,False,남동구,남동구,남동구,False,True,False,False,False
LH청아안아파트,IN032031,11,2,인천광역시 남동구 서창남순환로 110,LH청아안아파트,LH청아안아파트,37.4308,126.746,24시간 이용가능,IN,신세계아이앤씨,신세계아이앤씨,1899-7495,1,2026-06-15 12:27:08,2026-06-03 11:54:03,2026-06-03 12:01:32,,,7.0,단독,28,28200,H0,H001,N,,N,,Y,차지비 이관,N,2024,1,B,에바,IN032031_11,False,False,남동구,남동구,남동구,False,True,False,False,False
LH청아안아파트,IN032031,12,2,인천광역시 남동구 서창남순환로 110,LH청아안아파트,LH청아안아파트,37.4308,126.746,24시간 이용가능,IN,신세계아이앤씨,신세계아이앤씨,1899-7495,1,2026-06-15 12:27:08,2026-06-11 09:52:01,2026-06-11 10:01:40,,,7.0,단독,28,28200,H0,H001,N,,N,,Y,차지비 이관,N,2024,1,B,에바,IN032031_12,False,False,남동구,남동구,남동구,False,True,False,False,False
LH청아안아파트,IN032031,13,2,인천광역시 남동구 서창남순환로 110,LH청아안아파트,LH청아안아파트,37.4308,126.746,24시간 이용가능,IN,신세계아이앤씨,신세계아이앤씨,1899-7495,9,2026-06-15 12:27:08,2026-06-09 08:06:43,2026-06-09 08:21:15,,,7.0,단독,28,28200,H0,H001,N,,N,,Y,차지비 이관,N,2024,1,B,에바,IN032031_13,False,False,남동구,남동구,남동구,False,True,False,False,False
LH청아안아파트,IN032031,14,2,인천광역시 남동구 서창남순환로 110,LH청아안아파트,LH청아안아파트,37.4308,126.746,24시간 이용가능,IN,신세계아이앤씨,신세계아이앤씨,1899-7495,5,2026-06-15 12:27:08,2026-06-09 18:01:19,2026-06-09 18:21:15,,,7.0,단독,28,28200,H0,H001,N,,N,,Y,차지비 이관,N,2024,1,B,에바,IN032031_14,False,False,남동구,남동구,남동구,False,True,False,False,False
LH청아안아파트,IN032031,15,2,인천광역시 남동구 서창남순환로 110,LH청아안아파트,LH청아안아파트,37.4308,126.746,24시간 이용가능,IN,신세계아이앤씨,신세계아이앤씨,1899-7495,5,2026-06-15 12:27:09,2026-06-07 10:08:23,2026-06-07 10:21:17,,,7.0,단독,28,28200,H0,H001,N,,N,,Y,차지비 이관,N,2024,1,B,에바,IN032031_15,False,False,남동구,남동구,남동구,False,True,False,False,False
LH청아안아파트,IN032031,16,4,인천광역시 남동구 서창남순환로 110,LH청아안아파트,LH청아안아파트,37.4308,126.746,24시간 이용가능,IN,신세계아이앤씨,신세계아이앤씨,1899-7495,9,2026-06-15 12:27:09,2026-06-10 23:28:30,2026-06-11 09:21:16,,,50.0,단독,28,28200,H0,H001,N,,N,,Y,차지비 이관,N,2024,1,B,휴맥스이브이,IN032031_16,False,False,남동구,남동구,남동구,False,True,False,False,False
청라웰카운티1차아파트,IN032033,1,2,인천광역시 서해구 청라에메랄드로 156,"201동앞,지하2층","201동앞,지하2층",37.5388,126.6573,24시간 이용가능,IN,신세계아이앤씨,신세계아이앤씨,1899-7495,1,2026-06-15 12:27:09,2026-05-26 14:52:05,2026-05-26 15:21:16,,,7.0,단독,28,28275,H0,H001,N,,Y,거주자외 출입제한,Y,차지비 이관,N,2024,2,B,에바,IN032033_01,False,False,서해구,서해구,서해구,False,True,True,False,False
청라웰카운티1차아파트,IN032033,2,2,인천광역시 서해구 청라에메랄드로 156,"201동앞,지하2층","201동앞,지하2층",37.5388,126.6573,24시간 이용가능,IN,신세계아이앤씨,신세계아이앤씨,1899-7495,1,2026-06-15 12:27:09,2026-05-28 22:01:20,2026-05-29 07:01:11,,,7.0,단독,28,28275,H0,H001,N,,Y,거주자외 출입제한,Y,차지비 이관,N,2024,2,B,에바,IN032033_02,False,False,서해구,서해구,서해구,False,True,True,False,False
청라웰카운티1차아파트,IN032033,3,2,인천광역시 서해구 청라에메랄드로 156,"201동앞,지하2층","201동앞,지하2층",37.5388,126.6573,24시간 이용가능,IN,신세계아이앤씨,신세계아이앤씨,1899-7495,1,2026-06-15 12:27:09,2026-06-05 21:25:24,2026-06-05 22:01:32,,,7.0,단독,28,28275,H0,H001,N,,Y,거주자외 출입제한,Y,차지비 이관,N,2024,2,B,에바,IN032033_03,False,False,서해구,서해구,서해구,False,True,True,False,False
청라웰카운티1차아파트,IN032033,4,2,인천광역시 서해구 청라에메랄드로 156,"201동앞,지하2층","201동앞,지하2층",37.5388,126.6573,24시간 이용가능,IN,신세계아이앤씨,신세계아이앤씨,1899-7495,1,2026-06-15 12:27:09,2026-06-10 21:06:44,2026-06-10 21:41:16,,,7.0,단독,28,28275,H0,H001,N,,Y,거주자외 출입제한,Y,차지비 이관,N,2024,2,B,에바,IN032033_04,False,False,서해구,서해구,서해구,False,True,True,False,False
청라웰카운티1차아파트,IN032033,5,2,인천광역시 서해구 청라에메랄드로 156,"201동앞,지하2층","201동앞,지하2층",37.5388,126.6573,24시간 이용가능,IN,신세계아이앤씨,신세계아이앤씨,1899-7495,1,2026-06-15 12:27:09,2026-06-09 22:33:06,2026-06-10 07:41:17,,,7.0,단독,28,28275,H0,H001,N,,Y,거주자외 출입제한,Y,차지비 이관,N,2024,2,B,에바,IN032033_05,False,False,서해구,서해구,서해구,False,True,True,False,False
청라웰카운티1차아파트,IN032033,6,2,인천광역시 서해구 청라에메랄드로 156,"201동앞,지하2층","201동앞,지하2층",37.5388,126.6573,24시간 이용가능,IN,신세계아이앤씨,신세계아이앤씨,1899-7495,9,2026-06-15 12:27:09,2026-06-10 20:21:42,2026-06-11 06:21:17,,,7.0,단독,28,28275,H0,H001,N,,Y,거주자외 출입제한,Y,차지비 이관,N,2024,2,B,에바,IN032033_06,False,False,서해구,서해구,서해구,False,True,True,False,False
청라웰카운티1차아파트,IN032033,7,2,인천광역시 서해구 청라에메랄드로 156,"201동앞,지하2층","201동앞,지하2층",37.5388,126.6573,24시간 이용가능,IN,신세계아이앤씨,신세계아이앤씨,1899-7495,9,2026-06-15 12:27:09,2026-06-03 22:46:28,2026-06-04 06:41:14,,,7.0,단독,28,28275,H0,H001,N,,Y,거주자외 출입제한,Y,차지비 이관,N,2024,2,B,에바,IN032033_07,False,False,서해구,서해구,서해구,False,True,True,False,False
청라웰카운티1차아파트,IN032033,8,2,인천광역시 서해구 청라에메랄드로 156,"201동앞,지하2층","201동앞,지하2층",37.5388,126.6573,24시간 이용가능,IN,신세계아이앤씨,신세계아이앤씨,1899-7495,9,2026-06-15 12:27:09,2026-05-30 20:55:26,2026-05-31 14:41:22,,,7.0,단독,28,28275,H0,H001,N,,Y,거주자외 출입제한,Y,차지비 이관,N,2024,2,B,에바,IN032033_08,False,False,서해구,서해구,서해구,False,True,True,False,False
청라웰카운티1차아파트,IN032033,9,2,인천광역시 서해구 청라에메랄드로 156,"201동앞,지하2층","201동앞,지하2층",37.5388,126.6573,24시간 이용가능,IN,신세계아이앤씨,신세계아이앤씨,1899-7495,9,2026-06-15 12:27:09,2026-06-07 12:44:57,2026-06-07 20:21:20,,,7.0,단독,28,28275,H0,H001,N,,Y,거주자외 출입제한,Y,차지비 이관,N,2024,2,B,에바,IN032033_09,False,False,서해구,서해구,서해구,False,True,True,False,False
청라웰카운티1차아파트,IN032033,10,2,인천광역시 서해구 청라에메랄드로 156,"201동앞,지하2층","201동앞,지하2층",37.5388,126.6573,24시간 이용가능,IN,신세계아이앤씨,신세계아이앤씨,1899-7495,9,2026-06-15 12:27:09,2026-06-09 14:56:44,2026-06-09 17:41:19,,,7.0,단독,28,28275,H0,H001,N,,Y,거주자외 출입제한,Y,차지비 이관,N,2024,2,B,에바,IN032033_10,False,False,서해구,서해구,서해구,False,True,True,False,False
청라웰카운티1차아파트,IN032033,11,2,인천광역시 서해구 청라에메랄드로 156,"201동앞,지하2층","201동앞,지하2층",37.5388,126.6573,24시간 이용가능,IN,신세계아이앤씨,신세계아이앤씨,1899-7495,9,2026-06-15 12:27:09,2026-06-01 19:31:32,2026-06-01 19:21:19,,,7.0,단독,28,28275,H0,H001,N,,Y,거주자외 출입제한,Y,차지비 이관,N,2024,2,B,에바,IN032033_11,False,False,서해구,서해구,서해구,False,True,True,False,False
청라웰카운티1차아파트,IN032033,12,2,인천광역시 서해구 청라에메랄드로 156,"201동앞,지하2층","201동앞,지하2층",37.5388,126.6573,24시간 이용가능,IN,신세계아이앤씨,신세계아이앤씨,1899-7495,9,2026-06-15 12:27:09,2026-06-10 11:44:58,2026-06-10 20:21:28,,,7.0,단독,28,28275,H0,H001,N,,Y,거주자외 출입제한,Y,차지비 이관,N,2024,2,B,에바,IN032033_12,False,False,서해구,서해구,서해구,False,True,True,False,False
청라웰카운티1차아파트,IN032033,13,2,인천광역시 서해구 청라에메랄드로 156,"201동앞,지하2층","201동앞,지하2층",37.5388,126.6573,24시간 이용가능,IN,신세계아이앤씨,신세계아이앤씨,1899-7495,9,2026-06-15 12:27:09,2026-06-09 12:44:06,2026-05-17 19:41:18,,,7.0,단독,28,28275,H0,H001,N,,Y,거주자외 출입제한,Y,차지비 이관,N,2024,2,B,에바,IN032033_13,False,False,서해구,서해구,서해구,False,True,True,False,False
청라웰카운티1차아파트,IN032033,14,2,인천광역시 서해구 청라에메랄드로 156,"201동앞,지하2층","201동앞,지하2층",37.5388,126.6573,24시간 이용가능,IN,신세계아이앤씨,신세계아이앤씨,1899-7495,9,2026-06-15 12:27:09,2026-06-11 01:24:13,2026-06-11 06:01:13,,,7.0,단독,28,28275,H0,H001,N,,Y,거주자외 출입제한,Y,차지비 이관,N,2024,2,B,에바,IN032033_14,False,False,서해구,서해구,서해구,False,True,True,False,False
청라웰카운티1차아파트,IN032033,15,2,인천광역시 서해구 청라에메랄드로 156,"201동앞,지하2층","201동앞,지하2층",37.5388,126.6573,24시간 이용가능,IN,신세계아이앤씨,신세계아이앤씨,1899-7495,9,2026-06-15 12:27:09,2026-06-10 17:00:19,2026-06-10 19:41:18,,,7.0,단독,28,28275,H0,H001,N,,Y,거주자외 출입제한,Y,차지비 이관,N,2024,1,B,에바,IN032033_15,False,False,서해구,서해구,서해구,False,True,True,False,False
청라웰카운티1차아파트,IN032033,16,2,인천광역시 서해구 청라에메랄드로 156,"201동앞,지하2층","201동앞,지하2층",37.5388,126.6573,24시간 이용가능,IN,신세계아이앤씨,신세계아이앤씨,1899-7495,9,2026-06-15 12:27:09,2026-06-04 23:09:26,2026-06-05 05:01:10,,,7.0,단독,28,28275,H0,H001,N,,Y,거주자외 출입제한,Y,차지비 이관,N,2024,1,B,에바,IN032033_16,False,False,서해구,서해구,서해구,False,True,True,False,False
청라웰카운티1차아파트,IN032033,17,2,인천광역시 서해구 청라에메랄드로 156,"201동앞,지하2층","201동앞,지하2층",37.5388,126.6573,24시간 이용가능,IN,신세계아이앤씨,신세계아이앤씨,1899-7495,9,2026-06-15 12:27:09,2026-06-10 22:07:12,2026-06-10 22:01:30,,,7.0,단독,28,28275,H0,H001,N,,Y,거주자외 출입제한,Y,차지비 이관,N,2024,1,B,에바,IN032033_17,False,False,서해구,서해구,서해구,False,True,True,False,False
청라웰카운티1차아파트,IN032033,18,2,인천광역시 서해구 청라에메랄드로 156,"201동앞,지하2층","201동앞,지하2층",37.5388,126.6573,24시간 이용가능,IN,신세계아이앤씨,신세계아이앤씨,1899-7495,9,2026-06-15 12:27:09,2026-06-10 22:42:05,2026-06-11 05:21:14,,,7.0,단독,28,28275,H0,H001,N,,Y,거주자외 출입제한,Y,차지비 이관,N,2024,1,B,에바,IN032033_18,False,False,서해구,서해구,서해구,False,True,True,False,False
청라웰카운티1차아파트,IN032033,19,2,인천광역시 서해구 청라에메랄드로 156,"201동앞,지하2층","201동앞,지하2층",37.5388,126.6573,24시간 이용가능,IN,신세계아이앤씨,신세계아이앤씨,1899-7495,9,2026-06-15 12:27:09,2026-06-09 07:59:47,2026-06-09 08:01:36,,,7.0,단독,28,28275,H0,H001,N,,Y,거주자외 출입제한,Y,차지비 이관,N,2024,1,B,에바,IN032033_19,False,False,서해구,서해구,서해구,False,True,True,False,False
청라웰카운티1차아파트,IN032033,20,2,인천광역시 서해구 청라에메랄드로 156,"201동앞,지하2층","201동앞,지하2층",37.5388,126.6573,24시간 이용가능,IN,신세계아이앤씨,신세계아이앤씨,1899-7495,9,2026-06-15 12:27:09,2026-01-22 10:03:36,2025-06-09 12:41:12,,,7.0,단독,28,28275,H0,H001,N,,Y,거주자외 출입제한,Y,차지비 이관,N,2024,1,B,에바,IN032033_20,False,False,서해구,서해구,서해구,False,True,True,False,False
청라웰카운티1차아파트,IN032033,21,2,인천광역시 서해구 청라에메랄드로 156,"201동앞,지하2층","201동앞,지하2층",37.5388,126.6573,24시간 이용가능,IN,신세계아이앤씨,신세계아이앤씨,1899-7495,9,2026-06-15 12:27:09,2026-06-11 01:09:26,2026-06-11 06:41:16,,,7.0,단독,28,28275,H0,H001,N,,Y,거주자외 출입제한,Y,차지비 이관,N,2024,1,B,에바,IN032033_21,False,False,서해구,서해구,서해구,False,True,True,False,False
청라웰카운티1차아파트,IN032033,22,2,인천광역시 서해구 청라에메랄드로 156,"201동앞,지하2층","201동앞,지하2층",37.5388,126.6573,24시간 이용가능,IN,신세계아이앤씨,신세계아이앤씨,1899-7495,1,2026-06-15 12:27:09,2026-06-10 07:37:54,2026-06-10 07:41:17,,,7.0,단독,28,28275,H0,H001,N,,Y,거주자외 출입제한,Y,차지비 이관,N,2024,1,B,에바,IN032033_22,False,False,서해구,서해구,서해구,False,True,True,False,False
청라웰카운티1차아파트,IN032033,23,4,인천광역시 서해구 청라에메랄드로 156,"201동앞,지하2층","201동앞,지하2층",37.5388,126.6573,24시간 이용가능,IN,신세계아이앤씨,신세계아이앤씨,1899-7495,9,2026-06-15 12:27:09,2026-06-11 08:49:43,2026-06-11 09:01:29,,,50.0,단독,28,28275,H0,H001,N,,N,,Y,차지비 이관,N,2024,2,B,휴맥스이브이,IN032033_23,False,False,서해구,서해구,서해구,False,True,False,False,False
갈산대성유니드,IN032037,1,2,인천광역시 부평구 새갈로 57,103동 앞 지상주차장,103동 앞 지상주차장,37.5222,126.7313,24시간 이용가능,IN,신세계아이앤씨,신세계아이앤씨,1899-7495,1,2026-06-15 12:27:09,2026-06-10 15:08:44,2026-06-11 01:41:16,,,7.0,단독,28,28237,H0,H001,N,,Y,거주자외 출입제한,Y,차지비 이관,N,2024,1,F,에바,IN032037_01,False,False,부평구,부평구,부평구,False,True,True,False,False
갈산대성유니드,IN032037,2,2,인천광역시 부평구 새갈로 57,103동 앞 지상주차장,103동 앞 지상주차장,37.5222,126.7313,24시간 이용가능,IN,신세계아이앤씨,신세계아이앤씨,1899-7495,9,2026-06-15 12:27:09,2026-04-15 10:28:54,2026-03-28 09:21:20,,,7.0,단독,28,28237,H0,H001,N,,Y,거주자외 출입제한,Y,차지비 이관,N,2024,1,F,에바,IN032037_02,False,False,부평구,부평구,부평구,False,True,True,False,False
갈산대성유니드,IN032037,3,2,인천광역시 부평구 새갈로 57,103동 앞 지상주차장,103동 앞 지상주차장,37.5222,126.7313,24시간 이용가능,IN,신세계아이앤씨,신세계아이앤씨,1899-7495,1,2026-06-15 12:27:09,2026-05-09 00:56:27,2026-05-09 15:21:46,,,7.0,단독,28,28237,H0,H001,N,,Y,거주자외 출입제한,Y,차지비 이관,N,2024,1,F,에바,IN032037_03,False,False,부평구,부평구,부평구,False,True,True,False,False
갈산대성유니드,IN032037,4,2,인천광역시 부평구 새갈로 57,103동 앞 지상주차장,103동 앞 지상주차장,37.5222,126.7313,24시간 이용가능,IN,신세계아이앤씨,신세계아이앤씨,1899-7495,1,2026-06-15 12:27:09,2026-06-10 00:53:42,2026-06-10 06:21:14,,,7.0,단독,28,28237,H0,H001,N,,Y,거주자외 출입제한,Y,차지비 이관,N,2024,1,F,에바,IN032037_04,False,False,부평구,부평구,부평구,False,True,True,False,False
갈산대성유니드,IN032037,5,2,인천광역시 부평구 새갈로 57,103동 앞 지상주차장,103동 앞 지상주차장,37.5222,126.7313,24시간 이용가능,IN,신세계아이앤씨,신세계아이앤씨,1899-7495,9,2026-06-15 12:27:09,2026-05-17 03:18:00,2026-05-17 08:21:14,,,7.0,단독,28,28237,H0,H001,N,,Y,거주자외 출입제한,Y,차지비 이관,N,2024,1,F,에바,IN032037_05,False,False,부평구,부평구,부평구,False,True,True,False,False
갈산대동1차,IN032038,1,2,인천광역시 부평구 주부토로 193,"104동, 유치원 뒤 지상","104동, 유치원 뒤 지상",37.5123,126.7234,24시간 이용가능,IN,신세계아이앤씨,신세계아이앤씨,1899-7495,1,2026-06-15 12:27:09,2026-06-09 20:33:30,2026-06-10 12:01:36,,,7.0,단독,28,28237,H0,H001,N,,Y,거주자외 출입제한,Y,차지비 이관,N,2024,1,F,에바,IN032038_01,False,False,부평구,부평구,부평구,False,True,True,False,False
갈산대동1차,IN032038,2,2,인천광역시 부평구 주부토로 193,"104동, 유치원 뒤 지상","104동, 유치원 뒤 지상",37.5123,126.7234,24시간 이용가능,IN,신세계아이앤씨,신세계아이앤씨,1899-7495,1,2026-06-15 12:27:09,2026-06-10 05:53:31,2026-06-10 07:01:12,,,7.0,단독,28,28237,H0,H001,N,,Y,거주자외 출입제한,Y,차지비 이관,N,2024,1,F,에바,IN032038_02,False,False,부평구,부평구,부평구,False,True,True,False,False
갈산대동1차,IN032038,3,2,인천광역시 부평구 주부토로 193,"104동, 유치원 뒤 지상","104동, 유치원 뒤 지상",37.5123,126.7234,24시간 이용가능,IN,신세계아이앤씨,신세계아이앤씨,1899-7495,1,2026-06-15 12:27:09,2026-06-10 20:55:41,2026-06-11 08:41:17,,,7.0,단독,28,28237,H0,H001,N,,Y,거주자외 출입제한,Y,차지비 이관,N,2024,1,F,에바,IN032038_03,False,False,부평구,부평구,부평구,False,True,True,False,False
갈산대동1차,IN032038,4,2,인천광역시 부평구 주부토로 193,"104동, 유치원 뒤 지상","104동, 유치원 뒤 지상",37.5123,126.7234,24시간 이용가능,IN,신세계아이앤씨,신세계아이앤씨,1899-7495,1,2026-06-15 12:27:09,2026-06-10 01:52:12,2026-06-10 12:01:36,,,7.0,단독,28,28237,H0,H001,N,,Y,거주자외 출입제한,Y,차지비 이관,N,2024,1,F,에바,IN032038_04,False,False,부평구,부평구,부평구,False,True,True,False,False
갈산대동1차,IN032038,5,2,인천광역시 부평구 주부토로 193,"104동, 유치원 뒤 지상","104동, 유치원 뒤 지상",37.5123,126.7234,24시간 이용가능,IN,신세계아이앤씨,신세계아이앤씨,1899-7495,1,2026-06-15 12:27:09,2026-06-09 05:18:28,2026-06-09 11:41:25,,,7.0,단독,28,28237,H0,H001,N,,Y,거주자외 출입제한,Y,차지비 이관,N,2024,1,F,에바,IN032038_05,False,False,부평구,부평구,부평구,False,True,True,False,False
갈산대동1차,IN032038,6,2,인천광역시 부평구 주부토로 193,"104동, 유치원 뒤 지상","104동, 유치원 뒤 지상",37.5123,126.7234,24시간 이용가능,IN,신세계아이앤씨,신세계아이앤씨,1899-7495,1,2026-06-15 12:27:09,2026-06-10 21:40:12,2026-06-11 10:21:18,,,7.0,단독,28,28237,H0,H001,N,,Y,거주자외 출입제한,Y,차지비 이관,N,2024,1,F,에바,IN032038_06,False,False,부평구,부평구,부평구,False,True,True,False,False
갈산대동1차,IN032038,7,2,인천광역시 부평구 주부토로 193,"104동, 유치원 뒤 지상","104동, 유치원 뒤 지상",37.5123,126.7234,24시간 이용가능,IN,신세계아이앤씨,신세계아이앤씨,1899-7495,1,2026-06-15 12:27:09,2026-04-15 15:46:33,2026-02-27 16:41:14,,,7.0,단독,28,28237,H0,H001,N,,Y,거주자외 출입제한,Y,차지비 이관,N,2024,1,F,에바,IN032038_07,False,False,부평구,부평구,부평구,False,True,True,False,False
갈산대동1차,IN032038,8,2,인천광역시 부평구 주부토로 193,"104동, 유치원 뒤 지상","104동, 유치원 뒤 지상",37.5123,126.7234,24시간 이용가능,IN,신세계아이앤씨,신세계아이앤씨,1899-7495,1,2026-06-15 12:27:09,2026-04-16 10:00:45,2026-04-16 10:01:39,,,7.0,단독,28,28237,H0,H001,N,,Y,거주자외 출입제한,Y,차지비 이관,N,2024,1,F,에바,IN032038_08,False,False,부평구,부평구,부평구,False,True,True,False,False
갈산대동1차,IN032038,9,2,인천광역시 부평구 주부토로 193,"104동, 유치원 뒤 지상","104동, 유치원 뒤 지상",37.5123,126.7234,24시간 이용가능,IN,신세계아이앤씨,신세계아이앤씨,1899-7495,1,2026-06-15 12:27:09,2026-04-24 16:02:13,2026-04-24 18:02:12,,,7.0,단독,28,28237,H0,H001,N,,Y,거주자외 출입제한,Y,차지비 이관,N,2024,1,F,에바,IN032038_09,False,False,부평구,부평구,부평구,False,True,True,False,False
갈산대동1차,IN032038,10,2,인천광역시 부평구 주부토로 193,"104동, 유치원 뒤 지상","104동, 유치원 뒤 지상",37.5123,126.7234,24시간 이용가능,IN,신세계아이앤씨,신세계아이앤씨,1899-7495,1,2026-06-15 12:27:09,2026-04-15 15:55:49,2025-08-17 16:01:39,,,7.0,단독,28,28237,H0,H001,N,,Y,거주자외 출입제한,Y,차지비 이관,N,2024,1,F,에바,IN032038_10,False,False,부평구,부평구,부평구,False,True,True,False,False
산곡1동현대아파트,IN032039,1,2,인천광역시 부평구 원적로269번길 15,현대아파트 105동 지상,105동 지상,35.5057,126.6941,24시간 이용가능,IN,신세계아이앤씨,신세계아이앤씨,1899-7495,9,2026-06-15 12:27:09,2026-06-08 00:48:49,2026-06-08 08:01:27,,,7.0,단독,28,28237,H0,H001,N,,Y,입주자 전용,Y,차지비 이관,N,2024,1,F,에바,IN032039_01,False,True,부평구,부평구,부평구,False,True,True,False,False
산곡1동현대아파트,IN032039,2,2,인천광역시 부평구 원적로269번길 15,현대아파트 105동 지상,105동 지상,35.5057,126.6941,24시간 이용가능,IN,신세계아이앤씨,신세계아이앤씨,1899-7495,9,2026-06-15 12:27:09,2026-06-08 04:50:01,2026-06-08 11:41:15,,,7.0,단독,28,28237,H0,H001,N,,Y,입주자 전용,Y,차지비 이관,N,2024,1,F,에바,IN032039_02,False,True,부평구,부평구,부평구,False,True,True,False,False
산곡1동현대아파트,IN032039,3,2,인천광역시 부평구 원적로269번길 15,현대아파트 105동 지상,105동 지상,35.5057,126.6941,24시간 이용가능,IN,신세계아이앤씨,신세계아이앤씨,1899-7495,9,2026-06-15 12:27:09,2026-06-03 03:12:20,2026-06-03 12:41:14,,,7.0,단독,28,28237,H0,H001,N,,Y,입주자 전용,Y,차지비 이관,N,2024,1,F,에바,IN032039_03,False,True,부평구,부평구,부평구,False,True,True,False,False
광명8차아파트,IN032040,1,2,인천광역시 미추홀구 인주대로418번길 19,정문입구주차장,정문입구주차장,37.4497,126.6841,24시간 이용가능,IN,신세계아이앤씨,신세계아이앤씨,1899-7495,9,2026-06-15 12:27:09,2026-06-11 08:30:09,2026-06-11 08:41:17,,,7.0,단독,28,28177,H0,H001,N,,Y,입주자 전용,Y,차지비 이관,N,2024,1,F,에바,IN032040_01,False,False,미추홀구,미추홀구,미추홀구,False,True,True,False,False
광명8차아파트,IN032040,2,2,인천광역시 미추홀구 인주대로418번길 19,정문입구주차장,정문입구주차장,37.4497,126.6841,24시간 이용가능,IN,신세계아이앤씨,신세계아이앤씨,1899-7495,9,2026-06-15 12:27:09,2026-06-09 08:28:32,2026-06-09 08:41:14,,,7.0,단독,28,28177,H0,H001,N,,Y,입주자 전용,Y,차지비 이관,N,2024,1,F,에바,IN032040_02,False,False,미추홀구,미추홀구,미추홀구,False,True,True,False,False
광명8차아파트,IN032040,3,2,인천광역시 미추홀구 인주대로418번길 19,정문입구주차장,정문입구주차장,37.4497,126.6841,24시간 이용가능,IN,신세계아이앤씨,신세계아이앤씨,1899-7495,9,2026-06-15 12:27:09,2026-06-11 07:21:16,2026-06-11 13:01:30,,,7.0,단독,28,28177,H0,H001,N,,Y,입주자 전용,Y,차지비 이관,N,2024,1,F,에바,IN032040_03,False,False,미추홀구,미추홀구,미추홀구,False,True,True,False,False
광명8차아파트,IN032040,4,2,인천광역시 미추홀구 인주대로418번길 19,정문입구주차장,정문입구주차장,37.4497,126.6841,24시간 이용가능,IN,신세계아이앤씨,신세계아이앤씨,1899-7495,2,2026-06-15 12:27:09,2026-06-10 11:06:25,2026-06-11 22:41:43,,,7.0,단독,28,28177,H0,H001,N,,Y,입주자 전용,Y,차지비 이관,N,2024,1,F,에바,IN032040_04,False,False,미추홀구,미추홀구,미추홀구,False,True,True,False,False
광명8차아파트,IN032040,5,2,인천광역시 미추홀구 인주대로418번길 19,정문입구주차장,정문입구주차장,37.4497,126.6841,24시간 이용가능,IN,신세계아이앤씨,신세계아이앤씨,1899-7495,9,2026-06-15 12:27:09,2026-06-10 20:25:17,2026-06-10 20:41:19,,,7.0,단독,28,28177,H0,H001,N,,Y,입주자 전용,Y,차지비 이관,N,2024,1,F,에바,IN032040_05,False,False,미추홀구,미추홀구,미추홀구,False,True,True,False,False
효성6차뉴서울,IN032041,1,2,인천광역시 계양구 아나지로198번길 8,지상주차장,지상주차장,37.5249,126.7124,24시간 이용가능,IN,신세계아이앤씨,신세계아이앤씨,1899-7495,1,2026-06-15 12:27:10,2026-06-10 21:37:43,2026-06-11 07:21:24,,,7.0,단독,28,28245,H0,H001,N,,Y,거주자외 출입제한,Y,차지비 이관,N,2024,1,F,에바,IN032041_01,False,False,계양구,계양구,계양구,False,True,True,False,False
효성6차뉴서울,IN032041,2,2,인천광역시 계양구 아나지로198번길 8,지상주차장,지상주차장,37.5249,126.7124,24시간 이용가능,IN,신세계아이앤씨,신세계아이앤씨,1899-7495,9,2026-06-15 12:27:10,2026-06-09 23:41:12,2026-06-10 08:01:41,,,7.0,단독,28,28245,H0,H001,N,,Y,거주자외 출입제한,Y,차지비 이관,N,2024,1,F,에바,IN032041_02,False,False,계양구,계양구,계양구,False,True,True,False,False
효성6차뉴서울,IN032041,3,2,인천광역시 계양구 아나지로198번길 8,지상주차장,지상주차장,37.5249,126.7124,24시간 이용가능,IN,신세계아이앤씨,신세계아이앤씨,1899-7495,1,2026-06-15 12:27:10,2026-06-11 00:42:47,2026-06-11 08:01:31,,,7.0,단독,28,28245,H0,H001,N,,Y,거주자외 출입제한,Y,차지비 이관,N,2024,1,F,에바,IN032041_03,False,False,계양구,계양구,계양구,False,True,True,False,False
효성6차뉴서울,IN032041,4,2,인천광역시 계양구 아나지로198번길 8,지상주차장,지상주차장,37.5249,126.7124,24시간 이용가능,IN,신세계아이앤씨,신세계아이앤씨,1899-7495,2,2026-06-15 12:27:10,2026-06-11 17:04:57,2026-06-11 17:21:28,,,7.0,단독,28,28245,H0,H001,N,,Y,거주자외 출입제한,Y,차지비 이관,N,2024,1,F,에바,IN032041_04,False,False,계양구,계양구,계양구,False,True,True,False,False
효성6차뉴서울,IN032041,5,2,인천광역시 계양구 아나지로198번길 8,지상주차장,지상주차장,37.5249,126.7124,24시간 이용가능,IN,신세계아이앤씨,신세계아이앤씨,1899-7495,1,2026-06-15 12:27:10,2026-06-01 01:18:54,2026-06-01 18:21:19,,,7.0,단독,28,28245,H0,H001,N,,Y,거주자외 출입제한,Y,차지비 이관,N,2024,1,F,에바,IN032041_05,False,False,계양구,계양구,계양구,False,True,True,False,False
효성6차뉴서울,IN032041,6,2,인천광역시 계양구 아나지로198번길 8,지상주차장,지상주차장,37.5249,126.7124,24시간 이용가능,IN,신세계아이앤씨,신세계아이앤씨,1899-7495,1,2026-06-15 12:27:10,2026-05-24 01:22:54,2026-05-24 08:21:17,,,7.0,단독,28,28245,H0,H001,N,,Y,거주자외 출입제한,Y,차지비 이관,N,2024,1,F,에바,IN032041_06,False,False,계양구,계양구,계양구,False,True,True,False,False
효성6차뉴서울,IN032041,7,2,인천광역시 계양구 아나지로198번길 8,지상주차장,지상주차장,37.5249,126.7124,24시간 이용가능,IN,신세계아이앤씨,신세계아이앤씨,1899-7495,1,2026-06-15 12:27:10,2026-06-11 03:27:58,2026-06-11 07:01:35,,,7.0,단독,28,28245,H0,H001,N,,Y,거주자외 출입제한,Y,차지비 이관,N,2024,1,F,에바,IN032041_07,False,False,계양구,계양구,계양구,False,True,True,False,False
효성6차뉴서울,IN032041,8,2,인천광역시 계양구 아나지로198번길 8,지상주차장,지상주차장,37.5249,126.7124,24시간 이용가능,IN,신세계아이앤씨,신세계아이앤씨,1899-7495,2,2026-06-15 12:27:10,2026-06-11 10:50:16,2026-06-11 18:21:41,,,7.0,단독,28,28245,H0,H001,N,,Y,거주자외 출입제한,Y,차지비 이관,N,2024,1,F,에바,IN032041_08,False,False,계양구,계양구,계양구,False,True,True,False,False
효성6차뉴서울,IN032041,9,2,인천광역시 계양구 아나지로198번길 8,지상주차장,지상주차장,37.5249,126.7124,24시간 이용가능,IN,신세계아이앤씨,신세계아이앤씨,1899-7495,1,2026-06-15 12:27:10,2026-06-09 03:34:27,2026-06-09 09:21:18,,,7.0,단독,28,28245,H0,H001,N,,Y,거주자외 출입제한,Y,차지비 이관,N,2024,1,F,에바,IN032041_09,False,False,계양구,계양구,계양구,False,True,True,False,False
효성6차뉴서울,IN032041,10,2,인천광역시 계양구 아나지로198번길 8,지상주차장,지상주차장,37.5249,126.7124,24시간 이용가능,IN,신세계아이앤씨,신세계아이앤씨,1899-7495,1,2026-06-15 12:27:10,2026-06-06 03:49:27,2026-06-06 10:21:18,,,7.0,단독,28,28245,H0,H001,N,,Y,거주자외 출입제한,Y,차지비 이관,N,2024,1,F,에바,IN032041_10,False,False,계양구,계양구,계양구,False,True,True,False,False
관교풍림아이원,IN032042,1,2,인천광역시 미추홀구 문화로 45,"정문 옆, 102동 옆","정문 옆, 102동 옆",37.4428,126.6978,24시간 이용가능,IN,신세계아이앤씨,신세계아이앤씨,1899-7495,9,2026-06-15 12:27:10,2026-06-10 23:14:17,2026-06-11 06:41:16,,,7.0,단독,28,28177,H0,H001,N,,Y,거주자외 출입제한,Y,차지비 이관,N,2024,1,F,에바,IN032042_01,False,False,미추홀구,미추홀구,미추홀구,False,True,True,False,False
관교풍림아이원,IN032042,2,2,인천광역시 미추홀구 문화로 45,"정문 옆, 102동 옆","정문 옆, 102동 옆",37.4428,126.6978,24시간 이용가능,IN,신세계아이앤씨,신세계아이앤씨,1899-7495,3,2026-06-15 12:27:10,2026-06-09 17:07:26,2026-06-09 17:01:30,2026-06-09 17:21:17,,7.0,단독,28,28177,H0,H001,N,,Y,거주자외 출입제한,Y,차지비 이관,N,2024,1,F,에바,IN032042_02,False,False,미추홀구,미추홀구,미추홀구,False,True,True,False,False
관교풍림아이원,IN032042,3,2,인천광역시 미추홀구 문화로 45,"정문 옆, 102동 옆","정문 옆, 102동 옆",37.4428,126.6978,24시간 이용가능,IN,신세계아이앤씨,신세계아이앤씨,1899-7495,9,2026-06-15 12:27:10,2026-06-11 06:31:59,2026-06-11 08:01:31,,,7.0,단독,28,28177,H0,H001,N,,N,거주자외 출입제한,Y,차지비 이관,N,2024,1,F,에바,IN032042_03,False,False,미추홀구,미추홀구,미추홀구,False,True,False,False,False
관교풍림아이원,IN032042,4,2,인천광역시 미추홀구 문화로 45,"정문 옆, 102동 옆","정문 옆, 102동 옆",37.4428,126.6978,24시간 이용가능,IN,신세계아이앤씨,신세계아이앤씨,1899-7495,1,2026-06-15 12:27:10,2026-06-10 17:57:41,2026-06-11 12:21:17,,,7.0,단독,28,28177,H0,H001,N,,Y,거주자외 출입제한,Y,차지비 이관,N,2024,1,F,에바,IN032042_04,False,False,미추홀구,미추홀구,미추홀구,False,True,True,False,False
관교풍림아이원,IN032042,5,2,인천광역시 미추홀구 문화로 45,"정문 옆, 102동 옆","정문 옆, 102동 옆",37.4428,126.6978,24시간 이용가능,IN,신세계아이앤씨,신세계아이앤씨,1899-7495,9,2026-06-15 12:27:10,,,,,7.0,단독,28,28177,H0,H001,N,,Y,거주자외 출입제한,Y,차지비 이관,N,2024,1,F,에바,IN032042_05,False,False,미추홀구,미추홀구,미추홀구,False,True,True,False,False
관교풍림아이원,IN032042,6,2,인천광역시 미추홀구 문화로 45,"정문 옆, 102동 옆","정문 옆, 102동 옆",37.4428,126.6978,24시간 이용가능,IN,신세계아이앤씨,신세계아이앤씨,1899-7495,9,2026-06-15 12:27:10,2026-06-01 12:46:54,2026-06-01 17:41:17,,,7.0,단독,28,28177,H0,H001,N,,Y,거주자외 출입제한,Y,차지비 이관,N,2024,1,F,에바,IN032042_06,False,False,미추홀구,미추홀구,미추홀구,False,True,True,False,False
관교풍림아이원,IN032042,7,2,인천광역시 미추홀구 문화로 45,"정문 옆, 102동 옆","정문 옆, 102동 옆",37.4428,126.6978,24시간 이용가능,IN,신세계아이앤씨,신세계아이앤씨,1899-7495,9,2026-06-15 12:27:10,2026-05-18 02:35:04,2026-05-18 08:21:17,,,7.0,단독,28,28177,H0,H001,N,,Y,거주자외 출입제한,Y,차지비 이관,N,2024,1,F,에바,IN032042_07,False,False,미추홀구,미추홀구,미추홀구,False,True,True,False,False
관교풍림아이원,IN032042,8,2,인천광역시 미추홀구 문화로 45,"정문 옆, 102동 옆","정문 옆, 102동 옆",37.4428,126.6978,24시간 이용가능,IN,신세계아이앤씨,신세계아이앤씨,1899-7495,9,2026-06-15 12:27:10,2026-05-04 01:35:26,2026-05-04 10:21:24,,,7.0,단독,28,28177,H0,H001,N,,Y,거주자외 출입제한,Y,차지비 이관,N,2025,1,F,에바,IN032042_08,False,False,미추홀구,미추홀구,미추홀구,False,True,True,False,False
연희중앙아파트,IN032043,1,2,인천광역시 서해구 승학로 334,단지 뒷편,단지 뒷편,37.5516,126.6739,24시간 이용가능,IN,신세계아이앤씨,신세계아이앤씨,1899-7495,9,2026-06-15 12:27:10,2026-06-08 15:45:15,2026-06-08 16:01:41,,,7.0,단독,28,28275,H0,H001,N,,Y,거주자외 출입제한,Y,차지비 이관,N,2024,1,F,에바,IN032043_01,False,False,서해구,서해구,서해구,False,True,True,False,False
연희중앙아파트,IN032043,2,2,인천광역시 서해구 승학로 334,단지 뒷편,단지 뒷편,37.5516,126.6739,24시간 이용가능,IN,신세계아이앤씨,신세계아이앤씨,1899-7495,1,2026-06-15 12:27:10,2026-06-07 03:59:22,2026-06-07 14:01:29,,,7.0,단독,28,28275,H0,H001,N,,Y,거주자외 출입제한,Y,차지비 이관,N,2024,1,F,에바,IN032043_02,False,False,서해구,서해구,서해구,False,True,True,False,False
연희중앙아파트,IN032043,3,2,인천광역시 서해구 승학로 334,단지 뒷편,단지 뒷편,37.5516,126.6739,24시간 이용가능,IN,신세계아이앤씨,신세계아이앤씨,1899-7495,9,2026-06-15 12:27:10,2026-06-08 08:38:36,2026-06-08 08:41:19,,,7.0,단독,28,28275,H0,H001,N,,N,거주자외 출입제한,Y,차지비 이관,N,2024,1,F,에바,IN032043_03,False,False,서해구,서해구,서해구,False,True,False,False,False
검암2차신명스카이뷰,IN032044,1,2,인천광역시 서해구 검암로10번길 54,검암2차신명스카이뷰,"605,6동 뒤 지상주차장",37.566,126.6865,24시간 이용가능,IN,신세계아이앤씨,신세계아이앤씨,1899-7495,9,2026-06-15 12:27:10,2026-06-11 01:21:40,2026-06-11 08:21:18,,,7.0,단독,28,28275,H0,H001,N,,Y,거주자외 출입제한,Y,차지비 이관,N,2024,1,F,에바,IN032044_01,False,False,서해구,서해구,서해구,False,True,True,False,False
검암2차신명스카이뷰,IN032044,2,2,인천광역시 서해구 검암로10번길 54,검암2차신명스카이뷰,"605,6동 뒤 지상주차장",37.566,126.6865,24시간 이용가능,IN,신세계아이앤씨,신세계아이앤씨,1899-7495,9,2026-06-15 12:27:10,2026-06-07 23:23:49,2026-06-08 08:41:19,,,7.0,단독,28,28275,H0,H001,N,,Y,거주자외 출입제한,Y,차지비 이관,N,2024,1,F,에바,IN032044_02,False,False,서해구,서해구,서해구,False,True,True,False,False
검암2차신명스카이뷰,IN032044,3,2,인천광역시 서해구 검암로10번길 54,검암2차신명스카이뷰,"605,6동 뒤 지상주차장",37.566,126.6865,24시간 이용가능,IN,신세계아이앤씨,신세계아이앤씨,1899-7495,9,2026-06-15 12:27:10,2026-06-03 16:27:27,2026-06-03 16:41:17,,,7.0,단독,28,28275,H0,H001,N,,Y,거주자외 출입제한,Y,차지비 이관,N,2024,1,F,에바,IN032044_03,False,False,서해구,서해구,서해구,False,True,True,False,False
검암2차신명스카이뷰,IN032044,4,2,인천광역시 서해구 검암로10번길 54,검암2차신명스카이뷰,"605,6동 뒤 지상주차장",37.566,126.6865,24시간 이용가능,IN,신세계아이앤씨,신세계아이앤씨,1899-7495,9,2026-06-15 12:27:10,2026-06-10 17:10:00,2026-06-11 06:21:17,,,7.0,단독,28,28275,H0,H001,N,,Y,거주자외 출입제한,Y,차지비 이관,N,2024,1,F,에바,IN032044_04,False,False,서해구,서해구,서해구,False,True,True,False,False
검암2차신명스카이뷰,IN032044,5,2,인천광역시 서해구 검암로10번길 54,검암2차신명스카이뷰,"605,6동 뒤 지상주차장",37.566,126.6865,24시간 이용가능,IN,신세계아이앤씨,신세계아이앤씨,1899-7495,1,2026-06-15 12:27:10,2026-06-11 12:00:18,2026-06-11 12:01:33,,,7.0,단독,28,28275,H0,H001,N,,Y,거주자외 출입제한,Y,차지비 이관,N,2024,1,F,에바,IN032044_05,False,False,서해구,서해구,서해구,False,True,True,False,False
검암2차신명스카이뷰,IN032044,6,2,인천광역시 서해구 검암로10번길 54,검암2차신명스카이뷰,"605,6동 뒤 지상주차장",37.566,126.6865,24시간 이용가능,IN,신세계아이앤씨,신세계아이앤씨,1899-7495,9,2026-06-15 12:27:10,2026-06-11 06:48:42,2026-06-11 07:41:17,,,7.0,단독,28,28275,H0,H001,N,,Y,거주자외 출입제한,Y,차지비 이관,N,2024,1,F,에바,IN032044_06,False,False,서해구,서해구,서해구,False,True,True,False,False
검암2차신명스카이뷰,IN032044,7,2,인천광역시 서해구 검암로10번길 54,검암2차신명스카이뷰,"605,6동 뒤 지상주차장",37.566,126.6865,24시간 이용가능,IN,신세계아이앤씨,신세계아이앤씨,1899-7495,9,2026-06-15 12:27:10,2026-06-08 18:25:32,2026-06-08 18:41:14,,,7.0,단독,28,28275,H0,H001,N,,Y,거주자외 출입제한,Y,차지비 이관,N,2024,1,F,에바,IN032044_07,False,False,서해구,서해구,서해구,False,True,True,False,False
송도GTX센트럴빌딩,IN032045,1,2,인천광역시 연수구 하모니로178번길 22,송도GTX센트럴빌딩,B3 A동입구,37.383,126.6409,24시간 이용가능,IN,신세계아이앤씨,신세계아이앤씨,1899-7495,1,2026-06-15 12:27:10,2026-06-05 17:39:16,2026-06-05 17:41:16,,,7.0,단독,28,28185,G0,G004,N,,N,,Y,차지비 이관,N,2024,3,B,에바,IN032045_01,False,False,연수구,연수구,연수구,False,True,False,False,False
송도GTX센트럴빌딩,IN032045,2,2,인천광역시 연수구 하모니로178번길 22,송도GTX센트럴빌딩,B3 A동입구,37.383,126.6409,24시간 이용가능,IN,신세계아이앤씨,신세계아이앤씨,1899-7495,1,2026-06-15 12:27:10,2026-06-10 12:51:38,2026-06-10 13:01:31,,,7.0,단독,28,28185,G0,G004,N,,N,,Y,차지비 이관,N,2024,3,B,에바,IN032045_02,False,False,연수구,연수구,연수구,False,True,False,False,False
송도GTX센트럴빌딩,IN032045,3,2,인천광역시 연수구 하모니로178번길 22,송도GTX센트럴빌딩,B3 A동입구,37.383,126.6409,24시간 이용가능,IN,신세계아이앤씨,신세계아이앤씨,1899-7495,1,2026-06-15 12:27:10,2026-06-07 14:28:31,2026-06-11 22:41:44,,,7.0,단독,28,28185,G0,G004,N,,N,,Y,차지비 이관,N,2024,3,B,에바,IN032045_03,False,False,연수구,연수구,연수구,False,True,False,False,False
송도GTX센트럴빌딩,IN032045,4,2,인천광역시 연수구 하모니로178번길 22,송도GTX센트럴빌딩,B3 A동입구,37.383,126.6409,24시간 이용가능,IN,신세계아이앤씨,신세계아이앤씨,1899-7495,1,2026-06-15 12:27:10,2026-05-16 19:06:37,2026-05-17 11:01:33,,,7.0,단독,28,28185,G0,G004,N,,N,,Y,차지비 이관,N,2024,3,B,에바,IN032045_04,False,False,연수구,연수구,연수구,False,True,False,False,False
송도GTX센트럴빌딩,IN032045,5,2,인천광역시 연수구 하모니로178번길 22,송도GTX센트럴빌딩,B3 A동입구,37.383,126.6409,24시간 이용가능,IN,신세계아이앤씨,신세계아이앤씨,1899-7495,1,2026-06-15 12:27:10,2026-06-04 17:42:29,2026-06-04 18:01:31,,,7.0,단독,28,28185,G0,G004,N,,N,,Y,차지비 이관,N,2024,3,B,에바,IN032045_05,False,False,연수구,연수구,연수구,False,True,False,False,False
송도GTX센트럴빌딩,IN032045,6,2,인천광역시 연수구 하모니로178번길 22,송도GTX센트럴빌딩,B3 A동입구,37.383,126.6409,24시간 이용가능,IN,신세계아이앤씨,신세계아이앤씨,1899-7495,1,2026-06-15 12:27:10,2026-06-02 17:56:54,2026-06-02 18:01:34,,,7.0,단독,28,28185,G0,G004,N,,N,,Y,차지비 이관,N,2024,3,B,에바,IN032045_06,False,False,연수구,연수구,연수구,False,True,False,False,False
송도GTX센트럴빌딩,IN032045,7,2,인천광역시 연수구 하모니로178번길 22,송도GTX센트럴빌딩,B3 A동입구,37.383,126.6409,24시간 이용가능,IN,신세계아이앤씨,신세계아이앤씨,1899-7495,9,2026-06-15 12:27:10,2026-06-06 18:04:13,2026-06-06 18:21:41,,,7.0,단독,28,28185,G0,G004,N,,N,,Y,차지비 이관,N,2024,3,B,에바,IN032045_07,False,False,연수구,연수구,연수구,False,True,False,False,False
송도GTX센트럴빌딩,IN032045,8,2,인천광역시 연수구 하모니로178번길 22,송도GTX센트럴빌딩,B3 A동입구,37.383,126.6409,24시간 이용가능,IN,신세계아이앤씨,신세계아이앤씨,1899-7495,9,2026-06-15 12:27:10,2026-06-08 12:34:57,2026-06-08 20:01:48,,,7.0,단독,28,28185,G0,G004,N,,N,,Y,차지비 이관,N,2024,3,B,에바,IN032045_08,False,False,연수구,연수구,연수구,False,True,False,False,False
송도GTX센트럴빌딩,IN032045,9,2,인천광역시 연수구 하모니로178번길 22,송도GTX센트럴빌딩,B3 A동입구,37.383,126.6409,24시간 이용가능,IN,신세계아이앤씨,신세계아이앤씨,1899-7495,9,2026-06-15 12:27:10,2026-06-09 05:21:51,2026-06-09 09:21:18,,,7.0,단독,28,28185,G0,G004,N,,N,,Y,차지비 이관,N,2024,3,B,에바,IN032045_09,False,False,연수구,연수구,연수구,False,True,False,False,False
송도GTX센트럴빌딩,IN032045,10,2,인천광역시 연수구 하모니로178번길 22,송도GTX센트럴빌딩,B3 A동입구,37.383,126.6409,24시간 이용가능,IN,신세계아이앤씨,신세계아이앤씨,1899-7495,9,2026-06-15 12:27:10,2026-06-10 13:03:56,2026-06-10 13:21:18,,,7.0,단독,28,28185,G0,G004,N,,N,,Y,차지비 이관,N,2024,3,B,에바,IN032045_10,False,False,연수구,연수구,연수구,False,True,False,False,False
송도GTX센트럴빌딩,IN032045,11,2,인천광역시 연수구 하모니로178번길 22,송도GTX센트럴빌딩,B3 A동입구,37.383,126.6409,24시간 이용가능,IN,신세계아이앤씨,신세계아이앤씨,1899-7495,9,2026-06-15 12:27:10,2026-05-24 21:32:59,2026-05-25 09:01:34,,,7.0,단독,28,28185,G0,G004,N,,N,,Y,차지비 이관,N,2024,3,B,에바,IN032045_11,False,False,연수구,연수구,연수구,False,True,False,False,False
송도GTX센트럴빌딩,IN032045,12,2,인천광역시 연수구 하모니로178번길 22,송도GTX센트럴빌딩,B3 A동입구,37.383,126.6409,24시간 이용가능,IN,신세계아이앤씨,신세계아이앤씨,1899-7495,9,2026-06-15 12:27:10,2026-06-10 14:14:09,2026-06-10 14:21:37,,,7.0,단독,28,28185,G0,G004,N,,N,,Y,차지비 이관,N,2024,3,B,에바,IN032045_12,False,False,연수구,연수구,연수구,False,True,False,False,False
송도GTX센트럴빌딩,IN032045,13,2,인천광역시 연수구 하모니로178번길 22,송도GTX센트럴빌딩,B3 A동입구,37.383,126.6409,24시간 이용가능,IN,신세계아이앤씨,신세계아이앤씨,1899-7495,9,2026-06-15 12:27:10,2026-06-10 15:49:49,2026-06-10 16:01:35,,,7.0,단독,28,28185,G0,G004,N,,N,,Y,차지비 이관,N,2024,3,B,에바,IN032045_13,False,False,연수구,연수구,연수구,False,True,False,False,False
송도GTX센트럴빌딩,IN032045,14,4,인천광역시 연수구 하모니로178번길 22,송도GTX센트럴빌딩,B3 A동입구,37.383,126.6409,24시간 이용가능,IN,신세계아이앤씨,신세계아이앤씨,1899-7495,9,2026-06-15 12:27:10,2026-06-11 14:46:13,2026-06-11 15:01:32,,,50.0,단독,28,28185,G0,G004,N,,N,,Y,차지비 이관,N,2024,3,B,휴맥스이브이,IN032045_14,False,False,연수구,연수구,연수구,False,True,False,False,False
갈산태화아파트,IN032046,1,2,인천광역시 부평구 갈월서로 46,갈산태화아파트,"1,7동 앞 지상",37.5107,126.7241,24시간 이용가능,IN,신세계아이앤씨,신세계아이앤씨,1899-7495,9,2026-06-15 12:27:10,2026-06-07 01:34:52,2026-06-07 11:41:16,,,7.0,단독,28,28237,H0,H001,N,,Y,거주자외 출입제한,Y,차지비 이관,N,2024,1,F,에바,IN032046_01,False,False,부평구,부평구,부평구,False,True,True,False,False
갈산태화아파트,IN032046,2,2,인천광역시 부평구 갈월서로 46,갈산태화아파트,"1,7동 앞 지상",37.5107,126.7241,24시간 이용가능,IN,신세계아이앤씨,신세계아이앤씨,1899-7495,9,2026-06-15 12:27:10,2026-06-11 01:03:18,2026-06-11 06:01:13,,,7.0,단독,28,28237,H0,H001,N,,Y,거주자외 출입제한,Y,차지비 이관,N,2024,1,F,에바,IN032046_02,False,False,부평구,부평구,부평구,False,True,True,False,False
갈산태화아파트,IN032046,3,2,인천광역시 부평구 갈월서로 46,갈산태화아파트,"1,7동 앞 지상",37.5107,126.7241,24시간 이용가능,IN,신세계아이앤씨,신세계아이앤씨,1899-7495,1,2026-06-15 12:27:11,2026-06-11 04:11:25,2026-06-11 11:01:36,,,7.0,단독,28,28237,H0,H001,N,,Y,거주자외 출입제한,Y,차지비 이관,N,2024,1,F,에바,IN032046_03,False,False,부평구,부평구,부평구,False,True,True,False,False
갈산태화아파트,IN032046,4,2,인천광역시 부평구 갈월서로 46,갈산태화아파트,"1,7동 앞 지상",37.5107,126.7241,24시간 이용가능,IN,신세계아이앤씨,신세계아이앤씨,1899-7495,9,2026-06-15 12:27:11,2026-06-11 02:50:57,2026-06-11 07:41:17,,,7.0,단독,28,28237,H0,H001,N,,Y,거주자외 출입제한,Y,차지비 이관,N,2024,1,F,에바,IN032046_04,False,False,부평구,부평구,부평구,False,True,True,False,False
갈산태화아파트,IN032046,5,2,인천광역시 부평구 갈월서로 46,갈산태화아파트,"1,7동 앞 지상",37.5107,126.7241,24시간 이용가능,IN,신세계아이앤씨,신세계아이앤씨,1899-7495,9,2026-06-15 12:27:11,2026-06-08 18:02:35,2026-06-09 06:01:14,,,7.0,단독,28,28237,H0,H001,N,,Y,거주자외 출입제한,Y,차지비 이관,N,2024,1,F,에바,IN032046_05,False,False,부평구,부평구,부평구,False,True,True,False,False
갈산태화아파트,IN032046,6,2,인천광역시 부평구 갈월서로 46,갈산태화아파트,"1,7동 앞 지상",37.5107,126.7241,24시간 이용가능,IN,신세계아이앤씨,신세계아이앤씨,1899-7495,9,2026-06-15 12:27:11,2026-05-31 12:19:32,2026-06-01 05:21:16,,,7.0,단독,28,28237,H0,H001,N,,Y,거주자외 출입제한,Y,차지비 이관,N,2024,1,F,에바,IN032046_06,False,False,부평구,부평구,부평구,False,True,True,False,False
갈산태화아파트,IN032046,7,2,인천광역시 부평구 갈월서로 46,갈산태화아파트,"1,7동 앞 지상",37.5107,126.7241,24시간 이용가능,IN,신세계아이앤씨,신세계아이앤씨,1899-7495,9,2026-06-15 12:27:11,2026-06-10 13:51:49,2026-06-10 21:41:17,,,7.0,단독,28,28237,H0,H001,N,,Y,거주자외 출입제한,Y,차지비 이관,N,2024,1,F,에바,IN032046_07,False,False,부평구,부평구,부평구,False,True,True,False,False
갈산태화아파트,IN032046,8,2,인천광역시 부평구 갈월서로 46,갈산태화아파트,"1,7동 앞 지상",37.5107,126.7241,24시간 이용가능,IN,신세계아이앤씨,신세계아이앤씨,1899-7495,9,2026-06-15 12:27:11,2026-06-11 02:17:44,2026-06-11 06:41:17,,,7.0,단독,28,28237,H0,H001,N,,Y,거주자외 출입제한,Y,차지비 이관,N,2024,1,F,에바,IN032046_08,False,False,부평구,부평구,부평구,False,True,True,False,False
갈산태화아파트,IN032046,9,2,인천광역시 부평구 갈월서로 46,갈산태화아파트,"1,7동 앞 지상",37.5107,126.7241,24시간 이용가능,IN,신세계아이앤씨,신세계아이앤씨,1899-7495,9,2026-06-15 12:27:11,2026-06-11 00:04:14,2026-06-11 08:01:31,,,7.0,단독,28,28237,H0,H001,N,,Y,거주자외 출입제한,Y,차지비 이관,N,2024,1,F,에바,IN032046_09,False,False,부평구,부평구,부평구,False,True,True,False,False
광명12차아파트,IN032047,1,2,인천광역시 부평구 후정동로 63,광명12차아파트,6동 옆 지상주차장,37.5236,126.7363,24시간 이용가능,IN,신세계아이앤씨,신세계아이앤씨,1899-7495,1,2026-06-15 12:27:11,2026-02-10 09:28:48,2026-01-18 05:21:19,,,7.0,단독,28,28237,H0,H001,N,,Y,거주자외 출입제한,Y,차지비 이관,N,2024,1,F,에바,IN032047_01,False,False,부평구,부평구,부평구,False,True,True,False,False
광명12차아파트,IN032047,2,2,인천광역시 부평구 후정동로 63,광명12차아파트,6동 옆 지상주차장,37.5236,126.7363,24시간 이용가능,IN,신세계아이앤씨,신세계아이앤씨,1899-7495,1,2026-06-15 12:27:11,2026-05-22 03:34:30,2026-05-22 06:01:34,,,7.0,단독,28,28237,H0,H001,N,,Y,거주자외 출입제한,Y,차지비 이관,N,2024,1,F,에바,IN032047_02,False,False,부평구,부평구,부평구,False,True,True,False,False
광명12차아파트,IN032047,3,2,인천광역시 부평구 후정동로 63,광명12차아파트,6동 옆 지상주차장,37.5236,126.7363,24시간 이용가능,IN,신세계아이앤씨,신세계아이앤씨,1899-7495,1,2026-06-15 12:27:11,2026-06-03 00:25:57,2026-06-03 11:21:17,,,7.0,단독,28,28237,H0,H001,N,,Y,거주자외 출입제한,Y,차지비 이관,N,2024,1,F,에바,IN032047_03,False,False,부평구,부평구,부평구,False,True,True,False,False
광명12차아파트,IN032047,4,2,인천광역시 부평구 후정동로 63,광명12차아파트,6동 옆 지상주차장,37.5236,126.7363,24시간 이용가능,IN,신세계아이앤씨,신세계아이앤씨,1899-7495,1,2026-06-15 12:27:11,2026-06-10 22:34:31,2026-06-10 22:21:18,,,7.0,단독,28,28237,H0,H001,N,,Y,거주자외 출입제한,Y,차지비 이관,N,2024,1,F,에바,IN032047_04,False,False,부평구,부평구,부평구,False,True,True,False,False
인천항동물류센터,IN032048,1,2,인천광역시 제물포구 축항대로165번길 20,인천항동물류센터,옥외주차장,37.4541,126.6159,24시간 이용가능,IN,신세계아이앤씨,신세계아이앤씨,1899-7495,9,2026-06-15 12:27:11,2026-06-09 13:56:19,2026-06-09 18:21:15,,,7.0,단독,28,28125,G0,G004,N,,Y,관계자 전용,Y,차지비 이관,N,2024,1,F,에바,IN032048_01,False,False,제물포구,제물포구,제물포구,False,True,True,False,False
인천항동물류센터,IN032048,2,4,인천광역시 제물포구 축항대로165번길 20,인천항동물류센터,옥외주차장,37.4541,126.6159,24시간 이용가능,IN,신세계아이앤씨,신세계아이앤씨,1899-7495,2,2026-07-11 08:41:16,2026-07-11 08:22:51,2026-07-11 08:41:16,,,100.0,동시,28,28125,G0,G004,N,,Y,관계자 전용,Y,차지비 이관,N,2024,1,F,모던텍,IN032048_02,False,False,제물포구,제물포구,제물포구,False,True,True,False,False
인천항동물류센터,IN032048,3,4,인천광역시 제물포구 축항대로165번길 20,인천항동물류센터,옥외주차장,37.4541,126.6159,24시간 이용가능,IN,신세계아이앤씨,신세계아이앤씨,1899-7495,2,2026-07-14 17:01:24,2026-07-14 16:57:41,2026-07-14 17:01:24,,,100.0,동시,28,28125,G0,G004,N,,Y,관계자 전용,Y,차지비 이관,N,2024,1,F,모던텍,IN032048_03,False,False,제물포구,제물포구,제물포구,False,True,True,False,False
인천항동물류센터,IN032048,4,4,인천광역시 제물포구 축항대로165번길 20,인천항동물류센터,옥외주차장,37.4541,126.6159,24시간 이용가능,IN,신세계아이앤씨,신세계아이앤씨,1899-7495,9,2026-07-16 09:41:15,2026-07-13 16:55:32,2026-07-14 02:21:16,,,100.0,동시,28,28125,G0,G004,N,,Y,관계자 전용,Y,차지비 이관,N,2024,1,F,모던텍,IN032048_04,False,False,제물포구,제물포구,제물포구,False,True,True,False,False
인천항동물류센터,IN032048,5,4,인천광역시 제물포구 축항대로165번길 20,인천항동물류센터,옥외주차장,37.4541,126.6159,24시간 이용가능,IN,신세계아이앤씨,신세계아이앤씨,1899-7495,3,2026-07-16 09:21:16,2026-07-14 10:26:39,2026-07-14 10:41:14,2026-07-16 09:06:53,,100.0,동시,28,28125,G0,G004,N,,Y,관계자 전용,Y,차지비 이관,N,2024,1,F,모던텍,IN032048_05,False,False,제물포구,제물포구,제물포구,False,True,True,False,False
LH인천본부,KP000261,1,6,인천광역시 남동구 논현로46번길 23,,,37.40090909875,126.7123238115,주중/주말 : 09시~18시,KP,한국전력공사,한국전력,,3,2026-07-16 09:10:05,2026-07-15 17:17:16,2026-07-15 18:35:39,2026-07-16 09:03:00,,50.0,,28,28125,A0,A003,Y,,N,,N,,N,2017,2,B,시그넷,KP000261_01,False,False,제물포구,남동구,남동구,True,False,False,True,True
LH인천본부,KP000261,2,6,인천광역시 남동구 논현로46번길 23,,,37.40090909875,126.7123238115,주중/주말 : 09시~18시,KP,한국전력공사,한국전력,,2,2026-07-15 04:40:22,2026-07-14 22:32:15,2026-07-14 22:32:26,,,50.0,,28,28125,A0,A003,Y,,N,,N,,N,2017,2,B,시그넷,KP000261_02,False,False,제물포구,남동구,남동구,True,False,False,True,True
구월아시아드선수촌센트럴자이 아파트,KP000837,1,6,인천광역시 남동구 구월동 선수촌로 55,,,37.4433503882,126.7124586022,24시간,KP,한국전력공사,한국전력,,9,2025-05-26 17:13:10,2025-03-17 02:06:38,2025-03-17 03:04:06,,,50.0,,28,28125,H0,H001,Y,,Y,시설 상황에 따라 이용이 제한될 수 있음,N,,N,2017,1,B,시그넷,KP000837_01,False,False,제물포구,남동구,남동구,True,False,True,True,True
구월아시아드선수촌센트럴자이 아파트,KP000837,2,2,인천광역시 남동구 구월동 선수촌로 55,,,37.4433503882,126.7124586022,24시간,KP,한국전력공사,한국전력,,9,2025-05-26 17:13:10,2025-03-17 00:52:17,2025-03-17 04:33:03,,,7.0,,28,28125,H0,H001,Y,,Y,시설 상황에 따라 이용이 제한될 수 있음,N,,N,2017,1,B,제원쏠라,KP000837_02,False,False,제물포구,남동구,남동구,True,False,True,True,True
구월아시아드선수촌센트럴자이 아파트,KP000837,3,2,인천광역시 남동구 구월동 선수촌로 55,,,37.4433503882,126.7124586022,24시간,KP,한국전력공사,한국전력,,9,2025-05-26 17:13:10,2025-03-13 18:57:40,2025-03-14 00:12:17,,,7.0,,28,28125,H0,H001,Y,,Y,시설 상황에 따라 이용이 제한될 수 있음,N,,N,2017,1,B,제원쏠라,KP000837_03,False,False,제물포구,남동구,남동구,True,False,True,True,True
구월아시아드선수촌센트럴자이 아파트,KP000837,4,2,인천광역시 남동구 구월동 선수촌로 55,,,37.4433503882,126.7124586022,24시간,KP,한국전력공사,한국전력,,9,2025-05-26 17:13:10,2025-02-11 12:39:30,2025-02-11 12:40:33,,,7.0,,28,28125,H0,H001,Y,,Y,시설 상황에 따라 이용이 제한될 수 있음,N,,N,2017,1,B,제원쏠라,KP000837_04,False,False,제물포구,남동구,남동구,True,False,True,True,True
서창 LH3단지 청아안,KP000838,1,6,인천광역시 남동구 서창동 서창남순환로 110,,,37.4301367627,126.746598716,24시간,KP,한국전력공사,한국전력,,9,2025-05-26 17:13:10,2024-02-19 16:21:49,2024-02-19 17:01:51,,,50.0,,28,28125,H0,H001,Y,,Y,시설 상황에 따라 이용이 제한될 수 있음,N,,N,2017,1,B,시그넷,KP000838_01,False,False,제물포구,남동구,남동구,True,False,True,True,True
서창 LH3단지 청아안,KP000838,2,2,인천광역시 남동구 서창동 서창남순환로 110,,,37.4301367627,126.746598716,24시간,KP,한국전력공사,한국전력,,9,2025-05-26 17:13:10,2024-02-19 23:47:08,2024-02-20 02:24:00,,,7.0,,28,28125,H0,H001,Y,,Y,시설 상황에 따라 이용이 제한될 수 있음,N,,N,2017,1,B,제원쏠라,KP000838_02,False,False,제물포구,남동구,남동구,True,False,True,True,True
서창 LH3단지 청아안,KP000838,3,2,인천광역시 남동구 서창동 서창남순환로 110,,,37.4301367627,126.746598716,24시간,KP,한국전력공사,한국전력,,9,2025-05-26 17:13:10,2024-02-19 17:16:53,2024-02-19 22:12:50,,,7.0,,28,28125,H0,H001,Y,,Y,시설 상황에 따라 이용이 제한될 수 있음,N,,N,2017,1,B,제원쏠라,KP000838_03,False,False,제물포구,남동구,남동구,True,False,True,True,True
에코메트로10단지,KP001026,1,6,인천광역시 남동구 논현동 아암대로1503번길 21,,,37.3912434841,126.7279614345,24시간,KP,한국전력공사,한국전력,,2,2026-07-15 04:40:10,2026-07-10 21:34:40,2026-07-10 23:03:36,,,50.0,,28,28125,H0,H001,Y,,Y,시설 상황에 따라 이용이 제한될 수 있음,N,,N,2017,1,B,시그넷,KP001026_01,False,False,제물포구,남동구,남동구,True,False,True,True,True
에코메트로10단지,KP001026,2,2,인천광역시 남동구 논현동 아암대로1503번길 21,,,37.3912434841,126.7279614345,24시간,KP,한국전력공사,한국전력,,2,2026-07-16 09:10:06,2026-07-15 18:34:55,2026-07-16 05:25:01,,,7.0,,28,28125,H0,H001,Y,,Y,시설 상황에 따라 이용이 제한될 수 있음,N,,N,2017,1,B,클린일렉스,KP001026_02,False,False,제물포구,남동구,남동구,True,False,True,True,True
논현힐스테이트 아파트,KP001379,1,6,인천광역시 남동구 논현동 논고개로68번길 49,,,37.4009713065,126.729715248,,KP,한국전력공사,한국전력,,2,2026-07-15 04:40:18,2026-07-11 12:33:58,2026-07-11 13:06:03,,,50.0,,28,28125,H0,H001,Y,,Y,시설 상황에 따라 이용이 제한될 수 있음,N,,N,2017,1,B,모던텍,KP001379_01,False,False,제물포구,남동구,남동구,True,False,True,True,True
논현힐스테이트 아파트,KP001379,2,2,인천광역시 남동구 논현동 논고개로68번길 49,,,37.4009713065,126.729715248,,KP,한국전력공사,한국전력,,2,2026-07-15 04:40:19,2026-07-09 22:39:34,2026-07-10 02:10:33,,,7.0,,28,28125,H0,H001,Y,,Y,시설 상황에 따라 이용이 제한될 수 있음,N,,N,2017,1,B,씨어스,KP001379_02,False,False,제물포구,남동구,남동구,True,False,True,True,True
논현힐스테이트 아파트,KP001379,3,2,인천광역시 남동구 논현동 논고개로68번길 49,,,37.4009713065,126.729715248,,KP,한국전력공사,한국전력,,2,2026-07-16 06:40:19,2026-07-02 17:00:26,2026-07-02 17:01:31,,,7.0,,28,28125,H0,H001,Y,,Y,시설 상황에 따라 이용이 제한될 수 있음,N,,N,2017,1,B,씨어스,KP001379_03,False,False,제물포구,남동구,남동구,True,False,True,True,True
논현힐스테이트 아파트,KP001379,4,2,인천광역시 남동구 논현동 논고개로68번길 49,,,37.4009713065,126.729715248,,KP,한국전력공사,한국전력,,2,2026-07-15 04:40:19,2026-07-02 17:03:15,2026-07-02 17:04:18,,,7.0,,28,28125,H0,H001,Y,,Y,시설 상황에 따라 이용이 제한될 수 있음,N,,N,2017,1,B,씨어스,KP001379_04,False,False,제물포구,남동구,남동구,True,False,True,True,True
만수영풍 아파트b단지,KP001381,1,2,인천광역시 남동구 만수동 백범로248번길 20,,,37.4615843907,126.7219783756,,KP,한국전력공사,한국전력,,9,2025-05-26 17:13:10,2023-09-08 11:20:35,2023-09-08 15:54:22,,,,,28,28125,H0,H001,Y,,Y,시설 상황에 따라 이용이 제한될 수 있음,N,,N,2017,1,B,씨어스,KP001381_01,False,False,제물포구,남동구,남동구,True,False,True,True,True
서창LH8단지 아파트,KP001382,1,6,인천광역시 남동구 서창동 서창남순환로 201,,,37.4259504422,126.7456638117,,KP,한국전력공사,한국전력,,3,2026-07-16 08:00:05,2026-07-13 15:09:43,2026-07-13 16:09:49,2026-07-16 07:55:11,,50.0,,28,28125,H0,H001,Y,,Y,시설 상황에 따라 이용이 제한될 수 있음,N,,N,2018,1,B,모던텍,KP001382_01,False,False,제물포구,남동구,남동구,True,False,True,True,True
서창LH8단지 아파트,KP001382,2,2,인천광역시 남동구 서창동 서창남순환로 201,,,37.4259504422,126.7456638117,,KP,한국전력공사,한국전력,,2,2026-07-15 23:20:20,2026-07-15 16:51:05,2026-07-15 23:07:41,,,7.0,,28,28125,H0,H001,Y,,Y,시설 상황에 따라 이용이 제한될 수 있음,N,,N,2017,1,B,씨어스,KP001382_02,False,False,제물포구,남동구,남동구,True,False,True,True,True
서창LH8단지 아파트,KP001382,3,2,인천광역시 남동구 서창동 서창남순환로 201,,,37.4259504422,126.7456638117,,KP,한국전력공사,한국전력,,2,2026-07-15 22:40:18,2026-07-15 18:07:14,2026-07-15 22:30:20,,,7.0,,28,28125,H0,H001,Y,,Y,시설 상황에 따라 이용이 제한될 수 있음,N,,N,2017,1,B,씨어스,KP001382_03,False,False,제물포구,남동구,남동구,True,False,True,True,True
서창LH8단지 아파트,KP001382,4,2,인천광역시 남동구 서창동 서창남순환로 201,,,37.4259504422,126.7456638117,,KP,한국전력공사,한국전력,,2,2026-07-16 02:50:19,2026-07-15 16:55:08,2026-07-16 02:37:51,,,7.0,,28,28125,H0,H001,Y,,Y,시설 상황에 따라 이용이 제한될 수 있음,N,,N,2017,1,B,씨어스,KP001382_04,False,False,제물포구,남동구,남동구,True,False,True,True,True
서창현대모닝사이드,KP001383,1,6,인천광역시 남동구 서창동 매소홀로 1103,,,37.4390311867,126.7464195714,,KP,한국전력공사,한국전력,,9,2025-05-26 17:13:10,2025-03-17 22:23:20,2025-03-17 22:43:06,,,50.0,,28,28125,H0,H001,Y,,Y,시설 상황에 따라 이용이 제한될 수 있음,N,,N,2018,,,시그넷,KP001383_01,False,False,제물포구,남동구,남동구,True,False,True,True,True
서창현대모닝사이드,KP001383,2,2,인천광역시 남동구 서창동 매소홀로 1103,,,37.4390311867,126.7464195714,,KP,한국전력공사,한국전력,,9,2025-05-26 17:13:10,2025-04-04 17:01:53,2025-04-04 23:26:11,,,7.0,,28,28125,H0,H001,Y,,Y,시설 상황에 따라 이용이 제한될 수 있음,N,,N,2017,,,씨어스,KP001383_02,False,False,제물포구,남동구,남동구,True,False,True,True,True
서창현대모닝사이드,KP001383,3,2,인천광역시 남동구 서창동 매소홀로 1103,,,37.4390311867,126.7464195714,,KP,한국전력공사,한국전력,,9,2025-05-26 17:13:10,2025-04-06 19:59:36,2025-04-07 03:14:33,,,7.0,,28,28125,H0,H001,Y,,Y,시설 상황에 따라 이용이 제한될 수 있음,N,,N,2017,,,씨어스,KP001383_03,False,False,제물포구,남동구,남동구,True,False,True,True,True
서창현대모닝사이드,KP001383,4,2,인천광역시 남동구 서창동 매소홀로 1103,,,37.4390311867,126.7464195714,,KP,한국전력공사,한국전력,,9,2025-05-26 17:13:10,2025-04-06 01:57:30,2025-04-06 06:42:40,,,7.0,,28,28125,H0,H001,Y,,Y,시설 상황에 따라 이용이 제한될 수 있음,N,,N,2017,,,씨어스,KP001383_04,False,False,제물포구,남동구,남동구,True,False,True,True,True
에코메트로3차더타워 아파트,KP001394,1,6,인천광역시 남동구 논현동 소래역남로 40,,,37.4000506589,126.7321761055,,KP,한국전력공사,한국전력,,2,2026-07-16 09:00:25,2026-07-16 04:45:47,2026-07-16 05:45:52,,,50.0,,28,28125,H0,H001,Y,,Y,시설 상황에 따라 이용이 제한될 수 있음,N,,N,2018,1,B,모던텍,KP001394_01,False,False,제물포구,남동구,남동구,True,False,True,True,True
에코메트로3차더타워 아파트,KP001394,2,2,인천광역시 남동구 논현동 소래역남로 40,,,37.4000506589,126.7321761055,,KP,한국전력공사,한국전력,,2,2026-07-16 09:30:21,2026-07-15 22:25:44,2026-07-16 09:20:51,,,7.0,,28,28125,H0,H001,Y,,Y,시설 상황에 따라 이용이 제한될 수 있음,N,,N,2017,1,B,씨어스,KP001394_02,False,False,제물포구,남동구,남동구,True,False,True,True,True
에코메트로3차더타워 아파트,KP001394,3,2,인천광역시 남동구 논현동 소래역남로 40,,,37.4000506589,126.7321761055,,KP,한국전력공사,한국전력,,5,2026-07-15 04:40:04,2026-07-02 17:43:06,2026-07-02 23:48:43,,,7.0,,28,28125,H0,H001,Y,,Y,시설 상황에 따라 이용이 제한될 수 있음,N,,N,2017,1,B,씨어스,KP001394_03,False,False,제물포구,남동구,남동구,True,False,True,True,True
에코메트로3차더타워 아파트,KP001394,4,2,인천광역시 남동구 논현동 소래역남로 40,,,37.4000506589,126.7321761055,,KP,한국전력공사,한국전력,,2,2026-07-15 22:00:21,2026-07-15 19:22:53,2026-07-15 21:54:35,,,7.0,,28,28125,H0,H001,Y,,Y,시설 상황에 따라 이용이 제한될 수 있음,N,,N,2017,1,B,씨어스,KP001394_04,False,False,제물포구,남동구,남동구,True,False,True,True,True
에코메트로한화12단지관리소,KP001865,1,6,인천광역시 남동구 논현동 논고개로 10,,,37.3978772427,126.7337016952,,KP,한국전력공사,한국전력,,2,2026-07-15 04:40:18,2026-07-14 17:21:15,2026-07-14 17:54:48,,,50.0,,28,28125,H0,H001,Y,,Y,시설 상황에 따라 이용이 제한될 수 있음,N,,N,2018,1,B,모던텍,KP001865_01,False,False,제물포구,남동구,남동구,True,False,True,True,True
에코메트로한화12단지관리소,KP001865,2,2,인천광역시 남동구 논현동 논고개로 10,,,37.3978772427,126.7337016952,,KP,한국전력공사,한국전력,,2,2026-07-15 04:40:22,2026-07-08 20:15:17,2026-07-08 23:21:27,,,7.0,,28,28125,H0,H001,Y,,Y,시설 상황에 따라 이용이 제한될 수 있음,N,,N,2017,1,B,제원쏠라,KP001865_02,False,False,제물포구,남동구,남동구,True,False,True,True,True
에코메트로한화12단지관리소,KP001865,3,2,인천광역시 남동구 논현동 논고개로 10,,,37.3978772427,126.7337016952,,KP,한국전력공사,한국전력,,2,2026-07-15 04:40:22,2026-06-23 21:57:15,2026-06-24 02:43:18,,,7.0,,28,28125,H0,H001,Y,,Y,시설 상황에 따라 이용이 제한될 수 있음,N,,N,2017,1,B,제원쏠라,KP001865_03,False,False,제물포구,남동구,남동구,True,False,True,True,True
에코메트로한화12단지관리소,KP001865,4,2,인천광역시 남동구 논현동 논고개로 10,,,37.3978772427,126.7337016952,,KP,한국전력공사,한국전력,,2,2026-07-15 20:10:21,2026-07-14 17:16:31,2026-07-14 17:17:07,,,7.0,,28,28125,H0,H001,Y,,Y,시설 상황에 따라 이용이 제한될 수 있음,N,,N,2017,1,B,제원쏠라,KP001865_04,False,False,제물포구,남동구,남동구,True,False,True,True,True
에코메트로한화12단지관리소,KP001865,5,2,인천광역시 남동구 논현동 논고개로 10,,,37.3978772427,126.7337016952,,KP,한국전력공사,한국전력,,2,2026-07-16 07:20:24,2026-07-15 19:51:35,2026-07-16 02:37:41,,,7.0,,28,28125,H0,H001,Y,,Y,시설 상황에 따라 이용이 제한될 수 있음,N,,N,2017,1,B,제원쏠라,KP001865_05,False,False,제물포구,남동구,남동구,True,False,True,True,True
구월힐스테이트1단지,KP002290,1,6,인천광역시 남동구 구월동 구월로 192,,,37.45648219,126.7104372005,,KP,한국전력공사,한국전력,,2,2026-07-15 22:00:18,2026-07-15 20:57:12,2026-07-15 21:54:08,,,50.0,,28,28125,H0,H001,Y,,Y,시설 상황에 따라 이용이 제한될 수 있음,N,,N,2017,1,B,모던텍,KP002290_01,False,False,제물포구,남동구,남동구,True,False,True,True,True
구월힐스테이트1단지,KP002290,2,6,인천광역시 남동구 구월동 구월로 192,,,37.45648219,126.7104372005,,KP,한국전력공사,한국전력,,2,2026-07-15 16:30:20,2026-05-28 12:00:44,2026-05-28 12:44:54,,,50.0,,28,28125,H0,H001,Y,,Y,시설 상황에 따라 이용이 제한될 수 있음,N,,N,2017,1,B,중앙제어,KP002290_02,False,False,제물포구,남동구,남동구,True,False,True,True,True
구월힐스테이트1단지,KP002290,3,2,인천광역시 남동구 구월동 구월로 192,,,37.45648219,126.7104372005,,KP,한국전력공사,한국전력,,2,2026-07-15 16:30:18,2026-07-15 16:27:52,2026-07-15 16:28:56,,,7.0,,28,28125,H0,H001,Y,,Y,시설 상황에 따라 이용이 제한될 수 있음,N,,N,2017,1,B,제원쏠라,KP002290_03,False,False,제물포구,남동구,남동구,True,False,True,True,True
한화에코메트로5단지아파트,KP002291,1,6,인천광역시 남동구 논현동 소래역남로 39,,,37.3985556399,126.7308849126,,KP,한국전력공사,한국전력,,3,2026-07-15 23:40:06,2026-07-14 23:26:06,2026-07-14 23:56:50,2026-07-15 23:30:52,,50.0,,28,28125,H0,H001,Y,,Y,시설 상황에 따라 이용이 제한될 수 있음,N,,N,2017,1,B,중앙제어,KP002291_01,False,False,제물포구,남동구,남동구,True,False,True,True,True
한화에코메트로5단지아파트,KP002291,2,2,인천광역시 남동구 논현동 소래역남로 39,,,37.3985556399,126.7308849126,,KP,한국전력공사,한국전력,,2,2026-07-16 08:00:20,2026-07-15 23:40:03,2026-07-16 03:35:00,,,7.0,,28,28125,H0,H001,Y,,Y,시설 상황에 따라 이용이 제한될 수 있음,N,,N,2018,1,B,클린일렉스,KP002291_02,False,False,제물포구,남동구,남동구,True,False,True,True,True
한화에코메트로5단지아파트,KP002291,3,2,인천광역시 남동구 논현동 소래역남로 39,,,37.3985556399,126.7308849126,,KP,한국전력공사,한국전력,,2,2026-07-15 08:00:11,2026-07-14 22:03:47,2026-07-15 04:40:01,,,7.0,,28,28125,H0,H001,Y,,Y,시설 상황에 따라 이용이 제한될 수 있음,N,,N,2018,1,B,클린일렉스,KP002291_03,False,False,제물포구,남동구,남동구,True,False,True,True,True
서창 서해그랑블,KP002385,1,6,인천광역시 남동구 서창동 독곡로48번길 9,,,37.4351151094,126.7471333321,,KP,한국전력공사,한국전력,,9,2025-05-26 17:13:10,2024-06-17 12:51:43,2024-06-17 12:51:48,,,50.0,,28,28125,H0,H001,Y,,Y,시설 상황에 따라 이용이 제한될 수 있음,N,,N,2017,1,B,중앙제어,KP002385_01,False,False,제물포구,남동구,남동구,True,False,True,True,True
서창 서해그랑블,KP002385,2,2,인천광역시 남동구 서창동 독곡로48번길 9,,,37.4351151094,126.7471333321,,KP,한국전력공사,한국전력,,9,2025-05-26 17:13:10,2024-10-20 15:55:23,2024-10-20 22:54:19,,,7.0,,28,28125,H0,H001,Y,,Y,시설 상황에 따라 이용이 제한될 수 있음,N,,N,2017,1,B,도암엔지니어링,KP002385_02,False,False,제물포구,남동구,남동구,True,False,True,True,True
서창 서해그랑블,KP002385,3,2,인천광역시 남동구 서창동 독곡로48번길 9,,,37.4351151094,126.7471333321,,KP,한국전력공사,한국전력,,9,2025-05-26 17:13:10,2024-10-20 22:40:37,2024-10-21 05:35:39,,,7.0,,28,28125,H0,H001,Y,,Y,시설 상황에 따라 이용이 제한될 수 있음,N,,N,2017,1,B,도암엔지니어링,KP002385_03,False,False,제물포구,남동구,남동구,True,False,True,True,True
구월 아시아드선수촌 1단지,KP002650,1,2,인천광역시 남동구 구월동 선수촌공원로 85,,,37.4466175099,126.7117409235,,KP,한국전력공사,한국전력,,9,2025-07-26 23:08:10,2025-07-26 18:13:14,2025-07-26 19:13:21,,,50.0,,28,28125,H0,H001,Y,,Y,시설 상황에 따라 이용이 제한될 수 있음,N,,N,2018,1,B,주식회사AFT,KP002650_01,False,False,제물포구,남동구,남동구,True,False,True,True,True
구월 아시아드선수촌 1단지,KP002650,2,2,인천광역시 남동구 구월동 선수촌공원로 85,,,37.4466175099,126.7117409235,,KP,한국전력공사,한국전력,,9,2025-07-26 23:03:10,2025-07-25 18:32:28,2025-07-26 01:00:01,,,7.0,,28,28125,H0,H001,Y,,Y,시설 상황에 따라 이용이 제한될 수 있음,N,,N,2018,1,B,주식회사AFT,KP002650_02,False,False,제물포구,남동구,남동구,True,False,True,True,True
구월 아시아드선수촌 1단지,KP002650,3,2,인천광역시 남동구 구월동 선수촌공원로 85,,,37.4466175099,126.7117409235,,KP,한국전력공사,한국전력,,9,2025-07-26 23:08:10,2025-07-25 18:09:03,2025-07-25 20:40:01,,,7.0,,28,28125,H0,H001,Y,,Y,시설 상황에 따라 이용이 제한될 수 있음,N,,N,2018,1,B,주식회사AFT,KP002650_03,False,False,제물포구,남동구,남동구,True,False,True,True,True
구월 아시아드선수촌 1단지,KP002650,4,6,인천광역시 남동구 구월동 선수촌공원로 85,,,37.4466175099,126.7117409235,,KP,한국전력공사,한국전력,,9,2025-07-26 23:03:10,2025-07-26 15:46:16,2025-07-26 18:25:01,,,7.0,,28,28125,H0,H001,Y,,Y,시설 상황에 따라 이용이 제한될 수 있음,N,,N,2018,1,B,모던텍,KP002650_04,False,False,제물포구,남동구,남동구,True,False,True,True,True
구월아시아드선수촌6단지,KP002673,1,2,인천광역시 남동구 구월동 선수촌로 27,,,37.4414808168,126.71284092,,KP,한국전력공사,한국전력,,9,2026-07-12 23:43:10,2026-07-10 20:22:26,2026-07-10 20:55:26,,,50.0,,28,28125,H0,H001,Y,,Y,시설 상황에 따라 이용이 제한될 수 있음,N,,N,2018,1,B,주식회사AFT,KP002673_01,False,False,제물포구,남동구,남동구,True,False,True,True,True
구월아시아드선수촌6단지,KP002673,2,6,인천광역시 남동구 구월동 선수촌로 27,,,37.4414808168,126.71284092,,KP,한국전력공사,한국전력,,9,2026-07-12 23:43:10,2026-07-09 16:33:37,2026-07-09 16:35:39,,,7.0,,28,28125,H0,H001,Y,,Y,시설 상황에 따라 이용이 제한될 수 있음,N,,N,2018,1,B,모던텍,KP002673_02,False,False,제물포구,남동구,남동구,True,False,True,True,True
인천 부평구 산곡1동현대아파트,PIS00394,1,2,인천광역시 부평구 원적로269번길 15,,105동 지상주차장,35.5057,126.6941,24시간 이용가능,PI,GS차지비,GS차지비,1544-4279,3,2026-07-15 21:53:28,2026-07-15 21:48:49,2026-07-15 04:54:16,2026-07-15 21:53:28,,7.0,단독,28,28237,H0,H001,Y,,Y,입주자 전용,N,,N,2024,1,F,에바,PIS00394_01,False,True,부평구,부평구,부평구,False,False,True,True,False
인천 부평구 산곡1동현대아파트,PIS00394,2,2,인천광역시 부평구 원적로269번길 15,,105동 지상주차장,35.5057,126.6941,24시간 이용가능,PI,GS차지비,GS차지비,1544-4279,2,2026-07-16 05:18:11,2026-07-15 22:55:14,2026-07-16 03:41:07,,,7.0,단독,28,28237,H0,H001,Y,,Y,입주자 전용,N,,N,2024,1,F,에바,PIS00394_02,False,True,부평구,부평구,부평구,False,False,True,True,False
인천 부평구 산곡1동현대아파트,PIS00394,3,2,인천광역시 부평구 원적로269번길 15,,105동 지상주차장,35.5057,126.6941,24시간 이용가능,PI,GS차지비,GS차지비,1544-4279,2,2026-07-16 09:28:42,2026-07-15 15:31:53,2026-07-16 01:14:44,,,7.0,단독,28,28237,H0,H001,Y,,Y,입주자 전용,N,,N,2024,1,F,에바,PIS00394_03,False,True,부평구,부평구,부평구,False,False,True,True,False
